1,2919,122.00,708.00,44.00,100.00,1,-1,-1,-1
1,2920,542.00,554.00,34.00,90.00,1,-1,-1,-1
1,2921,1519.00,560.00,50.00,117.00,1,-1,-1,-1
1,2922,1373.00,519.00,34.00,93.00,1,-1,-1,-1
1,2923,500.00,550.00,35.00,89.00,1,-1,-1,-1
1,2924,1609.00,560.00,54.00,121.00,1,-1,-1,-1
1,2925,1446.00,504.00,29.00,81.00,1,-1,-1,-1
1,2926,1475.00,515.00,39.00,83.00,1,-1,-1,-1
1,2927,268.00,586.00,50.00,145.00,1,-1,-1,-1
1,2928,1074.00,485.00,17.00,38.00,1,-1,-1,-1
1,2929,649.00,528.00,26.00,69.00,1,-1,-1,-1
1,2930,-6.00,680.00,62.00,198.00,1,-1,-1,-1
1,2931,787.00,505.00,17.00,45.00,1,-1,-1,-1
1,2932,1185.00,488.00,14.00,33.00,1,-1,-1,-1
1,2933,674.00,523.00,23.00,57.00,1,-1,-1,-1
1,2934,826.00,508.00,18.00,47.00,1,-1,-1,-1
1,2935,772.00,501.00,18.00,49.00,1,-1,-1,-1
1,2936,188.00,579.00,54.00,144.00,1,-1,-1,-1
1,2937,635.00,532.00,22.00,60.00,1,-1,-1,-1
2,2919,112.00,701.00,43.00,97.00,1,-1,-1,-1
2,2920,543.00,541.00,33.00,87.00,1,-1,-1,-1
2,2921,1531.00,558.00,53.00,121.00,1,-1,-1,-1
2,2922,1375.00,512.00,35.00,96.00,1,-1,-1,-1
2,2923,498.00,538.00,37.00,94.00,1,-1,-1,-1
2,2924,1613.00,556.00,57.00,126.00,1,-1,-1,-1
2,2925,1449.00,504.00,29.00,79.00,1,-1,-1,-1
2,2926,1481.00,515.00,37.00,77.00,1,-1,-1,-1
2,2927,266.00,573.00,50.00,146.00,1,-1,-1,-1
2,2928,1072.00,482.00,15.00,35.00,1,-1,-1,-1
2,2929,648.00,521.00,26.00,69.00,1,-1,-1,-1
2,2930,-22.00,658.00,69.00,224.00,1,-1,-1,-1
2,2931,789.00,497.00,19.00,50.00,1,-1,-1,-1
2,2932,1184.00,486.00,14.00,35.00,1,-1,-1,-1
2,2933,674.00,514.00,25.00,60.00,1,-1,-1,-1
2,2934,825.00,500.00,19.00,47.00,1,-1,-1,-1
2,2935,775.00,499.00,18.00,47.00,1,-1,-1,-1
2,2936,176.00,565.00,57.00,151.00,1,-1,-1,-1
2,2937,633.00,525.00,23.00,59.00,1,-1,-1,-1
3,2919,104.00,718.00,42.00,98.00,1,-1,-1,-1
3,2920,543.00,548.00,33.00,85.00,1,-1,-1,-1
3,2921,1532.00,550.00,53.00,122.00,1,-1,-1,-1
3,2922,1379.00,511.00,35.00,96.00,1,-1,-1,-1
3,2923,499.00,547.00,37.00,94.00,1,-1,-1,-1
3,2924,1621.00,549.00,57.00,127.00,1,-1,-1,-1
3,2925,1453.00,500.00,29.00,80.00,1,-1,-1,-1
3,2926,1486.00,514.00,35.00,74.00,1,-1,-1,-1
3,2927,252.00,588.00,53.00,152.00,1,-1,-1,-1
3,2928,1073.00,482.00,17.00,39.00,1,-1,-1,-1
3,2929,645.00,525.00,27.00,73.00,1,-1,-1,-1
3,2931,789.00,509.00,18.00,44.00,1,-1,-1,-1
3,2932,1182.00,485.00,15.00,36.00,1,-1,-1,-1
3,2933,679.00,525.00,21.00,52.00,1,-1,-1,-1
3,2934,827.00,507.00,18.00,45.00,1,-1,-1,-1
3,2935,775.00,504.00,18.00,47.00,1,-1,-1,-1
3,2936,168.00,585.00,56.00,150.00,1,-1,-1,-1
4,2919,93.00,722.00,44.00,99.00,1,-1,-1,-1
4,2920,540.00,548.00,34.00,88.00,1,-1,-1,-1
4,2921,1543.00,555.00,52.00,120.00,1,-1,-1,-1
4,2922,1376.00,507.00,38.00,102.00,1,-1,-1,-1
4,2923,500.00,548.00,35.00,88.00,1,-1,-1,-1
4,2924,1634.00,550.00,59.00,132.00,1,-1,-1,-1
4,2925,1457.00,498.00,30.00,80.00,1,-1,-1,-1
4,2926,1490.00,510.00,36.00,75.00,1,-1,-1,-1
4,2927,252.00,599.00,51.00,146.00,1,-1,-1,-1
4,2928,1075.00,480.00,17.00,38.00,1,-1,-1,-1
4,2929,649.00,527.00,27.00,73.00,1,-1,-1,-1
4,2931,792.00,507.00,18.00,45.00,1,-1,-1,-1
4,2932,1188.00,483.00,14.00,35.00,1,-1,-1,-1
4,2933,675.00,522.00,25.00,59.00,1,-1,-1,-1
4,2934,828.00,509.00,18.00,46.00,1,-1,-1,-1
4,2935,778.00,506.00,17.00,45.00,1,-1,-1,-1
4,2936,162.00,586.00,56.00,151.00,1,-1,-1,-1
4,2937,637.00,526.00,27.00,72.00,1,-1,-1,-1
5,2919,78.00,719.00,44.00,99.00,1,-1,-1,-1
5,2920,543.00,551.00,33.00,86.00,1,-1,-1,-1
5,2921,1550.00,564.00,52.00,119.00,1,-1,-1,-1
5,2922,1380.00,515.00,36.00,99.00,1,-1,-1,-1
5,2923,493.00,540.00,37.00,93.00,1,-1,-1,-1
5,2924,1641.00,558.00,60.00,131.00,1,-1,-1,-1
5,2925,1461.00,503.00,30.00,80.00,1,-1,-1,-1
5,2926,1493.00,514.00,37.00,79.00,1,-1,-1,-1
5,2927,243.00,597.00,49.00,142.00,1,-1,-1,-1
5,2928,1074.00,485.00,16.00,35.00,1,-1,-1,-1
5,2929,651.00,526.00,26.00,70.00,1,-1,-1,-1
5,2931,794.00,505.00,18.00,45.00,1,-1,-1,-1
5,2932,1191.00,484.00,15.00,35.00,1,-1,-1,-1
5,2933,675.00,517.00,27.00,65.00,1,-1,-1,-1
5,2934,827.00,507.00,18.00,46.00,1,-1,-1,-1
5,2935,780.00,507.00,16.00,43.00,1,-1,-1,-1
5,2936,155.00,586.00,55.00,149.00,1,-1,-1,-1
5,2937,636.00,525.00,27.00,70.00,1,-1,-1,-1
6,2919,62.00,728.00,46.00,106.00,1,-1,-1,-1
6,2920,540.00,557.00,34.00,88.00,1,-1,-1,-1
6,2921,1557.00,572.00,52.00,119.00,1,-1,-1,-1
6,2922,1388.00,523.00,36.00,99.00,1,-1,-1,-1
6,2923,494.00,549.00,38.00,95.00,1,-1,-1,-1
6,2924,1650.00,569.00,58.00,127.00,1,-1,-1,-1
6,2925,1467.00,513.00,28.00,76.00,1,-1,-1,-1
6,2926,1499.00,525.00,36.00,79.00,1,-1,-1,-1
6,2927,238.00,602.00,51.00,146.00,1,-1,-1,-1
6,2929,650.00,530.00,29.00,76.00,1,-1,-1,-1
6,2931,795.00,513.00,18.00,44.00,1,-1,-1,-1
6,2933,676.00,523.00,27.00,66.00,1,-1,-1,-1
6,2934,827.00,516.00,19.00,46.00,1,-1,-1,-1
6,2935,776.00,509.00,19.00,49.00,1,-1,-1,-1
6,2936,144.00,589.00,55.00,149.00,1,-1,-1,-1
6,2937,636.00,531.00,28.00,73.00,1,-1,-1,-1
7,2919,49.00,735.00,47.00,106.00,1,-1,-1,-1
7,2920,537.00,558.00,33.00,88.00,1,-1,-1,-1
7,2921,1560.00,572.00,54.00,126.00,1,-1,-1,-1
7,2922,1391.00,522.00,37.00,101.00,1,-1,-1,-1
7,2923,495.00,550.00,37.00,93.00,1,-1,-1,-1
7,2924,1657.00,566.00,61.00,135.00,1,-1,-1,-1
7,2925,1469.00,511.00,28.00,76.00,1,-1,-1,-1
7,2926,1501.00,520.00,38.00,81.00,1,-1,-1,-1
7,2927,231.00,602.00,51.00,147.00,1,-1,-1,-1
7,2929,651.00,531.00,26.00,70.00,1,-1,-1,-1
7,2931,794.00,511.00,19.00,47.00,1,-1,-1,-1
7,2933,678.00,523.00,27.00,66.00,1,-1,-1,-1
7,2934,827.00,512.00,19.00,48.00,1,-1,-1,-1
7,2935,775.00,505.00,19.00,49.00,1,-1,-1,-1
7,2936,133.00,589.00,57.00,152.00,1,-1,-1,-1
7,2937,637.00,531.00,25.00,67.00,1,-1,-1,-1
7,2928,1073.00,491.00,16.00,34.00,1,-1,-1,-1
7,2932,1197.00,488.00,15.00,36.00,1,-1,-1,-1
8,2919,35.00,745.00,46.00,105.00,1,-1,-1,-1
8,2920,534.00,558.00,34.00,90.00,1,-1,-1,-1
8,2921,1567.00,577.00,54.00,124.00,1,-1,-1,-1
8,2922,1393.00,532.00,35.00,95.00,1,-1,-1,-1
8,2923,493.00,555.00,37.00,94.00,1,-1,-1,-1
8,2924,1665.00,577.00,59.00,130.00,1,-1,-1,-1
8,2925,1471.00,514.00,30.00,80.00,1,-1,-1,-1
8,2926,1506.00,527.00,40.00,87.00,1,-1,-1,-1
8,2927,221.00,610.00,49.00,140.00,1,-1,-1,-1
8,2929,647.00,534.00,28.00,73.00,1,-1,-1,-1
8,2931,794.00,513.00,19.00,49.00,1,-1,-1,-1
8,2933,678.00,528.00,27.00,66.00,1,-1,-1,-1
8,2934,827.00,516.00,18.00,46.00,1,-1,-1,-1
8,2935,778.00,509.00,20.00,49.00,1,-1,-1,-1
8,2936,127.00,600.00,56.00,149.00,1,-1,-1,-1
8,2937,634.00,540.00,24.00,63.00,1,-1,-1,-1
8,2928,1078.00,495.00,15.00,33.00,1,-1,-1,-1
8,2932,1194.00,496.00,16.00,36.00,1,-1,-1,-1
9,2919,17.00,746.00,48.00,109.00,1,-1,-1,-1
9,2920,536.00,560.00,33.00,87.00,1,-1,-1,-1
9,2921,1576.00,589.00,51.00,119.00,1,-1,-1,-1
9,2922,1396.00,535.00,36.00,100.00,1,-1,-1,-1
9,2923,490.00,557.00,36.00,91.00,1,-1,-1,-1
9,2924,1673.00,580.00,64.00,140.00,1,-1,-1,-1
9,2925,1475.00,518.00,31.00,81.00,1,-1,-1,-1
9,2926,1511.00,534.00,38.00,81.00,1,-1,-1,-1
9,2927,211.00,602.00,53.00,148.00,1,-1,-1,-1
9,2929,646.00,534.00,27.00,74.00,1,-1,-1,-1
9,2931,796.00,517.00,16.00,41.00,1,-1,-1,-1
9,2933,678.00,529.00,26.00,63.00,1,-1,-1,-1
9,2934,827.00,516.00,18.00,46.00,1,-1,-1,-1
9,2935,778.00,510.00,18.00,47.00,1,-1,-1,-1
9,2936,115.00,588.00,60.00,160.00,1,-1,-1,-1
9,2937,631.00,542.00,25.00,64.00,1,-1,-1,-1
9,2928,1077.00,500.00,14.00,31.00,1,-1,-1,-1
9,2932,1195.00,496.00,16.00,39.00,1,-1,-1,-1
9,2941,1280.00,504.00,21.00,45.00,1,-1,-1,-1
10,2919,2.00,743.00,47.00,107.00,1,-1,-1,-1
10,2920,530.00,553.00,33.00,90.00,1,-1,-1,-1
10,2921,1577.00,597.00,53.00,124.00,1,-1,-1,-1
10,2922,1397.00,542.00,37.00,100.00,1,-1,-1,-1
10,2923,487.00,551.00,37.00,94.00,1,-1,-1,-1
10,2924,1675.00,593.00,63.00,138.00,1,-1,-1,-1
10,2925,1477.00,529.00,30.00,78.00,1,-1,-1,-1
10,2926,1514.00,546.00,35.00,76.00,1,-1,-1,-1
10,2927,193.00,597.00,54.00,153.00,1,-1,-1,-1
10,2929,645.00,532.00,27.00,73.00,1,-1,-1,-1
10,2931,795.00,515.00,16.00,43.00,1,-1,-1,-1
10,2933,679.00,529.00,24.00,59.00,1,-1,-1,-1
10,2934,830.00,516.00,18.00,45.00,1,-1,-1,-1
10,2935,776.00,509.00,19.00,51.00,1,-1,-1,-1
10,2936,103.00,583.00,57.00,152.00,1,-1,-1,-1
10,2937,628.00,538.00,25.00,66.00,1,-1,-1,-1
10,2928,1081.00,503.00,13.00,30.00,1,-1,-1,-1
10,2932,1196.00,502.00,16.00,36.00,1,-1,-1,-1
10,2941,1283.00,507.00,22.00,49.00,1,-1,-1,-1
10,2942,1465.00,516.00,22.00,46.00,1,-1,-1,-1
10,2943,613.00,517.00,31.00,80.00,1,-1,-1,-1
11,2919,-14.00,753.00,45.00,109.00,1,-1,-1,-1
11,2920,529.00,558.00,34.00,89.00,1,-1,-1,-1
11,2921,1587.00,591.00,54.00,125.00,1,-1,-1,-1
11,2922,1401.00,538.00,37.00,101.00,1,-1,-1,-1
11,2923,483.00,552.00,37.00,97.00,1,-1,-1,-1
11,2924,1680.00,590.00,64.00,138.00,1,-1,-1,-1
11,2925,1481.00,525.00,29.00,77.00,1,-1,-1,-1
11,2926,1517.00,541.00,37.00,78.00,1,-1,-1,-1
11,2927,188.00,607.00,53.00,150.00,1,-1,-1,-1
11,2929,643.00,532.00,28.00,76.00,1,-1,-1,-1
11,2931,795.00,514.00,18.00,45.00,1,-1,-1,-1
11,2933,675.00,527.00,29.00,69.00,1,-1,-1,-1
11,2934,830.00,518.00,17.00,43.00,1,-1,-1,-1
11,2935,774.00,508.00,19.00,49.00,1,-1,-1,-1
11,2936,90.00,611.00,53.00,141.00,1,-1,-1,-1
11,2937,626.00,540.00,25.00,64.00,1,-1,-1,-1
11,2928,1076.00,498.00,15.00,33.00,1,-1,-1,-1
11,2932,1197.00,498.00,15.00,36.00,1,-1,-1,-1
11,2941,1286.00,505.00,20.00,46.00,1,-1,-1,-1
11,2942,1461.00,506.00,20.00,42.00,1,-1,-1,-1
11,2943,614.00,527.00,29.00,75.00,1,-1,-1,-1
12,2920,529.00,561.00,34.00,88.00,1,-1,-1,-1
12,2921,1593.00,591.00,58.00,134.00,1,-1,-1,-1
12,2922,1404.00,539.00,36.00,99.00,1,-1,-1,-1
12,2923,485.00,555.00,36.00,94.00,1,-1,-1,-1
12,2924,1685.00,586.00,67.00,148.00,1,-1,-1,-1
12,2925,1480.00,523.00,31.00,83.00,1,-1,-1,-1
12,2926,1521.00,541.00,37.00,80.00,1,-1,-1,-1
12,2927,182.00,610.00,54.00,152.00,1,-1,-1,-1
12,2929,643.00,534.00,27.00,74.00,1,-1,-1,-1
12,2931,795.00,515.00,18.00,47.00,1,-1,-1,-1
12,2933,676.00,532.00,26.00,64.00,1,-1,-1,-1
12,2934,827.00,521.00,18.00,45.00,1,-1,-1,-1
12,2935,771.00,511.00,19.00,50.00,1,-1,-1,-1
12,2936,82.00,602.00,57.00,149.00,1,-1,-1,-1
12,2937,624.00,543.00,24.00,64.00,1,-1,-1,-1
12,2928,1074.00,501.00,15.00,31.00,1,-1,-1,-1
12,2932,1194.00,500.00,16.00,37.00,1,-1,-1,-1
12,2941,1285.00,504.00,21.00,46.00,1,-1,-1,-1
12,2942,1464.00,507.00,19.00,41.00,1,-1,-1,-1
13,2920,529.00,554.00,33.00,85.00,1,-1,-1,-1
13,2921,1598.00,591.00,58.00,136.00,1,-1,-1,-1
13,2922,1408.00,538.00,35.00,97.00,1,-1,-1,-1
13,2923,484.00,547.00,35.00,93.00,1,-1,-1,-1
13,2924,1690.00,587.00,66.00,145.00,1,-1,-1,-1
13,2925,1481.00,525.00,31.00,82.00,1,-1,-1,-1
13,2926,1523.00,541.00,37.00,80.00,1,-1,-1,-1
13,2927,172.00,601.00,56.00,156.00,1,-1,-1,-1
13,2929,641.00,526.00,26.00,72.00,1,-1,-1,-1
13,2931,795.00,510.00,16.00,42.00,1,-1,-1,-1
13,2933,674.00,522.00,29.00,70.00,1,-1,-1,-1
13,2934,829.00,512.00,18.00,46.00,1,-1,-1,-1
13,2935,772.00,507.00,19.00,49.00,1,-1,-1,-1
13,2937,623.00,536.00,25.00,64.00,1,-1,-1,-1
13,2928,1075.00,497.00,14.00,30.00,1,-1,-1,-1
13,2932,1196.00,498.00,15.00,36.00,1,-1,-1,-1
13,2941,1285.00,500.00,21.00,47.00,1,-1,-1,-1
14,2920,524.00,555.00,35.00,90.00,1,-1,-1,-1
14,2921,1605.00,589.00,59.00,137.00,1,-1,-1,-1
14,2922,1409.00,536.00,37.00,100.00,1,-1,-1,-1
14,2923,479.00,547.00,37.00,96.00,1,-1,-1,-1
14,2924,1699.00,581.00,68.00,150.00,1,-1,-1,-1
14,2925,1484.00,519.00,31.00,83.00,1,-1,-1,-1
14,2926,1524.00,532.00,41.00,88.00,1,-1,-1,-1
14,2927,160.00,600.00,58.00,161.00,1,-1,-1,-1
14,2929,643.00,530.00,26.00,69.00,1,-1,-1,-1
14,2931,795.00,508.00,16.00,42.00,1,-1,-1,-1
14,2933,675.00,525.00,28.00,66.00,1,-1,-1,-1
14,2934,829.00,514.00,18.00,46.00,1,-1,-1,-1
14,2935,770.00,505.00,19.00,48.00,1,-1,-1,-1
14,2937,628.00,536.00,24.00,64.00,1,-1,-1,-1
14,2928,1072.00,493.00,14.00,30.00,1,-1,-1,-1
14,2932,1196.00,494.00,16.00,40.00,1,-1,-1,-1
14,2941,1287.00,499.00,21.00,45.00,1,-1,-1,-1
14,2946,1464.00,504.00,31.00,63.00,1,-1,-1,-1
14,2943,614.00,536.00,25.00,66.00,1,-1,-1,-1
14,2936,56.00,593.00,60.00,157.00,1,-1,-1,-1
14,2942,1465.00,504.00,20.00,43.00,1,-1,-1,-1
15,2920,522.00,552.00,35.00,92.00,1,-1,-1,-1
15,2921,1615.00,593.00,59.00,135.00,1,-1,-1,-1
15,2922,1414.00,534.00,36.00,99.00,1,-1,-1,-1
15,2923,478.00,547.00,37.00,97.00,1,-1,-1,-1
15,2924,1712.00,586.00,65.00,143.00,1,-1,-1,-1
15,2925,1490.00,518.00,32.00,82.00,1,-1,-1,-1
15,2926,1528.00,527.00,44.00,97.00,1,-1,-1,-1
15,2927,149.00,600.00,58.00,160.00,1,-1,-1,-1
15,2929,641.00,529.00,26.00,70.00,1,-1,-1,-1
15,2931,793.00,506.00,17.00,45.00,1,-1,-1,-1
15,2933,674.00,523.00,28.00,69.00,1,-1,-1,-1
15,2934,830.00,514.00,17.00,43.00,1,-1,-1,-1
15,2935,769.00,503.00,20.00,51.00,1,-1,-1,-1
15,2928,1075.00,495.00,14.00,30.00,1,-1,-1,-1
15,2932,1198.00,494.00,16.00,38.00,1,-1,-1,-1
15,2941,1290.00,496.00,19.00,42.00,1,-1,-1,-1
15,2946,1468.00,512.00,29.00,61.00,1,-1,-1,-1
15,2943,618.00,534.00,24.00,63.00,1,-1,-1,-1
15,2942,1468.00,499.00,23.00,49.00,1,-1,-1,-1
16,2920,518.00,548.00,36.00,94.00,1,-1,-1,-1
16,2921,1625.00,596.00,60.00,139.00,1,-1,-1,-1
16,2922,1415.00,535.00,36.00,101.00,1,-1,-1,-1
16,2923,478.00,545.00,37.00,97.00,1,-1,-1,-1
16,2924,1717.00,592.00,61.00,136.00,1,-1,-1,-1
16,2925,1492.00,522.00,30.00,80.00,1,-1,-1,-1
16,2926,1536.00,528.00,43.00,93.00,1,-1,-1,-1
16,2927,132.00,605.00,59.00,163.00,1,-1,-1,-1
16,2929,639.00,525.00,26.00,72.00,1,-1,-1,-1
16,2931,793.00,503.00,18.00,47.00,1,-1,-1,-1
16,2933,674.00,519.00,29.00,70.00,1,-1,-1,-1
16,2934,830.00,513.00,17.00,43.00,1,-1,-1,-1
16,2935,770.00,502.00,20.00,50.00,1,-1,-1,-1
16,2928,1072.00,493.00,15.00,32.00,1,-1,-1,-1
16,2932,1202.00,493.00,16.00,40.00,1,-1,-1,-1
16,2941,1291.00,497.00,20.00,45.00,1,-1,-1,-1
16,2946,1466.00,509.00,30.00,62.00,1,-1,-1,-1
16,2943,617.00,535.00,24.00,62.00,1,-1,-1,-1
16,2936,20.00,587.00,65.00,171.00,1,-1,-1,-1
17,2920,517.00,551.00,38.00,99.00,1,-1,-1,-1
17,2921,1634.00,602.00,57.00,132.00,1,-1,-1,-1
17,2922,1418.00,534.00,38.00,104.00,1,-1,-1,-1
17,2923,474.00,544.00,38.00,100.00,1,-1,-1,-1
17,2924,1722.00,586.00,65.00,144.00,1,-1,-1,-1
17,2925,1496.00,520.00,31.00,82.00,1,-1,-1,-1
17,2926,1541.00,531.00,41.00,88.00,1,-1,-1,-1
17,2927,116.00,601.00,61.00,170.00,1,-1,-1,-1
17,2929,639.00,527.00,26.00,72.00,1,-1,-1,-1
17,2931,794.00,504.00,16.00,45.00,1,-1,-1,-1
17,2933,674.00,520.00,29.00,69.00,1,-1,-1,-1
17,2934,828.00,511.00,19.00,48.00,1,-1,-1,-1
17,2935,769.00,508.00,19.00,48.00,1,-1,-1,-1
17,2928,1073.00,495.00,14.00,30.00,1,-1,-1,-1
17,2932,1200.00,494.00,17.00,39.00,1,-1,-1,-1
17,2941,1292.00,496.00,19.00,44.00,1,-1,-1,-1
17,2943,613.00,535.00,24.00,63.00,1,-1,-1,-1
17,2936,5.00,586.00,70.00,186.00,1,-1,-1,-1
17,2937,623.00,532.00,26.00,68.00,1,-1,-1,-1
17,2942,1468.00,502.00,22.00,49.00,1,-1,-1,-1
18,2920,515.00,552.00,37.00,98.00,1,-1,-1,-1
18,2921,1640.00,595.00,58.00,137.00,1,-1,-1,-1
18,2922,1422.00,538.00,35.00,97.00,1,-1,-1,-1
18,2923,474.00,547.00,38.00,98.00,1,-1,-1,-1
18,2924,1733.00,586.00,67.00,150.00,1,-1,-1,-1
18,2925,1500.00,517.00,32.00,85.00,1,-1,-1,-1
18,2926,1542.00,532.00,41.00,88.00,1,-1,-1,-1
18,2927,105.00,607.00,61.00,169.00,1,-1,-1,-1
18,2929,637.00,525.00,28.00,78.00,1,-1,-1,-1
18,2931,791.00,506.00,17.00,46.00,1,-1,-1,-1
18,2933,674.00,520.00,29.00,69.00,1,-1,-1,-1
18,2934,827.00,511.00,19.00,50.00,1,-1,-1,-1
18,2935,771.00,511.00,18.00,45.00,1,-1,-1,-1
18,2928,1071.00,492.00,16.00,35.00,1,-1,-1,-1
18,2932,1202.00,492.00,16.00,40.00,1,-1,-1,-1
18,2941,1293.00,495.00,20.00,44.00,1,-1,-1,-1
18,2943,615.00,536.00,24.00,62.00,1,-1,-1,-1
18,2936,-2.00,584.00,69.00,187.00,1,-1,-1,-1
18,2942,1475.00,501.00,23.00,49.00,1,-1,-1,-1
19,2920,512.00,551.00,38.00,100.00,1,-1,-1,-1
19,2921,1647.00,594.00,60.00,142.00,1,-1,-1,-1
19,2922,1425.00,538.00,37.00,100.00,1,-1,-1,-1
19,2923,470.00,545.00,38.00,101.00,1,-1,-1,-1
19,2924,1742.00,593.00,65.00,145.00,1,-1,-1,-1
19,2925,1502.00,519.00,31.00,81.00,1,-1,-1,-1
19,2926,1547.00,530.00,42.00,92.00,1,-1,-1,-1
19,2927,91.00,604.00,63.00,175.00,1,-1,-1,-1
19,2929,636.00,529.00,27.00,74.00,1,-1,-1,-1
19,2931,792.00,506.00,17.00,46.00,1,-1,-1,-1
19,2933,672.00,521.00,29.00,72.00,1,-1,-1,-1
19,2934,828.00,512.00,18.00,48.00,1,-1,-1,-1
19,2935,769.00,509.00,19.00,48.00,1,-1,-1,-1
19,2928,1072.00,489.00,16.00,35.00,1,-1,-1,-1
19,2932,1202.00,493.00,16.00,40.00,1,-1,-1,-1
19,2941,1295.00,495.00,19.00,43.00,1,-1,-1,-1
19,2943,612.00,532.00,26.00,68.00,1,-1,-1,-1
19,2936,-6.00,603.00,61.00,168.00,1,-1,-1,-1
19,2942,1476.00,498.00,24.00,53.00,1,-1,-1,-1
19,2947,1547.00,505.00,20.00,42.00,1,-1,-1,-1
20,2920,512.00,553.00,37.00,96.00,1,-1,-1,-1
20,2921,1654.00,591.00,62.00,148.00,1,-1,-1,-1
20,2922,1427.00,537.00,39.00,104.00,1,-1,-1,-1
20,2923,468.00,547.00,38.00,100.00,1,-1,-1,-1
20,2924,1744.00,588.00,67.00,149.00,1,-1,-1,-1
20,2925,1506.00,520.00,30.00,80.00,1,-1,-1,-1
20,2926,1546.00,528.00,44.00,96.00,1,-1,-1,-1
20,2927,80.00,604.00,65.00,182.00,1,-1,-1,-1
20,2929,634.00,527.00,29.00,80.00,1,-1,-1,-1
20,2931,792.00,506.00,16.00,44.00,1,-1,-1,-1
20,2933,674.00,526.00,28.00,68.00,1,-1,-1,-1
20,2934,829.00,514.00,17.00,43.00,1,-1,-1,-1
20,2935,770.00,510.00,18.00,44.00,1,-1,-1,-1
20,2928,1074.00,494.00,16.00,33.00,1,-1,-1,-1
20,2932,1204.00,492.00,17.00,40.00,1,-1,-1,-1
20,2941,1295.00,494.00,21.00,45.00,1,-1,-1,-1
20,2943,607.00,531.00,27.00,72.00,1,-1,-1,-1
20,2942,1477.00,501.00,23.00,49.00,1,-1,-1,-1
20,2947,1550.00,505.00,18.00,40.00,1,-1,-1,-1
21,2920,511.00,552.00,37.00,97.00,1,-1,-1,-1
21,2921,1659.00,592.00,62.00,152.00,1,-1,-1,-1
21,2922,1430.00,536.00,39.00,106.00,1,-1,-1,-1
21,2923,467.00,549.00,37.00,97.00,1,-1,-1,-1
21,2924,1754.00,597.00,66.00,147.00,1,-1,-1,-1
21,2925,1510.00,520.00,30.00,80.00,1,-1,-1,-1
21,2926,1553.00,531.00,40.00,88.00,1,-1,-1,-1
21,2927,65.00,604.00,66.00,187.00,1,-1,-1,-1
21,2929,632.00,529.00,29.00,81.00,1,-1,-1,-1
21,2931,793.00,507.00,16.00,45.00,1,-1,-1,-1
21,2933,670.00,525.00,29.00,71.00,1,-1,-1,-1
21,2934,830.00,515.00,17.00,43.00,1,-1,-1,-1
21,2935,769.00,509.00,19.00,46.00,1,-1,-1,-1
21,2928,1071.00,496.00,15.00,32.00,1,-1,-1,-1
21,2932,1207.00,496.00,14.00,35.00,1,-1,-1,-1
21,2941,1296.00,495.00,20.00,45.00,1,-1,-1,-1
21,2943,608.00,531.00,27.00,73.00,1,-1,-1,-1
21,2942,1474.00,503.00,22.00,47.00,1,-1,-1,-1
21,2947,1552.00,506.00,18.00,39.00,1,-1,-1,-1
21,2936,-15.00,655.00,45.00,125.00,1,-1,-1,-1
22,2920,508.00,553.00,39.00,103.00,1,-1,-1,-1
22,2921,1669.00,594.00,62.00,151.00,1,-1,-1,-1
22,2922,1431.00,534.00,41.00,110.00,1,-1,-1,-1
22,2923,465.00,550.00,37.00,96.00,1,-1,-1,-1
22,2924,1763.00,601.00,63.00,143.00,1,-1,-1,-1
22,2925,1514.00,519.00,30.00,80.00,1,-1,-1,-1
22,2926,1558.00,535.00,39.00,85.00,1,-1,-1,-1
22,2927,51.00,604.00,65.00,187.00,1,-1,-1,-1
22,2929,632.00,532.00,29.00,77.00,1,-1,-1,-1
22,2931,792.00,510.00,17.00,43.00,1,-1,-1,-1
22,2933,669.00,526.00,30.00,73.00,1,-1,-1,-1
22,2934,830.00,517.00,21.00,53.00,1,-1,-1,-1
22,2935,770.00,511.00,18.00,44.00,1,-1,-1,-1
22,2928,1072.00,493.00,15.00,34.00,1,-1,-1,-1
22,2932,1205.00,494.00,15.00,38.00,1,-1,-1,-1
22,2941,1297.00,497.00,20.00,44.00,1,-1,-1,-1
22,2943,608.00,535.00,25.00,69.00,1,-1,-1,-1
22,2947,1553.00,506.00,19.00,41.00,1,-1,-1,-1
23,2920,505.00,554.00,39.00,102.00,1,-1,-1,-1
23,2921,1677.00,594.00,64.00,156.00,1,-1,-1,-1
23,2922,1431.00,536.00,41.00,110.00,1,-1,-1,-1
23,2923,462.00,550.00,38.00,100.00,1,-1,-1,-1
23,2924,1774.00,594.00,67.00,155.00,1,-1,-1,-1
23,2925,1518.00,520.00,30.00,79.00,1,-1,-1,-1
23,2926,1563.00,535.00,38.00,85.00,1,-1,-1,-1
23,2927,46.00,613.00,63.00,182.00,1,-1,-1,-1
23,2929,633.00,536.00,28.00,75.00,1,-1,-1,-1
23,2931,793.00,510.00,16.00,43.00,1,-1,-1,-1
23,2933,666.00,525.00,32.00,77.00,1,-1,-1,-1
23,2935,770.00,512.00,18.00,44.00,1,-1,-1,-1
23,2928,1072.00,493.00,15.00,32.00,1,-1,-1,-1
23,2932,1205.00,492.00,17.00,39.00,1,-1,-1,-1
23,2941,1299.00,496.00,21.00,48.00,1,-1,-1,-1
23,2943,609.00,539.00,24.00,65.00,1,-1,-1,-1
23,2947,1550.00,505.00,21.00,47.00,1,-1,-1,-1
24,2920,504.00,556.00,41.00,105.00,1,-1,-1,-1
24,2921,1683.00,594.00,64.00,156.00,1,-1,-1,-1
24,2922,1436.00,533.00,40.00,109.00,1,-1,-1,-1
24,2923,461.00,553.00,37.00,98.00,1,-1,-1,-1
24,2924,1783.00,597.00,66.00,152.00,1,-1,-1,-1
24,2925,1523.00,519.00,31.00,80.00,1,-1,-1,-1
24,2926,1571.00,536.00,38.00,83.00,1,-1,-1,-1
24,2927,38.00,621.00,64.00,183.00,1,-1,-1,-1
24,2929,630.00,538.00,27.00,73.00,1,-1,-1,-1
24,2931,790.00,511.00,17.00,43.00,1,-1,-1,-1
24,2933,666.00,529.00,30.00,71.00,1,-1,-1,-1
24,2935,769.00,514.00,18.00,43.00,1,-1,-1,-1
24,2928,1068.00,496.00,15.00,31.00,1,-1,-1,-1
24,2932,1206.00,493.00,16.00,39.00,1,-1,-1,-1
24,2941,1302.00,498.00,19.00,45.00,1,-1,-1,-1
24,2943,604.00,540.00,26.00,70.00,1,-1,-1,-1
24,2947,1556.00,505.00,18.00,41.00,1,-1,-1,-1
24,2951,1563.00,503.00,22.00,48.00,1,-1,-1,-1
25,2920,504.00,558.00,39.00,101.00,1,-1,-1,-1
25,2921,1689.00,602.00,62.00,153.00,1,-1,-1,-1
25,2922,1437.00,533.00,43.00,114.00,1,-1,-1,-1
25,2923,457.00,552.00,39.00,104.00,1,-1,-1,-1
25,2924,1796.00,604.00,68.00,155.00,1,-1,-1,-1
25,2925,1528.00,524.00,30.00,78.00,1,-1,-1,-1
25,2926,1578.00,538.00,39.00,84.00,1,-1,-1,-1
25,2929,629.00,540.00,26.00,73.00,1,-1,-1,-1
25,2931,792.00,511.00,17.00,45.00,1,-1,-1,-1
25,2933,668.00,532.00,29.00,71.00,1,-1,-1,-1
25,2935,770.00,517.00,17.00,40.00,1,-1,-1,-1
25,2928,1069.00,501.00,14.00,30.00,1,-1,-1,-1
25,2932,1209.00,497.00,15.00,38.00,1,-1,-1,-1
25,2941,1299.00,497.00,22.00,51.00,1,-1,-1,-1
25,2943,604.00,543.00,26.00,71.00,1,-1,-1,-1
25,2953,1582.00,503.00,24.00,50.00,1,-1,-1,-1
26,2920,502.00,562.00,38.00,100.00,1,-1,-1,-1
26,2921,1703.00,609.00,61.00,151.00,1,-1,-1,-1
26,2922,1439.00,537.00,42.00,112.00,1,-1,-1,-1
26,2923,455.00,554.00,40.00,106.00,1,-1,-1,-1
26,2924,1804.00,602.00,72.00,164.00,1,-1,-1,-1
26,2925,1529.00,526.00,32.00,81.00,1,-1,-1,-1
26,2926,1578.00,538.00,40.00,86.00,1,-1,-1,-1
26,2929,628.00,543.00,28.00,77.00,1,-1,-1,-1
26,2931,792.00,514.00,17.00,44.00,1,-1,-1,-1
26,2933,665.00,533.00,30.00,74.00,1,-1,-1,-1
26,2935,770.00,517.00,19.00,46.00,1,-1,-1,-1
26,2928,1066.00,502.00,15.00,32.00,1,-1,-1,-1
26,2932,1210.00,499.00,16.00,38.00,1,-1,-1,-1
26,2941,1303.00,501.00,20.00,48.00,1,-1,-1,-1
26,2943,601.00,540.00,29.00,78.00,1,-1,-1,-1
26,2953,1585.00,510.00,22.00,47.00,1,-1,-1,-1
26,2954,1332.00,510.00,22.00,48.00,1,-1,-1,-1
26,2955,1070.00,494.00,18.00,44.00,1,-1,-1,-1
26,2934,833.00,516.00,18.00,46.00,1,-1,-1,-1
27,2920,500.00,566.00,38.00,99.00,1,-1,-1,-1
27,2921,1706.00,612.00,62.00,154.00,1,-1,-1,-1
27,2922,1443.00,544.00,41.00,109.00,1,-1,-1,-1
27,2923,455.00,558.00,40.00,106.00,1,-1,-1,-1
27,2924,1815.00,598.00,73.00,166.00,1,-1,-1,-1
27,2925,1532.00,531.00,31.00,79.00,1,-1,-1,-1
27,2926,1579.00,543.00,40.00,87.00,1,-1,-1,-1
27,2929,626.00,542.00,28.00,78.00,1,-1,-1,-1
27,2931,790.00,513.00,18.00,46.00,1,-1,-1,-1
27,2933,664.00,539.00,30.00,72.00,1,-1,-1,-1
27,2935,769.00,520.00,18.00,44.00,1,-1,-1,-1
27,2928,1064.00,501.00,15.00,33.00,1,-1,-1,-1
27,2932,1208.00,498.00,17.00,40.00,1,-1,-1,-1
27,2941,1306.00,503.00,20.00,47.00,1,-1,-1,-1
27,2943,600.00,542.00,29.00,79.00,1,-1,-1,-1
27,2953,1584.00,510.00,25.00,52.00,1,-1,-1,-1
27,2954,1332.00,514.00,20.00,43.00,1,-1,-1,-1
27,2955,1074.00,498.00,15.00,36.00,1,-1,-1,-1
27,2956,1389.00,548.00,19.00,47.00,1,-1,-1,-1
27,2934,828.00,518.00,20.00,50.00,1,-1,-1,-1
28,2920,497.00,568.00,39.00,102.00,1,-1,-1,-1
28,2921,1714.00,610.00,63.00,156.00,1,-1,-1,-1
28,2922,1448.00,545.00,41.00,111.00,1,-1,-1,-1
28,2923,453.00,561.00,39.00,103.00,1,-1,-1,-1
28,2924,1821.00,602.00,74.00,166.00,1,-1,-1,-1
28,2925,1535.00,532.00,30.00,77.00,1,-1,-1,-1
28,2926,1585.00,540.00,38.00,86.00,1,-1,-1,-1
28,2929,625.00,545.00,28.00,76.00,1,-1,-1,-1
28,2931,787.00,512.00,19.00,50.00,1,-1,-1,-1
28,2933,665.00,538.00,30.00,71.00,1,-1,-1,-1
28,2935,768.00,517.00,20.00,47.00,1,-1,-1,-1
28,2928,1067.00,506.00,15.00,29.00,1,-1,-1,-1
28,2932,1209.00,501.00,16.00,37.00,1,-1,-1,-1
28,2941,1305.00,503.00,21.00,50.00,1,-1,-1,-1
28,2943,598.00,546.00,28.00,79.00,1,-1,-1,-1
28,2953,1586.00,510.00,24.00,51.00,1,-1,-1,-1
28,2954,1336.00,517.00,20.00,45.00,1,-1,-1,-1
28,2934,828.00,527.00,18.00,44.00,1,-1,-1,-1
28,2947,1552.00,513.00,21.00,47.00,1,-1,-1,-1
28,2951,1563.00,517.00,21.00,45.00,1,-1,-1,-1
29,2920,495.00,567.00,40.00,103.00,1,-1,-1,-1
29,2921,1728.00,619.00,63.00,155.00,1,-1,-1,-1
29,2922,1448.00,550.00,42.00,111.00,1,-1,-1,-1
29,2923,449.00,562.00,38.00,100.00,1,-1,-1,-1
29,2924,1833.00,615.00,72.00,162.00,1,-1,-1,-1
29,2925,1540.00,536.00,31.00,80.00,1,-1,-1,-1
29,2926,1591.00,551.00,36.00,78.00,1,-1,-1,-1
29,2929,625.00,548.00,28.00,77.00,1,-1,-1,-1
29,2931,789.00,515.00,20.00,51.00,1,-1,-1,-1
29,2933,665.00,541.00,28.00,67.00,1,-1,-1,-1
29,2935,766.00,519.00,20.00,47.00,1,-1,-1,-1
29,2928,1067.00,506.00,15.00,30.00,1,-1,-1,-1
29,2932,1212.00,503.00,16.00,37.00,1,-1,-1,-1
29,2941,1306.00,506.00,22.00,51.00,1,-1,-1,-1
29,2943,600.00,550.00,27.00,77.00,1,-1,-1,-1
29,2953,1588.00,516.00,22.00,48.00,1,-1,-1,-1
29,2954,1337.00,520.00,21.00,46.00,1,-1,-1,-1
29,2934,823.00,524.00,18.00,45.00,1,-1,-1,-1
30,2920,491.00,572.00,39.00,104.00,1,-1,-1,-1
30,2921,1736.00,619.00,66.00,165.00,1,-1,-1,-1
30,2922,1450.00,546.00,45.00,121.00,1,-1,-1,-1
30,2923,446.00,567.00,38.00,102.00,1,-1,-1,-1
30,2924,1839.00,617.00,74.00,164.00,1,-1,-1,-1
30,2925,1541.00,538.00,32.00,79.00,1,-1,-1,-1
30,2926,1593.00,545.00,39.00,87.00,1,-1,-1,-1
30,2929,621.00,550.00,29.00,81.00,1,-1,-1,-1
30,2931,789.00,519.00,20.00,52.00,1,-1,-1,-1
30,2933,664.00,545.00,27.00,65.00,1,-1,-1,-1
30,2935,765.00,522.00,21.00,48.00,1,-1,-1,-1
30,2928,1065.00,508.00,15.00,32.00,1,-1,-1,-1
30,2932,1212.00,507.00,16.00,38.00,1,-1,-1,-1
30,2941,1306.00,508.00,22.00,52.00,1,-1,-1,-1
30,2943,597.00,556.00,26.00,73.00,1,-1,-1,-1
30,2953,1588.00,517.00,23.00,48.00,1,-1,-1,-1
30,2934,822.00,536.00,18.00,45.00,1,-1,-1,-1
30,2960,829.00,529.00,22.00,52.00,1,-1,-1,-1
31,2920,490.00,582.00,41.00,108.00,1,-1,-1,-1
31,2921,1745.00,625.00,64.00,158.00,1,-1,-1,-1
31,2922,1457.00,554.00,45.00,121.00,1,-1,-1,-1
31,2923,445.00,577.00,38.00,103.00,1,-1,-1,-1
31,2924,1846.00,614.00,80.00,178.00,1,-1,-1,-1
31,2925,1545.00,540.00,31.00,79.00,1,-1,-1,-1
31,2926,1601.00,555.00,36.00,81.00,1,-1,-1,-1
31,2929,619.00,559.00,30.00,83.00,1,-1,-1,-1
31,2931,789.00,526.00,20.00,54.00,1,-1,-1,-1
31,2933,661.00,554.00,29.00,69.00,1,-1,-1,-1
31,2935,764.00,532.00,20.00,47.00,1,-1,-1,-1
31,2928,1064.00,515.00,14.00,29.00,1,-1,-1,-1
31,2932,1212.00,512.00,16.00,37.00,1,-1,-1,-1
31,2943,597.00,566.00,27.00,74.00,1,-1,-1,-1
31,2953,1590.00,519.00,23.00,49.00,1,-1,-1,-1
31,2934,822.00,537.00,21.00,53.00,1,-1,-1,-1
32,2920,491.00,583.00,40.00,106.00,1,-1,-1,-1
32,2921,1752.00,624.00,68.00,170.00,1,-1,-1,-1
32,2922,1459.00,558.00,45.00,120.00,1,-1,-1,-1
32,2923,443.00,575.00,38.00,102.00,1,-1,-1,-1
32,2924,1855.00,620.00,81.00,182.00,1,-1,-1,-1
32,2925,1548.00,541.00,33.00,81.00,1,-1,-1,-1
32,2926,1603.00,558.00,37.00,82.00,1,-1,-1,-1
32,2929,617.00,557.00,30.00,83.00,1,-1,-1,-1
32,2931,785.00,528.00,21.00,54.00,1,-1,-1,-1
32,2933,659.00,551.00,31.00,73.00,1,-1,-1,-1
32,2935,764.00,528.00,22.00,53.00,1,-1,-1,-1
32,2928,1065.00,517.00,13.00,27.00,1,-1,-1,-1
32,2932,1212.00,513.00,15.00,38.00,1,-1,-1,-1
32,2943,595.00,565.00,27.00,75.00,1,-1,-1,-1
32,2953,1590.00,523.00,24.00,49.00,1,-1,-1,-1
32,2960,827.00,536.00,21.00,51.00,1,-1,-1,-1
33,2920,486.00,571.00,41.00,110.00,1,-1,-1,-1
33,2921,1761.00,621.00,67.00,167.00,1,-1,-1,-1
33,2922,1460.00,550.00,45.00,120.00,1,-1,-1,-1
33,2923,436.00,565.00,40.00,109.00,1,-1,-1,-1
33,2924,1867.00,623.00,79.00,176.00,1,-1,-1,-1
33,2925,1551.00,532.00,34.00,87.00,1,-1,-1,-1
33,2926,1606.00,552.00,37.00,84.00,1,-1,-1,-1
33,2929,618.00,554.00,29.00,78.00,1,-1,-1,-1
33,2931,788.00,524.00,19.00,50.00,1,-1,-1,-1
33,2933,657.00,542.00,30.00,74.00,1,-1,-1,-1
33,2935,764.00,524.00,21.00,52.00,1,-1,-1,-1
33,2928,1065.00,508.00,15.00,31.00,1,-1,-1,-1
33,2932,1212.00,510.00,15.00,36.00,1,-1,-1,-1
33,2943,594.00,559.00,27.00,74.00,1,-1,-1,-1
33,2953,1595.00,521.00,21.00,43.00,1,-1,-1,-1
33,2960,827.00,528.00,20.00,51.00,1,-1,-1,-1
34,2920,486.00,572.00,40.00,107.00,1,-1,-1,-1
34,2921,1778.00,615.00,69.00,169.00,1,-1,-1,-1
34,2922,1462.00,545.00,47.00,127.00,1,-1,-1,-1
34,2923,438.00,573.00,35.00,98.00,1,-1,-1,-1
34,2925,1556.00,531.00,35.00,87.00,1,-1,-1,-1
34,2926,1611.00,546.00,40.00,91.00,1,-1,-1,-1
34,2929,619.00,557.00,28.00,78.00,1,-1,-1,-1
34,2931,788.00,523.00,19.00,50.00,1,-1,-1,-1
34,2933,656.00,545.00,30.00,72.00,1,-1,-1,-1
34,2935,764.00,524.00,21.00,49.00,1,-1,-1,-1
34,2928,1062.00,510.00,14.00,29.00,1,-1,-1,-1
34,2932,1212.00,507.00,16.00,37.00,1,-1,-1,-1
34,2943,592.00,556.00,26.00,72.00,1,-1,-1,-1
34,2953,1593.00,515.00,23.00,48.00,1,-1,-1,-1
34,2960,824.00,528.00,20.00,48.00,1,-1,-1,-1
35,2920,482.00,565.00,41.00,109.00,1,-1,-1,-1
35,2921,1791.00,618.00,67.00,162.00,1,-1,-1,-1
35,2922,1472.00,548.00,46.00,124.00,1,-1,-1,-1
35,2923,437.00,567.00,36.00,99.00,1,-1,-1,-1
35,2925,1561.00,529.00,34.00,84.00,1,-1,-1,-1
35,2926,1613.00,543.00,41.00,93.00,1,-1,-1,-1
35,2929,618.00,552.00,27.00,76.00,1,-1,-1,-1
35,2931,787.00,516.00,20.00,55.00,1,-1,-1,-1
35,2933,656.00,538.00,31.00,77.00,1,-1,-1,-1
35,2935,764.00,519.00,20.00,49.00,1,-1,-1,-1
35,2928,1063.00,506.00,15.00,30.00,1,-1,-1,-1
35,2932,1215.00,502.00,16.00,38.00,1,-1,-1,-1
35,2943,588.00,552.00,26.00,73.00,1,-1,-1,-1
35,2953,1592.00,515.00,22.00,47.00,1,-1,-1,-1
35,2960,822.00,522.00,21.00,52.00,1,-1,-1,-1
36,2920,481.00,562.00,41.00,110.00,1,-1,-1,-1
36,2921,1792.00,613.00,74.00,178.00,1,-1,-1,-1
36,2922,1475.00,546.00,46.00,124.00,1,-1,-1,-1
36,2923,433.00,564.00,37.00,102.00,1,-1,-1,-1
36,2925,1564.00,523.00,36.00,88.00,1,-1,-1,-1
36,2926,1619.00,539.00,41.00,97.00,1,-1,-1,-1
36,2929,615.00,546.00,29.00,79.00,1,-1,-1,-1
36,2931,789.00,514.00,19.00,52.00,1,-1,-1,-1
36,2933,658.00,536.00,30.00,75.00,1,-1,-1,-1
36,2935,765.00,516.00,20.00,48.00,1,-1,-1,-1
36,2928,1065.00,506.00,14.00,29.00,1,-1,-1,-1
36,2932,1214.00,498.00,16.00,38.00,1,-1,-1,-1
36,2943,586.00,547.00,27.00,76.00,1,-1,-1,-1
36,2953,1592.00,513.00,21.00,45.00,1,-1,-1,-1
36,2960,824.00,522.00,21.00,51.00,1,-1,-1,-1
37,2920,477.00,556.00,42.00,112.00,1,-1,-1,-1
37,2921,1799.00,615.00,77.00,183.00,1,-1,-1,-1
37,2922,1479.00,540.00,46.00,123.00,1,-1,-1,-1
37,2923,426.00,559.00,38.00,106.00,1,-1,-1,-1
37,2925,1568.00,519.00,36.00,91.00,1,-1,-1,-1
37,2926,1626.00,541.00,39.00,91.00,1,-1,-1,-1
37,2929,612.00,542.00,29.00,79.00,1,-1,-1,-1
37,2931,790.00,512.00,19.00,50.00,1,-1,-1,-1
37,2933,656.00,530.00,31.00,76.00,1,-1,-1,-1
37,2935,762.00,508.00,23.00,55.00,1,-1,-1,-1
37,2928,1064.00,501.00,14.00,28.00,1,-1,-1,-1
37,2932,1216.00,496.00,16.00,38.00,1,-1,-1,-1
37,2943,586.00,542.00,28.00,78.00,1,-1,-1,-1
37,2953,1593.00,508.00,24.00,51.00,1,-1,-1,-1
37,2960,823.00,516.00,20.00,50.00,1,-1,-1,-1
38,2920,475.00,557.00,41.00,107.00,1,-1,-1,-1
38,2921,1813.00,617.00,74.00,176.00,1,-1,-1,-1
38,2922,1478.00,534.00,46.00,125.00,1,-1,-1,-1
38,2923,424.00,555.00,39.00,109.00,1,-1,-1,-1
38,2925,1571.00,511.00,37.00,95.00,1,-1,-1,-1
38,2926,1629.00,538.00,39.00,91.00,1,-1,-1,-1
38,2929,611.00,540.00,30.00,82.00,1,-1,-1,-1
38,2931,789.00,510.00,19.00,50.00,1,-1,-1,-1
38,2933,654.00,530.00,31.00,76.00,1,-1,-1,-1
38,2935,760.00,506.00,23.00,56.00,1,-1,-1,-1
38,2928,1062.00,498.00,14.00,27.00,1,-1,-1,-1
38,2932,1217.00,492.00,16.00,39.00,1,-1,-1,-1
38,2943,584.00,542.00,29.00,80.00,1,-1,-1,-1
38,2953,1593.00,500.00,26.00,55.00,1,-1,-1,-1
38,2960,824.00,516.00,20.00,49.00,1,-1,-1,-1
39,2920,473.00,552.00,41.00,110.00,1,-1,-1,-1
39,2921,1822.00,618.00,77.00,185.00,1,-1,-1,-1
39,2922,1487.00,536.00,47.00,126.00,1,-1,-1,-1
39,2923,423.00,547.00,39.00,110.00,1,-1,-1,-1
39,2925,1574.00,513.00,38.00,96.00,1,-1,-1,-1
39,2926,1637.00,541.00,37.00,86.00,1,-1,-1,-1
39,2929,611.00,535.00,29.00,81.00,1,-1,-1,-1
39,2931,791.00,509.00,18.00,50.00,1,-1,-1,-1
39,2933,653.00,525.00,33.00,78.00,1,-1,-1,-1
39,2935,760.00,505.00,22.00,53.00,1,-1,-1,-1
39,2928,1061.00,497.00,14.00,29.00,1,-1,-1,-1
39,2932,1219.00,491.00,16.00,38.00,1,-1,-1,-1
39,2943,585.00,536.00,29.00,82.00,1,-1,-1,-1
39,2960,825.00,513.00,20.00,50.00,1,-1,-1,-1
39,2947,1562.00,517.00,24.00,54.00,1,-1,-1,-1
40,2920,471.00,552.00,42.00,111.00,1,-1,-1,-1
40,2921,1833.00,620.00,78.00,185.00,1,-1,-1,-1
40,2922,1492.00,535.00,47.00,126.00,1,-1,-1,-1
40,2923,423.00,546.00,41.00,113.00,1,-1,-1,-1
40,2925,1580.00,512.00,37.00,95.00,1,-1,-1,-1
40,2926,1637.00,537.00,39.00,90.00,1,-1,-1,-1
40,2929,609.00,538.00,30.00,81.00,1,-1,-1,-1
40,2931,789.00,507.00,18.00,49.00,1,-1,-1,-1
40,2933,649.00,525.00,33.00,81.00,1,-1,-1,-1
40,2935,759.00,504.00,22.00,51.00,1,-1,-1,-1
40,2928,1059.00,496.00,13.00,27.00,1,-1,-1,-1
40,2932,1220.00,490.00,15.00,38.00,1,-1,-1,-1
40,2943,584.00,539.00,28.00,79.00,1,-1,-1,-1
40,2960,824.00,510.00,21.00,52.00,1,-1,-1,-1
41,2920,468.00,549.00,42.00,112.00,1,-1,-1,-1
41,2921,1845.00,628.00,76.00,182.00,1,-1,-1,-1
41,2922,1495.00,539.00,46.00,125.00,1,-1,-1,-1
41,2923,424.00,548.00,39.00,109.00,1,-1,-1,-1
41,2925,1584.00,513.00,38.00,98.00,1,-1,-1,-1
41,2926,1642.00,540.00,38.00,88.00,1,-1,-1,-1
41,2929,609.00,535.00,31.00,84.00,1,-1,-1,-1
41,2931,790.00,506.00,18.00,49.00,1,-1,-1,-1
41,2933,648.00,522.00,33.00,83.00,1,-1,-1,-1
41,2935,761.00,505.00,21.00,52.00,1,-1,-1,-1
41,2928,1058.00,495.00,13.00,27.00,1,-1,-1,-1
41,2932,1219.00,491.00,16.00,39.00,1,-1,-1,-1
41,2943,582.00,538.00,28.00,80.00,1,-1,-1,-1
41,2960,824.00,509.00,21.00,53.00,1,-1,-1,-1
42,2920,465.00,552.00,41.00,110.00,1,-1,-1,-1
42,2921,1858.00,635.00,77.00,185.00,1,-1,-1,-1
42,2922,1499.00,539.00,47.00,129.00,1,-1,-1,-1
42,2923,424.00,551.00,38.00,105.00,1,-1,-1,-1
42,2925,1590.00,518.00,36.00,91.00,1,-1,-1,-1
42,2926,1647.00,543.00,37.00,84.00,1,-1,-1,-1
42,2929,607.00,536.00,31.00,86.00,1,-1,-1,-1
42,2931,790.00,505.00,19.00,50.00,1,-1,-1,-1
42,2933,649.00,524.00,32.00,80.00,1,-1,-1,-1
42,2935,761.00,504.00,21.00,51.00,1,-1,-1,-1
42,2928,1057.00,496.00,14.00,27.00,1,-1,-1,-1
42,2932,1219.00,491.00,17.00,41.00,1,-1,-1,-1
42,2943,579.00,540.00,30.00,82.00,1,-1,-1,-1
42,2960,823.00,509.00,21.00,54.00,1,-1,-1,-1
43,2920,467.00,556.00,41.00,109.00,1,-1,-1,-1
43,2921,1867.00,636.00,79.00,190.00,1,-1,-1,-1
43,2922,1506.00,543.00,46.00,124.00,1,-1,-1,-1
43,2923,422.00,552.00,39.00,106.00,1,-1,-1,-1
43,2925,1595.00,518.00,36.00,93.00,1,-1,-1,-1
43,2926,1651.00,539.00,40.00,94.00,1,-1,-1,-1
43,2929,608.00,538.00,31.00,84.00,1,-1,-1,-1
43,2931,792.00,506.00,19.00,51.00,1,-1,-1,-1
43,2933,647.00,524.00,32.00,81.00,1,-1,-1,-1
43,2935,758.00,502.00,23.00,56.00,1,-1,-1,-1
43,2928,1058.00,497.00,14.00,28.00,1,-1,-1,-1
43,2932,1220.00,494.00,16.00,39.00,1,-1,-1,-1
43,2943,577.00,536.00,31.00,88.00,1,-1,-1,-1
43,2960,824.00,510.00,20.00,52.00,1,-1,-1,-1
43,2947,1568.00,514.00,26.00,61.00,1,-1,-1,-1
44,2920,464.00,557.00,43.00,113.00,1,-1,-1,-1
44,2922,1511.00,542.00,49.00,133.00,1,-1,-1,-1
44,2923,417.00,552.00,40.00,113.00,1,-1,-1,-1
44,2925,1600.00,520.00,35.00,92.00,1,-1,-1,-1
44,2926,1654.00,537.00,43.00,98.00,1,-1,-1,-1
44,2929,606.00,541.00,31.00,84.00,1,-1,-1,-1
44,2931,790.00,509.00,20.00,52.00,1,-1,-1,-1
44,2933,645.00,525.00,33.00,84.00,1,-1,-1,-1
44,2935,759.00,505.00,21.00,51.00,1,-1,-1,-1
44,2928,1059.00,496.00,14.00,27.00,1,-1,-1,-1
44,2932,1222.00,494.00,15.00,37.00,1,-1,-1,-1
44,2943,577.00,539.00,31.00,88.00,1,-1,-1,-1
44,2960,824.00,511.00,20.00,53.00,1,-1,-1,-1
45,2920,462.00,558.00,41.00,107.00,1,-1,-1,-1
45,2922,1515.00,551.00,49.00,133.00,1,-1,-1,-1
45,2923,415.00,552.00,41.00,112.00,1,-1,-1,-1
45,2925,1603.00,523.00,36.00,93.00,1,-1,-1,-1
45,2926,1657.00,536.00,45.00,104.00,1,-1,-1,-1
45,2929,606.00,541.00,30.00,82.00,1,-1,-1,-1
45,2931,790.00,507.00,19.00,53.00,1,-1,-1,-1
45,2933,644.00,527.00,33.00,83.00,1,-1,-1,-1
45,2935,760.00,505.00,21.00,51.00,1,-1,-1,-1
45,2928,1061.00,497.00,12.00,25.00,1,-1,-1,-1
45,2932,1224.00,494.00,16.00,40.00,1,-1,-1,-1
45,2943,576.00,536.00,31.00,90.00,1,-1,-1,-1
45,2960,824.00,512.00,20.00,52.00,1,-1,-1,-1
46,2920,459.00,559.00,42.00,112.00,1,-1,-1,-1
46,2922,1523.00,554.00,50.00,134.00,1,-1,-1,-1
46,2923,413.00,555.00,39.00,107.00,1,-1,-1,-1
46,2925,1610.00,525.00,37.00,94.00,1,-1,-1,-1
46,2926,1663.00,538.00,42.00,96.00,1,-1,-1,-1
46,2929,602.00,542.00,31.00,83.00,1,-1,-1,-1
46,2931,791.00,509.00,19.00,52.00,1,-1,-1,-1
46,2933,643.00,531.00,34.00,84.00,1,-1,-1,-1
46,2935,759.00,504.00,22.00,54.00,1,-1,-1,-1
46,2928,1060.00,499.00,13.00,26.00,1,-1,-1,-1
46,2932,1222.00,494.00,17.00,40.00,1,-1,-1,-1
46,2943,577.00,541.00,29.00,86.00,1,-1,-1,-1
46,2960,826.00,515.00,19.00,49.00,1,-1,-1,-1
46,2953,1599.00,509.00,26.00,54.00,1,-1,-1,-1
46,2947,1584.00,518.00,22.00,53.00,1,-1,-1,-1
47,2920,457.00,557.00,43.00,115.00,1,-1,-1,-1
47,2922,1522.00,553.00,52.00,137.00,1,-1,-1,-1
47,2923,408.00,551.00,40.00,113.00,1,-1,-1,-1
47,2925,1616.00,531.00,35.00,90.00,1,-1,-1,-1
47,2926,1671.00,544.00,40.00,92.00,1,-1,-1,-1
47,2929,604.00,540.00,31.00,84.00,1,-1,-1,-1
47,2931,790.00,508.00,21.00,55.00,1,-1,-1,-1
47,2933,644.00,531.00,33.00,81.00,1,-1,-1,-1
47,2935,760.00,507.00,22.00,52.00,1,-1,-1,-1
47,2928,1060.00,500.00,14.00,27.00,1,-1,-1,-1
47,2932,1225.00,498.00,16.00,39.00,1,-1,-1,-1
47,2943,577.00,539.00,30.00,88.00,1,-1,-1,-1
47,2960,823.00,515.00,19.00,51.00,1,-1,-1,-1
47,2974,1361.00,513.00,19.00,47.00,1,-1,-1,-1
47,2953,1602.00,511.00,27.00,57.00,1,-1,-1,-1
47,2947,1586.00,519.00,23.00,56.00,1,-1,-1,-1
48,2920,454.00,564.00,42.00,110.00,1,-1,-1,-1
48,2922,1524.00,554.00,51.00,134.00,1,-1,-1,-1
48,2923,406.00,553.00,41.00,115.00,1,-1,-1,-1
48,2925,1621.00,529.00,36.00,94.00,1,-1,-1,-1
48,2926,1673.00,545.00,40.00,93.00,1,-1,-1,-1
48,2929,603.00,541.00,32.00,88.00,1,-1,-1,-1
48,2931,791.00,511.00,19.00,54.00,1,-1,-1,-1
48,2933,643.00,532.00,33.00,83.00,1,-1,-1,-1
48,2935,759.00,511.00,20.00,49.00,1,-1,-1,-1
48,2928,1060.00,500.00,14.00,27.00,1,-1,-1,-1
48,2932,1226.00,500.00,18.00,42.00,1,-1,-1,-1
48,2943,575.00,542.00,32.00,91.00,1,-1,-1,-1
48,2960,823.00,519.00,19.00,50.00,1,-1,-1,-1
48,2974,1368.00,512.00,21.00,52.00,1,-1,-1,-1
48,2953,1602.00,512.00,27.00,58.00,1,-1,-1,-1
48,2976,1387.00,511.00,21.00,45.00,1,-1,-1,-1
49,2920,450.00,561.00,44.00,118.00,1,-1,-1,-1
49,2922,1531.00,564.00,49.00,130.00,1,-1,-1,-1
49,2923,404.00,556.00,41.00,115.00,1,-1,-1,-1
49,2925,1625.00,535.00,36.00,92.00,1,-1,-1,-1
49,2926,1679.00,553.00,38.00,87.00,1,-1,-1,-1
49,2929,598.00,542.00,32.00,89.00,1,-1,-1,-1
49,2931,790.00,513.00,19.00,51.00,1,-1,-1,-1
49,2933,641.00,538.00,33.00,83.00,1,-1,-1,-1
49,2935,760.00,511.00,20.00,50.00,1,-1,-1,-1
49,2928,1060.00,504.00,13.00,25.00,1,-1,-1,-1
49,2932,1226.00,501.00,17.00,41.00,1,-1,-1,-1
49,2943,572.00,545.00,31.00,90.00,1,-1,-1,-1
49,2960,823.00,520.00,20.00,52.00,1,-1,-1,-1
49,2974,1372.00,519.00,19.00,46.00,1,-1,-1,-1
49,2953,1606.00,515.00,26.00,56.00,1,-1,-1,-1
49,2976,1385.00,509.00,24.00,53.00,1,-1,-1,-1
50,2920,446.00,560.00,44.00,118.00,1,-1,-1,-1
50,2922,1534.00,559.00,52.00,139.00,1,-1,-1,-1
50,2923,401.00,558.00,40.00,113.00,1,-1,-1,-1
50,2925,1630.00,531.00,36.00,94.00,1,-1,-1,-1
50,2926,1682.00,549.00,42.00,95.00,1,-1,-1,-1
50,2929,598.00,542.00,33.00,89.00,1,-1,-1,-1
50,2931,790.00,516.00,17.00,49.00,1,-1,-1,-1
50,2933,639.00,537.00,35.00,87.00,1,-1,-1,-1
50,2935,758.00,513.00,19.00,47.00,1,-1,-1,-1
50,2928,1055.00,502.00,14.00,28.00,1,-1,-1,-1
50,2932,1228.00,502.00,15.00,35.00,1,-1,-1,-1
50,2943,567.00,547.00,31.00,88.00,1,-1,-1,-1
50,2960,825.00,520.00,19.00,50.00,1,-1,-1,-1
50,2974,1373.00,515.00,20.00,48.00,1,-1,-1,-1
50,2953,1606.00,514.00,28.00,60.00,1,-1,-1,-1
50,2976,1387.00,507.00,23.00,50.00,1,-1,-1,-1
51,2920,446.00,562.00,44.00,117.00,1,-1,-1,-1
51,2922,1538.00,561.00,51.00,136.00,1,-1,-1,-1
51,2923,399.00,561.00,40.00,112.00,1,-1,-1,-1
51,2925,1634.00,536.00,35.00,91.00,1,-1,-1,-1
51,2926,1686.00,548.00,42.00,94.00,1,-1,-1,-1
51,2929,596.00,544.00,32.00,88.00,1,-1,-1,-1
51,2931,789.00,514.00,19.00,52.00,1,-1,-1,-1
51,2933,638.00,535.00,34.00,87.00,1,-1,-1,-1
51,2935,756.00,511.00,20.00,49.00,1,-1,-1,-1
51,2928,1057.00,504.00,14.00,26.00,1,-1,-1,-1
51,2932,1226.00,502.00,17.00,39.00,1,-1,-1,-1
51,2943,567.00,548.00,31.00,88.00,1,-1,-1,-1
51,2960,825.00,519.00,19.00,50.00,1,-1,-1,-1
51,2974,1375.00,516.00,19.00,47.00,1,-1,-1,-1
51,2953,1609.00,520.00,26.00,55.00,1,-1,-1,-1
51,2976,1389.00,508.00,24.00,54.00,1,-1,-1,-1
52,2920,443.00,565.00,45.00,118.00,1,-1,-1,-1
52,2922,1547.00,562.00,49.00,132.00,1,-1,-1,-1
52,2923,398.00,563.00,40.00,111.00,1,-1,-1,-1
52,2925,1640.00,535.00,35.00,95.00,1,-1,-1,-1
52,2926,1691.00,547.00,43.00,97.00,1,-1,-1,-1
52,2929,595.00,545.00,33.00,91.00,1,-1,-1,-1
52,2931,789.00,514.00,19.00,52.00,1,-1,-1,-1
52,2933,637.00,538.00,34.00,85.00,1,-1,-1,-1
52,2935,755.00,512.00,21.00,52.00,1,-1,-1,-1
52,2928,1055.00,502.00,15.00,31.00,1,-1,-1,-1
52,2932,1225.00,504.00,17.00,42.00,1,-1,-1,-1
52,2943,564.00,552.00,30.00,86.00,1,-1,-1,-1
52,2960,823.00,520.00,19.00,49.00,1,-1,-1,-1
52,2974,1376.00,515.00,20.00,49.00,1,-1,-1,-1
52,2976,1390.00,512.00,22.00,47.00,1,-1,-1,-1
53,2920,440.00,562.00,46.00,119.00,1,-1,-1,-1
53,2922,1546.00,561.00,52.00,140.00,1,-1,-1,-1
53,2923,396.00,564.00,40.00,111.00,1,-1,-1,-1
53,2925,1642.00,536.00,36.00,95.00,1,-1,-1,-1
53,2926,1697.00,552.00,41.00,91.00,1,-1,-1,-1
53,2929,592.00,546.00,33.00,91.00,1,-1,-1,-1
53,2931,789.00,514.00,19.00,51.00,1,-1,-1,-1
53,2933,635.00,539.00,34.00,84.00,1,-1,-1,-1
53,2935,757.00,516.00,20.00,48.00,1,-1,-1,-1
53,2928,1054.00,504.00,16.00,30.00,1,-1,-1,-1
53,2932,1226.00,501.00,17.00,41.00,1,-1,-1,-1
53,2943,562.00,554.00,29.00,82.00,1,-1,-1,-1
53,2960,822.00,520.00,19.00,49.00,1,-1,-1,-1
53,2974,1382.00,517.00,19.00,45.00,1,-1,-1,-1
53,2976,1388.00,508.00,24.00,52.00,1,-1,-1,-1
54,2920,439.00,561.00,46.00,120.00,1,-1,-1,-1
54,2922,1552.00,556.00,55.00,146.00,1,-1,-1,-1
54,2923,394.00,564.00,39.00,108.00,1,-1,-1,-1
54,2925,1647.00,537.00,36.00,94.00,1,-1,-1,-1
54,2926,1701.00,549.00,43.00,97.00,1,-1,-1,-1
54,2929,590.00,548.00,32.00,87.00,1,-1,-1,-1
54,2931,788.00,515.00,18.00,50.00,1,-1,-1,-1
54,2933,632.00,539.00,34.00,86.00,1,-1,-1,-1
54,2935,757.00,514.00,20.00,48.00,1,-1,-1,-1
54,2928,1053.00,501.00,15.00,30.00,1,-1,-1,-1
54,2932,1228.00,499.00,18.00,42.00,1,-1,-1,-1
54,2943,560.00,553.00,29.00,83.00,1,-1,-1,-1
54,2960,822.00,520.00,19.00,49.00,1,-1,-1,-1
54,2974,1386.00,514.00,19.00,47.00,1,-1,-1,-1
54,2982,1290.00,511.00,18.00,42.00,1,-1,-1,-1
54,2953,1607.00,521.00,27.00,58.00,1,-1,-1,-1
55,2920,439.00,565.00,45.00,116.00,1,-1,-1,-1
55,2922,1556.00,558.00,54.00,144.00,1,-1,-1,-1
55,2923,388.00,560.00,41.00,114.00,1,-1,-1,-1
55,2925,1654.00,538.00,36.00,94.00,1,-1,-1,-1
55,2926,1704.00,547.00,44.00,99.00,1,-1,-1,-1
55,2929,585.00,550.00,32.00,87.00,1,-1,-1,-1
55,2931,786.00,512.00,19.00,54.00,1,-1,-1,-1
55,2933,634.00,539.00,33.00,84.00,1,-1,-1,-1
55,2935,755.00,510.00,23.00,56.00,1,-1,-1,-1
55,2928,1051.00,499.00,16.00,31.00,1,-1,-1,-1
55,2932,1228.00,499.00,17.00,43.00,1,-1,-1,-1
55,2943,558.00,553.00,30.00,86.00,1,-1,-1,-1
55,2960,822.00,520.00,19.00,51.00,1,-1,-1,-1
55,2974,1389.00,514.00,19.00,46.00,1,-1,-1,-1
55,2982,1287.00,510.00,20.00,46.00,1,-1,-1,-1
55,2983,1044.00,501.00,13.00,30.00,1,-1,-1,-1
55,2953,1610.00,525.00,26.00,55.00,1,-1,-1,-1
56,2920,437.00,566.00,44.00,115.00,1,-1,-1,-1
56,2922,1560.00,557.00,55.00,149.00,1,-1,-1,-1
56,2923,383.00,559.00,42.00,116.00,1,-1,-1,-1
56,2925,1658.00,535.00,36.00,96.00,1,-1,-1,-1
56,2926,1711.00,551.00,41.00,89.00,1,-1,-1,-1
56,2929,583.00,548.00,34.00,91.00,1,-1,-1,-1
56,2931,784.00,512.00,20.00,56.00,1,-1,-1,-1
56,2933,633.00,539.00,34.00,85.00,1,-1,-1,-1
56,2935,752.00,510.00,23.00,55.00,1,-1,-1,-1
56,2928,1051.00,498.00,15.00,32.00,1,-1,-1,-1
56,2932,1228.00,500.00,17.00,41.00,1,-1,-1,-1
56,2943,557.00,556.00,30.00,87.00,1,-1,-1,-1
56,2960,821.00,519.00,19.00,51.00,1,-1,-1,-1
56,2974,1386.00,511.00,20.00,48.00,1,-1,-1,-1
56,2982,1286.00,509.00,20.00,48.00,1,-1,-1,-1
57,2920,427.00,565.00,45.00,115.00,1,-1,-1,-1
57,2922,1567.00,558.00,56.00,149.00,1,-1,-1,-1
57,2923,380.00,561.00,42.00,114.00,1,-1,-1,-1
57,2925,1661.00,530.00,38.00,100.00,1,-1,-1,-1
57,2926,1715.00,553.00,40.00,87.00,1,-1,-1,-1
57,2929,579.00,545.00,35.00,94.00,1,-1,-1,-1
57,2931,786.00,512.00,19.00,55.00,1,-1,-1,-1
57,2933,629.00,535.00,37.00,92.00,1,-1,-1,-1
57,2935,752.00,509.00,22.00,53.00,1,-1,-1,-1
57,2928,1048.00,496.00,17.00,34.00,1,-1,-1,-1
57,2932,1229.00,498.00,17.00,42.00,1,-1,-1,-1
57,2943,555.00,555.00,30.00,85.00,1,-1,-1,-1
57,2960,821.00,518.00,19.00,50.00,1,-1,-1,-1
57,2974,1386.00,512.00,21.00,48.00,1,-1,-1,-1
57,2982,1287.00,506.00,20.00,48.00,1,-1,-1,-1
57,2984,600.00,544.00,33.00,88.00,1,-1,-1,-1
58,2920,424.00,561.00,47.00,122.00,1,-1,-1,-1
58,2922,1572.00,556.00,55.00,149.00,1,-1,-1,-1
58,2923,373.00,562.00,42.00,115.00,1,-1,-1,-1
58,2925,1663.00,527.00,39.00,102.00,1,-1,-1,-1
58,2926,1715.00,544.00,45.00,98.00,1,-1,-1,-1
58,2929,576.00,545.00,35.00,95.00,1,-1,-1,-1
58,2931,784.00,510.00,19.00,55.00,1,-1,-1,-1
58,2933,631.00,537.00,34.00,86.00,1,-1,-1,-1
58,2935,752.00,509.00,21.00,50.00,1,-1,-1,-1
58,2928,1047.00,496.00,16.00,34.00,1,-1,-1,-1
58,2932,1229.00,496.00,18.00,42.00,1,-1,-1,-1
58,2943,553.00,554.00,30.00,86.00,1,-1,-1,-1
58,2960,820.00,515.00,19.00,52.00,1,-1,-1,-1
58,2974,1383.00,508.00,22.00,52.00,1,-1,-1,-1
58,2982,1287.00,505.00,21.00,51.00,1,-1,-1,-1
58,2984,601.00,544.00,32.00,87.00,1,-1,-1,-1
59,2920,415.00,563.00,46.00,120.00,1,-1,-1,-1
59,2922,1574.00,555.00,56.00,150.00,1,-1,-1,-1
59,2923,372.00,554.00,45.00,123.00,1,-1,-1,-1
59,2925,1666.00,526.00,40.00,103.00,1,-1,-1,-1
59,2926,1722.00,545.00,44.00,97.00,1,-1,-1,-1
59,2929,577.00,546.00,33.00,90.00,1,-1,-1,-1
59,2931,786.00,509.00,17.00,51.00,1,-1,-1,-1
59,2933,630.00,533.00,34.00,86.00,1,-1,-1,-1
59,2935,752.00,510.00,21.00,48.00,1,-1,-1,-1
59,2932,1231.00,494.00,16.00,40.00,1,-1,-1,-1
59,2943,553.00,551.00,30.00,86.00,1,-1,-1,-1
59,2960,819.00,515.00,18.00,48.00,1,-1,-1,-1
59,2974,1383.00,509.00,22.00,52.00,1,-1,-1,-1
59,2982,1288.00,504.00,22.00,51.00,1,-1,-1,-1
59,2984,598.00,541.00,34.00,93.00,1,-1,-1,-1
59,2985,1271.00,508.00,20.00,47.00,1,-1,-1,-1
59,2983,1046.00,498.00,13.00,30.00,1,-1,-1,-1
60,2920,416.00,558.00,46.00,120.00,1,-1,-1,-1
60,2922,1581.00,557.00,56.00,150.00,1,-1,-1,-1
60,2923,369.00,551.00,45.00,126.00,1,-1,-1,-1
60,2925,1668.00,526.00,41.00,105.00,1,-1,-1,-1
60,2926,1725.00,543.00,44.00,96.00,1,-1,-1,-1
60,2929,573.00,542.00,36.00,97.00,1,-1,-1,-1
60,2931,784.00,506.00,18.00,54.00,1,-1,-1,-1
60,2933,625.00,531.00,35.00,88.00,1,-1,-1,-1
60,2935,751.00,506.00,21.00,50.00,1,-1,-1,-1
60,2932,1230.00,493.00,18.00,44.00,1,-1,-1,-1
60,2943,547.00,552.00,30.00,84.00,1,-1,-1,-1
60,2960,820.00,514.00,18.00,48.00,1,-1,-1,-1
60,2974,1381.00,510.00,22.00,51.00,1,-1,-1,-1
60,2982,1290.00,503.00,21.00,51.00,1,-1,-1,-1
60,2984,599.00,539.00,35.00,93.00,1,-1,-1,-1
60,2985,1268.00,507.00,18.00,42.00,1,-1,-1,-1
60,2983,1045.00,495.00,14.00,31.00,1,-1,-1,-1
60,2928,1051.00,496.00,15.00,31.00,1,-1,-1,-1
61,2920,419.00,564.00,43.00,114.00,1,-1,-1,-1
61,2922,1585.00,555.00,57.00,154.00,1,-1,-1,-1
61,2923,368.00,554.00,44.00,121.00,1,-1,-1,-1
61,2925,1673.00,520.00,40.00,105.00,1,-1,-1,-1
61,2926,1729.00,542.00,44.00,96.00,1,-1,-1,-1
61,2929,572.00,544.00,35.00,92.00,1,-1,-1,-1
61,2931,783.00,507.00,19.00,54.00,1,-1,-1,-1
61,2933,621.00,533.00,34.00,84.00,1,-1,-1,-1
61,2935,749.00,504.00,23.00,54.00,1,-1,-1,-1
61,2932,1230.00,491.00,17.00,39.00,1,-1,-1,-1
61,2943,542.00,551.00,29.00,83.00,1,-1,-1,-1
61,2960,821.00,516.00,17.00,46.00,1,-1,-1,-1
61,2974,1380.00,506.00,22.00,51.00,1,-1,-1,-1
61,2982,1288.00,499.00,22.00,53.00,1,-1,-1,-1
61,2984,595.00,540.00,34.00,94.00,1,-1,-1,-1
61,2985,1269.00,502.00,20.00,48.00,1,-1,-1,-1
61,2983,1043.00,494.00,15.00,34.00,1,-1,-1,-1
62,2920,412.00,557.00,45.00,119.00,1,-1,-1,-1
62,2922,1588.00,552.00,58.00,156.00,1,-1,-1,-1
62,2923,366.00,551.00,43.00,120.00,1,-1,-1,-1
62,2925,1678.00,524.00,40.00,104.00,1,-1,-1,-1
62,2926,1729.00,538.00,49.00,106.00,1,-1,-1,-1
62,2929,567.00,540.00,36.00,98.00,1,-1,-1,-1
62,2931,781.00,503.00,20.00,58.00,1,-1,-1,-1
62,2933,619.00,533.00,33.00,83.00,1,-1,-1,-1
62,2935,749.00,504.00,22.00,53.00,1,-1,-1,-1
62,2932,1232.00,495.00,15.00,37.00,1,-1,-1,-1
62,2943,541.00,545.00,30.00,86.00,1,-1,-1,-1
62,2960,818.00,513.00,19.00,49.00,1,-1,-1,-1
62,2974,1385.00,505.00,22.00,52.00,1,-1,-1,-1
62,2982,1291.00,499.00,23.00,53.00,1,-1,-1,-1
62,2984,592.00,535.00,36.00,97.00,1,-1,-1,-1
62,2985,1271.00,505.00,21.00,48.00,1,-1,-1,-1
62,2983,1043.00,493.00,13.00,29.00,1,-1,-1,-1
63,2920,409.00,568.00,45.00,116.00,1,-1,-1,-1
63,2922,1597.00,547.00,55.00,151.00,1,-1,-1,-1
63,2923,364.00,564.00,43.00,118.00,1,-1,-1,-1
63,2925,1682.00,517.00,38.00,98.00,1,-1,-1,-1
63,2926,1738.00,532.00,47.00,103.00,1,-1,-1,-1
63,2929,565.00,547.00,36.00,97.00,1,-1,-1,-1
63,2931,779.00,508.00,19.00,56.00,1,-1,-1,-1
63,2933,616.00,536.00,35.00,89.00,1,-1,-1,-1
63,2935,744.00,511.00,23.00,54.00,1,-1,-1,-1
63,2932,1232.00,490.00,16.00,37.00,1,-1,-1,-1
63,2943,539.00,554.00,31.00,87.00,1,-1,-1,-1
63,2960,817.00,517.00,18.00,48.00,1,-1,-1,-1
63,2974,1386.00,498.00,23.00,53.00,1,-1,-1,-1
63,2982,1290.00,495.00,21.00,52.00,1,-1,-1,-1
63,2984,590.00,540.00,37.00,101.00,1,-1,-1,-1
63,2985,1272.00,500.00,20.00,48.00,1,-1,-1,-1
63,2983,1041.00,494.00,14.00,29.00,1,-1,-1,-1
64,2920,410.00,560.00,45.00,118.00,1,-1,-1,-1
64,2922,1603.00,559.00,53.00,144.00,1,-1,-1,-1
64,2923,360.00,558.00,43.00,116.00,1,-1,-1,-1
64,2925,1688.00,523.00,38.00,100.00,1,-1,-1,-1
64,2926,1739.00,538.00,47.00,104.00,1,-1,-1,-1
64,2929,562.00,540.00,37.00,97.00,1,-1,-1,-1
64,2931,783.00,507.00,18.00,54.00,1,-1,-1,-1
64,2933,613.00,531.00,37.00,92.00,1,-1,-1,-1
64,2935,743.00,503.00,24.00,57.00,1,-1,-1,-1
64,2932,1234.00,491.00,16.00,39.00,1,-1,-1,-1
64,2943,537.00,547.00,32.00,91.00,1,-1,-1,-1
64,2960,817.00,513.00,18.00,49.00,1,-1,-1,-1
64,2974,1387.00,503.00,24.00,53.00,1,-1,-1,-1
64,2982,1289.00,498.00,22.00,52.00,1,-1,-1,-1
64,2984,590.00,537.00,35.00,96.00,1,-1,-1,-1
64,2985,1275.00,503.00,19.00,46.00,1,-1,-1,-1
64,2983,1040.00,494.00,15.00,32.00,1,-1,-1,-1
64,2988,1664.00,503.00,29.00,58.00,1,-1,-1,-1
64,2990,763.00,505.00,19.00,51.00,1,-1,-1,-1
65,2920,403.00,562.00,46.00,122.00,1,-1,-1,-1
65,2922,1608.00,561.00,54.00,146.00,1,-1,-1,-1
65,2923,358.00,562.00,43.00,118.00,1,-1,-1,-1
65,2925,1690.00,527.00,38.00,96.00,1,-1,-1,-1
65,2926,1740.00,532.00,48.00,108.00,1,-1,-1,-1
65,2929,558.00,545.00,36.00,98.00,1,-1,-1,-1
65,2931,781.00,509.00,18.00,50.00,1,-1,-1,-1
65,2933,611.00,533.00,37.00,94.00,1,-1,-1,-1
65,2935,742.00,506.00,23.00,56.00,1,-1,-1,-1
65,2932,1231.00,493.00,18.00,41.00,1,-1,-1,-1
65,2943,531.00,546.00,34.00,96.00,1,-1,-1,-1
65,2960,813.00,514.00,20.00,52.00,1,-1,-1,-1
65,2974,1386.00,501.00,23.00,53.00,1,-1,-1,-1
65,2982,1290.00,499.00,21.00,51.00,1,-1,-1,-1
65,2984,589.00,543.00,34.00,92.00,1,-1,-1,-1
65,2985,1271.00,503.00,20.00,46.00,1,-1,-1,-1
65,2983,1038.00,493.00,14.00,31.00,1,-1,-1,-1
65,2988,1659.00,499.00,32.00,66.00,1,-1,-1,-1
65,2990,763.00,508.00,18.00,47.00,1,-1,-1,-1
66,2920,402.00,570.00,44.00,116.00,1,-1,-1,-1
66,2922,1613.00,559.00,55.00,148.00,1,-1,-1,-1
66,2923,355.00,567.00,42.00,117.00,1,-1,-1,-1
66,2925,1694.00,521.00,38.00,97.00,1,-1,-1,-1
66,2926,1748.00,530.00,47.00,104.00,1,-1,-1,-1
66,2929,555.00,550.00,36.00,97.00,1,-1,-1,-1
66,2931,778.00,512.00,18.00,50.00,1,-1,-1,-1
66,2933,611.00,535.00,36.00,92.00,1,-1,-1,-1
66,2935,742.00,507.00,23.00,55.00,1,-1,-1,-1
66,2932,1232.00,490.00,17.00,42.00,1,-1,-1,-1
66,2943,530.00,556.00,32.00,89.00,1,-1,-1,-1
66,2960,813.00,517.00,20.00,54.00,1,-1,-1,-1
66,2974,1386.00,499.00,24.00,53.00,1,-1,-1,-1
66,2982,1289.00,498.00,21.00,51.00,1,-1,-1,-1
66,2984,587.00,544.00,37.00,101.00,1,-1,-1,-1
66,2985,1270.00,498.00,19.00,45.00,1,-1,-1,-1
66,2983,1034.00,492.00,16.00,32.00,1,-1,-1,-1
66,2988,1659.00,497.00,31.00,65.00,1,-1,-1,-1
66,2990,761.00,510.00,20.00,51.00,1,-1,-1,-1
67,2920,400.00,561.00,45.00,116.00,1,-1,-1,-1
67,2922,1615.00,565.00,57.00,154.00,1,-1,-1,-1
67,2923,351.00,559.00,43.00,118.00,1,-1,-1,-1
67,2925,1697.00,528.00,38.00,100.00,1,-1,-1,-1
67,2926,1750.00,541.00,46.00,104.00,1,-1,-1,-1
67,2929,553.00,545.00,37.00,98.00,1,-1,-1,-1
67,2931,777.00,509.00,19.00,53.00,1,-1,-1,-1
67,2933,610.00,535.00,35.00,91.00,1,-1,-1,-1
67,2935,739.00,506.00,23.00,56.00,1,-1,-1,-1
67,2932,1229.00,493.00,18.00,42.00,1,-1,-1,-1
67,2943,524.00,551.00,34.00,95.00,1,-1,-1,-1
67,2960,814.00,514.00,20.00,51.00,1,-1,-1,-1
67,2974,1385.00,504.00,23.00,52.00,1,-1,-1,-1
67,2982,1290.00,502.00,21.00,50.00,1,-1,-1,-1
67,2984,584.00,539.00,39.00,104.00,1,-1,-1,-1
67,2985,1273.00,503.00,20.00,46.00,1,-1,-1,-1
67,2983,1035.00,491.00,15.00,33.00,1,-1,-1,-1
67,2988,1660.00,505.00,32.00,68.00,1,-1,-1,-1
67,2990,763.00,510.00,17.00,45.00,1,-1,-1,-1
68,2920,395.00,567.00,44.00,116.00,1,-1,-1,-1
68,2922,1619.00,561.00,56.00,153.00,1,-1,-1,-1
68,2923,346.00,560.00,45.00,123.00,1,-1,-1,-1
68,2925,1698.00,522.00,41.00,106.00,1,-1,-1,-1
68,2926,1756.00,544.00,45.00,102.00,1,-1,-1,-1
68,2929,547.00,545.00,37.00,101.00,1,-1,-1,-1
68,2931,775.00,508.00,20.00,56.00,1,-1,-1,-1
68,2933,607.00,536.00,35.00,90.00,1,-1,-1,-1
68,2935,736.00,505.00,24.00,58.00,1,-1,-1,-1
68,2932,1227.00,491.00,17.00,42.00,1,-1,-1,-1
68,2943,520.00,553.00,35.00,97.00,1,-1,-1,-1
68,2960,811.00,514.00,21.00,54.00,1,-1,-1,-1
68,2974,1384.00,504.00,22.00,50.00,1,-1,-1,-1
68,2982,1291.00,503.00,20.00,48.00,1,-1,-1,-1
68,2984,583.00,541.00,38.00,102.00,1,-1,-1,-1
68,2985,1270.00,503.00,20.00,46.00,1,-1,-1,-1
68,2983,1031.00,494.00,14.00,29.00,1,-1,-1,-1
68,2988,1656.00,503.00,32.00,67.00,1,-1,-1,-1
68,2990,758.00,509.00,18.00,48.00,1,-1,-1,-1
69,2920,390.00,564.00,45.00,119.00,1,-1,-1,-1
69,2922,1624.00,571.00,59.00,158.00,1,-1,-1,-1
69,2923,339.00,551.00,46.00,126.00,1,-1,-1,-1
69,2925,1703.00,530.00,40.00,105.00,1,-1,-1,-1
69,2926,1762.00,553.00,44.00,100.00,1,-1,-1,-1
69,2929,545.00,546.00,37.00,99.00,1,-1,-1,-1
69,2931,774.00,506.00,20.00,57.00,1,-1,-1,-1
69,2933,608.00,536.00,33.00,86.00,1,-1,-1,-1
69,2935,735.00,506.00,23.00,57.00,1,-1,-1,-1
69,2932,1227.00,493.00,18.00,41.00,1,-1,-1,-1
69,2943,520.00,554.00,33.00,92.00,1,-1,-1,-1
69,2960,810.00,516.00,18.00,48.00,1,-1,-1,-1
69,2974,1381.00,507.00,23.00,50.00,1,-1,-1,-1
69,2982,1290.00,505.00,20.00,47.00,1,-1,-1,-1
69,2984,584.00,541.00,38.00,100.00,1,-1,-1,-1
69,2985,1272.00,502.00,21.00,49.00,1,-1,-1,-1
69,2983,1032.00,497.00,13.00,30.00,1,-1,-1,-1
69,2988,1656.00,508.00,32.00,66.00,1,-1,-1,-1
69,2990,757.00,507.00,18.00,48.00,1,-1,-1,-1
70,2920,384.00,565.00,45.00,117.00,1,-1,-1,-1
70,2922,1623.00,570.00,60.00,159.00,1,-1,-1,-1
70,2923,338.00,552.00,46.00,125.00,1,-1,-1,-1
70,2925,1705.00,528.00,39.00,104.00,1,-1,-1,-1
70,2926,1766.00,552.00,44.00,97.00,1,-1,-1,-1
70,2929,541.00,542.00,38.00,102.00,1,-1,-1,-1
70,2931,773.00,508.00,18.00,52.00,1,-1,-1,-1
70,2933,601.00,535.00,34.00,88.00,1,-1,-1,-1
70,2935,734.00,507.00,22.00,54.00,1,-1,-1,-1
70,2932,1225.00,495.00,17.00,39.00,1,-1,-1,-1
70,2943,514.00,551.00,34.00,94.00,1,-1,-1,-1
70,2960,809.00,515.00,18.00,47.00,1,-1,-1,-1
70,2974,1379.00,506.00,23.00,51.00,1,-1,-1,-1
70,2982,1291.00,503.00,20.00,50.00,1,-1,-1,-1
70,2984,578.00,540.00,37.00,100.00,1,-1,-1,-1
70,2985,1269.00,505.00,21.00,48.00,1,-1,-1,-1
70,2983,1030.00,493.00,16.00,33.00,1,-1,-1,-1
70,2988,1655.00,507.00,31.00,65.00,1,-1,-1,-1
70,2990,756.00,504.00,17.00,47.00,1,-1,-1,-1
71,2920,375.00,561.00,48.00,126.00,1,-1,-1,-1
71,2922,1627.00,572.00,58.00,156.00,1,-1,-1,-1
71,2923,333.00,551.00,48.00,130.00,1,-1,-1,-1
71,2925,1707.00,532.00,38.00,100.00,1,-1,-1,-1
71,2926,1766.00,555.00,45.00,99.00,1,-1,-1,-1
71,2929,538.00,545.00,39.00,103.00,1,-1,-1,-1
71,2931,771.00,506.00,18.00,52.00,1,-1,-1,-1
71,2933,595.00,531.00,36.00,94.00,1,-1,-1,-1
71,2935,732.00,510.00,21.00,51.00,1,-1,-1,-1
71,2932,1224.00,496.00,18.00,41.00,1,-1,-1,-1
71,2943,510.00,550.00,35.00,97.00,1,-1,-1,-1
71,2960,805.00,513.00,20.00,52.00,1,-1,-1,-1
71,2974,1380.00,508.00,22.00,48.00,1,-1,-1,-1
71,2982,1288.00,504.00,22.00,53.00,1,-1,-1,-1
71,2984,577.00,542.00,37.00,99.00,1,-1,-1,-1
71,2985,1266.00,507.00,21.00,48.00,1,-1,-1,-1
71,2983,1025.00,493.00,15.00,31.00,1,-1,-1,-1
71,2988,1650.00,503.00,33.00,71.00,1,-1,-1,-1
71,2990,753.00,506.00,18.00,47.00,1,-1,-1,-1
71,2996,1419.00,519.00,19.00,46.00,1,-1,-1,-1
72,2920,370.00,560.00,48.00,127.00,1,-1,-1,-1
72,2922,1633.00,565.00,60.00,162.00,1,-1,-1,-1
72,2923,325.00,554.00,47.00,129.00,1,-1,-1,-1
72,2925,1706.00,531.00,38.00,99.00,1,-1,-1,-1
72,2926,1768.00,550.00,45.00,103.00,1,-1,-1,-1
72,2929,534.00,546.00,39.00,103.00,1,-1,-1,-1
72,2931,768.00,506.00,20.00,57.00,1,-1,-1,-1
72,2933,592.00,531.00,38.00,97.00,1,-1,-1,-1
72,2935,727.00,507.00,21.00,54.00,1,-1,-1,-1
72,2932,1225.00,497.00,17.00,41.00,1,-1,-1,-1
72,2943,503.00,548.00,36.00,100.00,1,-1,-1,-1
72,2960,801.00,516.00,20.00,52.00,1,-1,-1,-1
72,2974,1377.00,505.00,23.00,52.00,1,-1,-1,-1
72,2982,1286.00,504.00,22.00,53.00,1,-1,-1,-1
72,2984,572.00,543.00,37.00,99.00,1,-1,-1,-1
72,2985,1264.00,503.00,21.00,48.00,1,-1,-1,-1
72,2983,1024.00,494.00,15.00,33.00,1,-1,-1,-1
72,2990,751.00,508.00,17.00,45.00,1,-1,-1,-1
73,2920,366.00,561.00,46.00,124.00,1,-1,-1,-1
73,2922,1639.00,573.00,61.00,163.00,1,-1,-1,-1
73,2923,322.00,553.00,46.00,126.00,1,-1,-1,-1
73,2925,1707.00,532.00,39.00,100.00,1,-1,-1,-1
73,2926,1771.00,551.00,45.00,103.00,1,-1,-1,-1
73,2929,528.00,544.00,40.00,106.00,1,-1,-1,-1
73,2931,768.00,506.00,19.00,55.00,1,-1,-1,-1
73,2933,591.00,533.00,35.00,91.00,1,-1,-1,-1
73,2935,726.00,507.00,22.00,53.00,1,-1,-1,-1
73,2932,1222.00,495.00,19.00,44.00,1,-1,-1,-1
73,2943,500.00,548.00,36.00,101.00,1,-1,-1,-1
73,2960,801.00,513.00,20.00,53.00,1,-1,-1,-1
73,2974,1377.00,507.00,23.00,50.00,1,-1,-1,-1
73,2982,1286.00,506.00,21.00,52.00,1,-1,-1,-1
73,2984,566.00,538.00,38.00,105.00,1,-1,-1,-1
73,2985,1264.00,502.00,21.00,49.00,1,-1,-1,-1
73,2983,1018.00,493.00,16.00,34.00,1,-1,-1,-1
73,2990,748.00,508.00,17.00,45.00,1,-1,-1,-1
73,3001,1428.00,509.00,24.00,62.00,1,-1,-1,-1
73,3002,1586.00,516.00,21.00,56.00,1,-1,-1,-1
74,2920,362.00,563.00,46.00,124.00,1,-1,-1,-1
74,2922,1647.00,574.00,59.00,157.00,1,-1,-1,-1
74,2923,316.00,555.00,47.00,129.00,1,-1,-1,-1
74,2925,1710.00,533.00,38.00,98.00,1,-1,-1,-1
74,2926,1775.00,556.00,45.00,102.00,1,-1,-1,-1
74,2929,527.00,548.00,37.00,97.00,1,-1,-1,-1
74,2931,764.00,505.00,20.00,56.00,1,-1,-1,-1
74,2933,587.00,533.00,35.00,91.00,1,-1,-1,-1
74,2935,725.00,506.00,21.00,53.00,1,-1,-1,-1
74,2932,1222.00,494.00,18.00,43.00,1,-1,-1,-1
74,2943,496.00,548.00,36.00,100.00,1,-1,-1,-1
74,2960,798.00,514.00,20.00,52.00,1,-1,-1,-1
74,2974,1374.00,504.00,25.00,55.00,1,-1,-1,-1
74,2982,1284.00,506.00,21.00,52.00,1,-1,-1,-1
74,2984,562.00,543.00,37.00,103.00,1,-1,-1,-1
74,2985,1263.00,500.00,21.00,49.00,1,-1,-1,-1
74,2983,1015.00,494.00,15.00,31.00,1,-1,-1,-1
74,2990,746.00,504.00,17.00,46.00,1,-1,-1,-1
74,3002,1587.00,520.00,19.00,50.00,1,-1,-1,-1
74,2996,1414.00,507.00,26.00,62.00,1,-1,-1,-1
75,2920,355.00,558.00,48.00,127.00,1,-1,-1,-1
75,2922,1649.00,576.00,60.00,160.00,1,-1,-1,-1
75,2923,312.00,559.00,44.00,123.00,1,-1,-1,-1
75,2925,1709.00,533.00,38.00,100.00,1,-1,-1,-1
75,2926,1772.00,555.00,46.00,104.00,1,-1,-1,-1
75,2929,520.00,547.00,39.00,103.00,1,-1,-1,-1
75,2931,762.00,508.00,20.00,55.00,1,-1,-1,-1
75,2933,582.00,533.00,34.00,90.00,1,-1,-1,-1
75,2935,719.00,507.00,22.00,55.00,1,-1,-1,-1
75,2932,1220.00,496.00,17.00,42.00,1,-1,-1,-1
75,2943,491.00,550.00,35.00,97.00,1,-1,-1,-1
75,2960,796.00,514.00,20.00,51.00,1,-1,-1,-1
75,2974,1368.00,505.00,26.00,57.00,1,-1,-1,-1
75,2982,1283.00,507.00,19.00,48.00,1,-1,-1,-1
75,2984,554.00,538.00,41.00,116.00,1,-1,-1,-1
75,2985,1261.00,503.00,22.00,50.00,1,-1,-1,-1
75,2983,1015.00,495.00,15.00,32.00,1,-1,-1,-1
75,2990,741.00,504.00,17.00,46.00,1,-1,-1,-1
75,3002,1586.00,525.00,18.00,47.00,1,-1,-1,-1
75,3004,1563.00,523.00,21.00,45.00,1,-1,-1,-1
75,2996,1416.00,506.00,25.00,59.00,1,-1,-1,-1
76,2920,352.00,555.00,48.00,127.00,1,-1,-1,-1
76,2922,1645.00,572.00,64.00,174.00,1,-1,-1,-1
76,2923,307.00,557.00,45.00,123.00,1,-1,-1,-1
76,2925,1711.00,533.00,37.00,99.00,1,-1,-1,-1
76,2926,1772.00,553.00,47.00,106.00,1,-1,-1,-1
76,2929,511.00,545.00,40.00,105.00,1,-1,-1,-1
76,2931,760.00,506.00,20.00,58.00,1,-1,-1,-1
76,2933,577.00,531.00,36.00,93.00,1,-1,-1,-1
76,2935,715.00,506.00,23.00,57.00,1,-1,-1,-1
76,2932,1217.00,495.00,17.00,42.00,1,-1,-1,-1
76,2943,487.00,550.00,34.00,96.00,1,-1,-1,-1
76,2960,794.00,514.00,19.00,50.00,1,-1,-1,-1
76,2974,1365.00,507.00,25.00,55.00,1,-1,-1,-1
76,2982,1283.00,508.00,19.00,48.00,1,-1,-1,-1
76,2984,551.00,539.00,40.00,112.00,1,-1,-1,-1
76,2985,1260.00,502.00,22.00,52.00,1,-1,-1,-1
76,2983,1013.00,495.00,14.00,29.00,1,-1,-1,-1
76,2990,743.00,509.00,15.00,40.00,1,-1,-1,-1
76,3002,1584.00,524.00,19.00,48.00,1,-1,-1,-1
76,3004,1561.00,523.00,20.00,45.00,1,-1,-1,-1
76,2996,1416.00,506.00,24.00,59.00,1,-1,-1,-1
76,3005,1007.00,492.00,13.00,30.00,1,-1,-1,-1
76,3006,1599.00,525.00,19.00,46.00,1,-1,-1,-1
77,2920,349.00,558.00,48.00,126.00,1,-1,-1,-1
77,2922,1650.00,572.00,65.00,175.00,1,-1,-1,-1
77,2923,297.00,555.00,47.00,127.00,1,-1,-1,-1
77,2925,1714.00,538.00,36.00,95.00,1,-1,-1,-1
77,2926,1774.00,555.00,47.00,107.00,1,-1,-1,-1
77,2929,505.00,547.00,39.00,104.00,1,-1,-1,-1
77,2931,759.00,506.00,21.00,58.00,1,-1,-1,-1
77,2933,574.00,532.00,35.00,92.00,1,-1,-1,-1
77,2935,714.00,504.00,22.00,55.00,1,-1,-1,-1
77,2932,1217.00,496.00,17.00,42.00,1,-1,-1,-1
77,2943,482.00,552.00,35.00,95.00,1,-1,-1,-1
77,2960,790.00,516.00,18.00,49.00,1,-1,-1,-1
77,2974,1364.00,509.00,25.00,53.00,1,-1,-1,-1
77,2982,1279.00,506.00,20.00,50.00,1,-1,-1,-1
77,2984,549.00,540.00,38.00,108.00,1,-1,-1,-1
77,2985,1257.00,504.00,23.00,54.00,1,-1,-1,-1
77,2990,737.00,509.00,17.00,43.00,1,-1,-1,-1
77,3002,1580.00,523.00,18.00,49.00,1,-1,-1,-1
77,3004,1553.00,522.00,23.00,51.00,1,-1,-1,-1
77,2996,1415.00,506.00,26.00,62.00,1,-1,-1,-1
77,3005,1006.00,495.00,14.00,31.00,1,-1,-1,-1
78,2920,343.00,559.00,48.00,127.00,1,-1,-1,-1
78,2922,1655.00,578.00,65.00,174.00,1,-1,-1,-1
78,2923,291.00,548.00,48.00,130.00,1,-1,-1,-1
78,2925,1715.00,536.00,37.00,97.00,1,-1,-1,-1
78,2926,1772.00,554.00,47.00,109.00,1,-1,-1,-1
78,2929,502.00,548.00,39.00,105.00,1,-1,-1,-1
78,2931,756.00,504.00,21.00,58.00,1,-1,-1,-1
78,2933,566.00,533.00,36.00,94.00,1,-1,-1,-1
78,2935,710.00,505.00,22.00,55.00,1,-1,-1,-1
78,2932,1213.00,496.00,17.00,41.00,1,-1,-1,-1
78,2943,476.00,554.00,34.00,95.00,1,-1,-1,-1
78,2960,785.00,512.00,20.00,53.00,1,-1,-1,-1
78,2974,1358.00,508.00,25.00,54.00,1,-1,-1,-1
78,2982,1278.00,507.00,19.00,47.00,1,-1,-1,-1
78,2984,543.00,540.00,39.00,110.00,1,-1,-1,-1
78,2985,1255.00,504.00,23.00,52.00,1,-1,-1,-1
78,2990,734.00,505.00,18.00,46.00,1,-1,-1,-1
78,3002,1579.00,525.00,18.00,46.00,1,-1,-1,-1
78,3004,1552.00,521.00,23.00,52.00,1,-1,-1,-1
78,2996,1418.00,511.00,24.00,58.00,1,-1,-1,-1
78,3005,1004.00,492.00,13.00,31.00,1,-1,-1,-1
78,2976,1408.00,516.00,22.00,50.00,1,-1,-1,-1
79,2920,337.00,551.00,50.00,133.00,1,-1,-1,-1
79,2922,1657.00,579.00,66.00,175.00,1,-1,-1,-1
79,2923,285.00,555.00,46.00,123.00,1,-1,-1,-1
79,2925,1716.00,538.00,35.00,92.00,1,-1,-1,-1
79,2926,1775.00,556.00,46.00,107.00,1,-1,-1,-1
79,2929,497.00,547.00,39.00,103.00,1,-1,-1,-1
79,2931,755.00,502.00,20.00,58.00,1,-1,-1,-1
79,2933,562.00,531.00,38.00,98.00,1,-1,-1,-1
79,2935,705.00,502.00,23.00,57.00,1,-1,-1,-1
79,2932,1210.00,496.00,16.00,39.00,1,-1,-1,-1
79,2943,469.00,549.00,37.00,103.00,1,-1,-1,-1
79,2960,782.00,512.00,20.00,52.00,1,-1,-1,-1
79,2974,1354.00,506.00,26.00,56.00,1,-1,-1,-1
79,2982,1275.00,505.00,22.00,52.00,1,-1,-1,-1
79,2984,538.00,535.00,41.00,117.00,1,-1,-1,-1
79,2985,1254.00,502.00,24.00,55.00,1,-1,-1,-1
79,2990,730.00,507.00,17.00,42.00,1,-1,-1,-1
79,3002,1578.00,527.00,18.00,46.00,1,-1,-1,-1
79,3004,1551.00,523.00,23.00,51.00,1,-1,-1,-1
79,2996,1419.00,510.00,23.00,56.00,1,-1,-1,-1
79,3005,1000.00,489.00,15.00,35.00,1,-1,-1,-1
79,2976,1408.00,516.00,23.00,51.00,1,-1,-1,-1
80,2920,329.00,559.00,48.00,125.00,1,-1,-1,-1
80,2922,1662.00,580.00,67.00,177.00,1,-1,-1,-1
80,2923,277.00,549.00,50.00,136.00,1,-1,-1,-1
80,2925,1716.00,538.00,36.00,91.00,1,-1,-1,-1
80,2926,1776.00,550.00,47.00,109.00,1,-1,-1,-1
80,2929,490.00,547.00,40.00,105.00,1,-1,-1,-1
80,2931,749.00,502.00,22.00,60.00,1,-1,-1,-1
80,2933,558.00,532.00,38.00,99.00,1,-1,-1,-1
80,2935,701.00,503.00,24.00,59.00,1,-1,-1,-1
80,2932,1210.00,494.00,17.00,40.00,1,-1,-1,-1
80,2943,461.00,552.00,38.00,104.00,1,-1,-1,-1
80,2960,780.00,513.00,20.00,53.00,1,-1,-1,-1
80,2974,1354.00,505.00,24.00,53.00,1,-1,-1,-1
80,2982,1272.00,504.00,21.00,53.00,1,-1,-1,-1
80,2984,535.00,541.00,38.00,109.00,1,-1,-1,-1
80,2985,1251.00,502.00,24.00,55.00,1,-1,-1,-1
80,2990,728.00,505.00,17.00,42.00,1,-1,-1,-1
80,3002,1574.00,526.00,18.00,46.00,1,-1,-1,-1
80,3004,1546.00,520.00,23.00,52.00,1,-1,-1,-1
80,2996,1419.00,513.00,21.00,51.00,1,-1,-1,-1
80,3005,995.00,487.00,16.00,39.00,1,-1,-1,-1
80,2976,1407.00,512.00,22.00,51.00,1,-1,-1,-1
81,2920,322.00,556.00,51.00,132.00,1,-1,-1,-1
81,2922,1658.00,577.00,68.00,183.00,1,-1,-1,-1
81,2923,270.00,555.00,48.00,128.00,1,-1,-1,-1
81,2925,1713.00,537.00,36.00,94.00,1,-1,-1,-1
81,2926,1776.00,550.00,47.00,109.00,1,-1,-1,-1
81,2929,485.00,549.00,39.00,103.00,1,-1,-1,-1
81,2931,748.00,504.00,21.00,58.00,1,-1,-1,-1
81,2933,551.00,531.00,38.00,99.00,1,-1,-1,-1
81,2935,700.00,502.00,23.00,57.00,1,-1,-1,-1
81,2932,1206.00,493.00,17.00,41.00,1,-1,-1,-1
81,2943,453.00,547.00,38.00,104.00,1,-1,-1,-1
81,2960,775.00,511.00,21.00,54.00,1,-1,-1,-1
81,2974,1352.00,506.00,23.00,51.00,1,-1,-1,-1
81,2982,1271.00,506.00,21.00,51.00,1,-1,-1,-1
81,2984,528.00,540.00,38.00,109.00,1,-1,-1,-1
81,2985,1249.00,500.00,22.00,52.00,1,-1,-1,-1
81,2990,723.00,506.00,17.00,43.00,1,-1,-1,-1
81,3002,1573.00,525.00,17.00,45.00,1,-1,-1,-1
81,3004,1545.00,519.00,22.00,51.00,1,-1,-1,-1
81,2996,1422.00,512.00,21.00,50.00,1,-1,-1,-1
81,3005,991.00,488.00,16.00,35.00,1,-1,-1,-1
81,2976,1406.00,512.00,22.00,52.00,1,-1,-1,-1
81,2983,995.00,490.00,18.00,38.00,1,-1,-1,-1
82,2920,313.00,559.00,48.00,127.00,1,-1,-1,-1
82,2922,1659.00,581.00,65.00,174.00,1,-1,-1,-1
82,2923,265.00,555.00,45.00,122.00,1,-1,-1,-1
82,2925,1711.00,532.00,38.00,101.00,1,-1,-1,-1
82,2926,1776.00,551.00,45.00,105.00,1,-1,-1,-1
82,2929,474.00,542.00,42.00,111.00,1,-1,-1,-1
82,2931,745.00,505.00,20.00,55.00,1,-1,-1,-1
82,2933,546.00,530.00,39.00,103.00,1,-1,-1,-1
82,2935,695.00,502.00,23.00,59.00,1,-1,-1,-1
82,2932,1203.00,493.00,17.00,42.00,1,-1,-1,-1
82,2943,445.00,550.00,38.00,104.00,1,-1,-1,-1
82,2960,772.00,512.00,20.00,51.00,1,-1,-1,-1
82,2974,1350.00,506.00,24.00,55.00,1,-1,-1,-1
82,2982,1267.00,507.00,19.00,47.00,1,-1,-1,-1
82,2984,522.00,541.00,38.00,110.00,1,-1,-1,-1
82,2985,1246.00,500.00,23.00,52.00,1,-1,-1,-1
82,2990,721.00,509.00,16.00,40.00,1,-1,-1,-1
82,3004,1544.00,517.00,23.00,54.00,1,-1,-1,-1
82,2996,1420.00,511.00,21.00,50.00,1,-1,-1,-1
82,3005,989.00,490.00,15.00,34.00,1,-1,-1,-1
82,2976,1403.00,511.00,24.00,55.00,1,-1,-1,-1
83,2920,309.00,563.00,48.00,126.00,1,-1,-1,-1
83,2922,1668.00,584.00,64.00,168.00,1,-1,-1,-1
83,2923,257.00,557.00,47.00,126.00,1,-1,-1,-1
83,2925,1709.00,531.00,40.00,105.00,1,-1,-1,-1
83,2926,1777.00,551.00,47.00,109.00,1,-1,-1,-1
83,2929,467.00,546.00,43.00,112.00,1,-1,-1,-1
83,2931,740.00,506.00,20.00,55.00,1,-1,-1,-1
83,2933,542.00,533.00,38.00,97.00,1,-1,-1,-1
83,2935,689.00,502.00,25.00,62.00,1,-1,-1,-1
83,2932,1201.00,492.00,18.00,44.00,1,-1,-1,-1
83,2943,440.00,550.00,38.00,103.00,1,-1,-1,-1
83,2960,770.00,513.00,19.00,51.00,1,-1,-1,-1
83,2974,1346.00,507.00,24.00,52.00,1,-1,-1,-1
83,2982,1265.00,507.00,19.00,46.00,1,-1,-1,-1
83,2984,519.00,543.00,37.00,109.00,1,-1,-1,-1
83,2985,1244.00,502.00,22.00,49.00,1,-1,-1,-1
83,2990,713.00,507.00,18.00,45.00,1,-1,-1,-1
83,3004,1540.00,518.00,23.00,52.00,1,-1,-1,-1
83,2996,1416.00,514.00,20.00,49.00,1,-1,-1,-1
83,3005,987.00,490.00,15.00,32.00,1,-1,-1,-1
83,2976,1401.00,511.00,23.00,52.00,1,-1,-1,-1
83,3002,1571.00,522.00,19.00,48.00,1,-1,-1,-1
83,2983,980.00,486.00,20.00,43.00,1,-1,-1,-1
84,2920,305.00,565.00,49.00,128.00,1,-1,-1,-1
84,2922,1667.00,586.00,66.00,169.00,1,-1,-1,-1
84,2923,250.00,556.00,48.00,132.00,1,-1,-1,-1
84,2925,1711.00,533.00,37.00,96.00,1,-1,-1,-1
84,2926,1778.00,552.00,44.00,103.00,1,-1,-1,-1
84,2929,462.00,544.00,43.00,113.00,1,-1,-1,-1
84,2931,738.00,505.00,20.00,55.00,1,-1,-1,-1
84,2933,536.00,531.00,38.00,100.00,1,-1,-1,-1
84,2935,688.00,502.00,22.00,57.00,1,-1,-1,-1
84,2932,1198.00,491.00,18.00,43.00,1,-1,-1,-1
84,2943,434.00,557.00,35.00,95.00,1,-1,-1,-1
84,2960,768.00,513.00,19.00,51.00,1,-1,-1,-1
84,2974,1345.00,507.00,23.00,51.00,1,-1,-1,-1
84,2982,1263.00,504.00,21.00,51.00,1,-1,-1,-1
84,2984,514.00,542.00,38.00,110.00,1,-1,-1,-1
84,2985,1244.00,502.00,22.00,50.00,1,-1,-1,-1
84,2990,709.00,507.00,18.00,46.00,1,-1,-1,-1
84,3004,1538.00,516.00,24.00,55.00,1,-1,-1,-1
84,2996,1412.00,509.00,22.00,55.00,1,-1,-1,-1
84,3005,982.00,490.00,14.00,32.00,1,-1,-1,-1
84,2976,1401.00,512.00,21.00,51.00,1,-1,-1,-1
84,3002,1566.00,522.00,19.00,47.00,1,-1,-1,-1
85,2920,298.00,564.00,51.00,133.00,1,-1,-1,-1
85,2922,1668.00,578.00,68.00,181.00,1,-1,-1,-1
85,2923,241.00,560.00,48.00,131.00,1,-1,-1,-1
85,2925,1704.00,529.00,43.00,112.00,1,-1,-1,-1
85,2926,1778.00,552.00,45.00,103.00,1,-1,-1,-1
85,2929,457.00,546.00,43.00,114.00,1,-1,-1,-1
85,2931,731.00,507.00,21.00,57.00,1,-1,-1,-1
85,2933,533.00,536.00,39.00,101.00,1,-1,-1,-1
85,2935,687.00,506.00,21.00,54.00,1,-1,-1,-1
85,2932,1195.00,493.00,17.00,42.00,1,-1,-1,-1
85,2943,426.00,557.00,36.00,97.00,1,-1,-1,-1
85,2960,762.00,513.00,21.00,53.00,1,-1,-1,-1
85,2974,1340.00,508.00,25.00,54.00,1,-1,-1,-1
85,2982,1259.00,504.00,21.00,50.00,1,-1,-1,-1
85,2984,510.00,545.00,38.00,110.00,1,-1,-1,-1
85,2985,1237.00,502.00,23.00,52.00,1,-1,-1,-1
85,2990,707.00,508.00,18.00,45.00,1,-1,-1,-1
85,3004,1535.00,521.00,22.00,50.00,1,-1,-1,-1
85,2996,1410.00,511.00,23.00,56.00,1,-1,-1,-1
85,3005,981.00,491.00,14.00,32.00,1,-1,-1,-1
85,2976,1399.00,514.00,22.00,53.00,1,-1,-1,-1
85,3002,1564.00,523.00,19.00,46.00,1,-1,-1,-1
85,2983,974.00,490.00,18.00,40.00,1,-1,-1,-1
86,2920,293.00,570.00,49.00,128.00,1,-1,-1,-1
86,2922,1675.00,585.00,69.00,179.00,1,-1,-1,-1
86,2923,234.00,563.00,47.00,129.00,1,-1,-1,-1
86,2925,1702.00,530.00,42.00,111.00,1,-1,-1,-1
86,2926,1778.00,550.00,48.00,108.00,1,-1,-1,-1
86,2929,453.00,549.00,42.00,111.00,1,-1,-1,-1
86,2931,727.00,505.00,21.00,58.00,1,-1,-1,-1
86,2933,526.00,538.00,39.00,101.00,1,-1,-1,-1
86,2935,682.00,508.00,23.00,57.00,1,-1,-1,-1
86,2932,1193.00,492.00,17.00,44.00,1,-1,-1,-1
86,2943,420.00,560.00,34.00,95.00,1,-1,-1,-1
86,2974,1339.00,509.00,22.00,50.00,1,-1,-1,-1
86,2982,1258.00,501.00,21.00,51.00,1,-1,-1,-1
86,2984,504.00,541.00,40.00,116.00,1,-1,-1,-1
86,2985,1237.00,501.00,23.00,53.00,1,-1,-1,-1
86,2990,704.00,508.00,17.00,43.00,1,-1,-1,-1
86,3004,1534.00,520.00,23.00,54.00,1,-1,-1,-1
86,2996,1407.00,511.00,22.00,53.00,1,-1,-1,-1
86,3005,978.00,488.00,16.00,37.00,1,-1,-1,-1
86,2976,1394.00,512.00,23.00,52.00,1,-1,-1,-1
86,3002,1561.00,524.00,18.00,45.00,1,-1,-1,-1
86,3011,1380.00,517.00,22.00,51.00,1,-1,-1,-1
86,2983,971.00,492.00,16.00,35.00,1,-1,-1,-1
87,2920,283.00,569.00,48.00,125.00,1,-1,-1,-1
87,2922,1676.00,586.00,71.00,185.00,1,-1,-1,-1
87,2923,228.00,561.00,50.00,134.00,1,-1,-1,-1
87,2925,1703.00,532.00,40.00,105.00,1,-1,-1,-1
87,2926,1780.00,554.00,46.00,103.00,1,-1,-1,-1
87,2929,445.00,554.00,41.00,109.00,1,-1,-1,-1
87,2931,724.00,507.00,21.00,57.00,1,-1,-1,-1
87,2933,519.00,536.00,40.00,105.00,1,-1,-1,-1
87,2935,680.00,506.00,22.00,57.00,1,-1,-1,-1
87,2932,1190.00,494.00,17.00,41.00,1,-1,-1,-1
87,2943,414.00,559.00,37.00,100.00,1,-1,-1,-1
87,2974,1337.00,511.00,22.00,49.00,1,-1,-1,-1
87,2982,1254.00,505.00,20.00,47.00,1,-1,-1,-1
87,2984,499.00,544.00,40.00,115.00,1,-1,-1,-1
87,2985,1236.00,504.00,22.00,51.00,1,-1,-1,-1
87,2990,700.00,508.00,18.00,44.00,1,-1,-1,-1
87,3004,1531.00,520.00,22.00,51.00,1,-1,-1,-1
87,2996,1404.00,510.00,23.00,56.00,1,-1,-1,-1
87,2976,1394.00,524.00,20.00,48.00,1,-1,-1,-1
87,3002,1557.00,519.00,21.00,53.00,1,-1,-1,-1
87,3011,1384.00,515.00,21.00,49.00,1,-1,-1,-1
87,2983,970.00,492.00,15.00,33.00,1,-1,-1,-1
87,2960,753.00,516.00,21.00,54.00,1,-1,-1,-1
88,2920,277.00,575.00,48.00,124.00,1,-1,-1,-1
88,2922,1680.00,582.00,72.00,187.00,1,-1,-1,-1
88,2923,223.00,563.00,48.00,129.00,1,-1,-1,-1
88,2925,1705.00,532.00,37.00,96.00,1,-1,-1,-1
88,2926,1778.00,555.00,47.00,107.00,1,-1,-1,-1
88,2929,439.00,557.00,41.00,109.00,1,-1,-1,-1
88,2931,720.00,508.00,21.00,57.00,1,-1,-1,-1
88,2933,514.00,540.00,39.00,102.00,1,-1,-1,-1
88,2935,676.00,508.00,22.00,57.00,1,-1,-1,-1
88,2932,1189.00,494.00,17.00,41.00,1,-1,-1,-1
88,2943,405.00,562.00,37.00,103.00,1,-1,-1,-1
88,2974,1330.00,508.00,24.00,53.00,1,-1,-1,-1
88,2982,1254.00,506.00,19.00,48.00,1,-1,-1,-1
88,2984,493.00,549.00,39.00,114.00,1,-1,-1,-1
88,2985,1234.00,506.00,21.00,49.00,1,-1,-1,-1
88,2990,698.00,511.00,16.00,42.00,1,-1,-1,-1
88,3004,1527.00,518.00,23.00,54.00,1,-1,-1,-1
88,2996,1403.00,509.00,24.00,59.00,1,-1,-1,-1
88,3002,1556.00,522.00,20.00,50.00,1,-1,-1,-1
88,3011,1384.00,519.00,22.00,49.00,1,-1,-1,-1
88,2983,964.00,493.00,14.00,33.00,1,-1,-1,-1
88,2960,751.00,518.00,20.00,54.00,1,-1,-1,-1
89,2920,271.00,569.00,50.00,128.00,1,-1,-1,-1
89,2922,1675.00,577.00,74.00,195.00,1,-1,-1,-1
89,2923,214.00,570.00,46.00,124.00,1,-1,-1,-1
89,2926,1776.00,554.00,49.00,111.00,1,-1,-1,-1
89,2929,431.00,560.00,42.00,109.00,1,-1,-1,-1
89,2931,715.00,511.00,22.00,58.00,1,-1,-1,-1
89,2933,509.00,542.00,39.00,100.00,1,-1,-1,-1
89,2935,671.00,507.00,24.00,61.00,1,-1,-1,-1
89,2932,1185.00,494.00,17.00,45.00,1,-1,-1,-1
89,2943,397.00,562.00,38.00,104.00,1,-1,-1,-1
89,2974,1324.00,508.00,24.00,55.00,1,-1,-1,-1
89,2982,1249.00,507.00,20.00,48.00,1,-1,-1,-1
89,2984,488.00,554.00,39.00,112.00,1,-1,-1,-1
89,2985,1231.00,507.00,21.00,47.00,1,-1,-1,-1
89,2990,690.00,508.00,20.00,48.00,1,-1,-1,-1
89,3004,1530.00,517.00,24.00,54.00,1,-1,-1,-1
89,2996,1401.00,512.00,23.00,57.00,1,-1,-1,-1
89,3002,1556.00,524.00,20.00,49.00,1,-1,-1,-1
89,3011,1384.00,517.00,24.00,53.00,1,-1,-1,-1
89,2983,958.00,496.00,15.00,32.00,1,-1,-1,-1
89,3005,960.00,489.00,20.00,45.00,1,-1,-1,-1
90,2920,265.00,577.00,48.00,125.00,1,-1,-1,-1
90,2922,1676.00,584.00,76.00,201.00,1,-1,-1,-1
90,2923,208.00,571.00,49.00,132.00,1,-1,-1,-1
90,2926,1777.00,554.00,49.00,112.00,1,-1,-1,-1
90,2929,423.00,565.00,42.00,108.00,1,-1,-1,-1
90,2931,713.00,512.00,22.00,59.00,1,-1,-1,-1
90,2933,502.00,543.00,40.00,103.00,1,-1,-1,-1
90,2935,666.00,509.00,25.00,63.00,1,-1,-1,-1
90,2932,1181.00,494.00,19.00,47.00,1,-1,-1,-1
90,2943,393.00,571.00,36.00,99.00,1,-1,-1,-1
90,2974,1322.00,510.00,24.00,54.00,1,-1,-1,-1
90,2982,1247.00,509.00,20.00,48.00,1,-1,-1,-1
90,2984,482.00,556.00,40.00,117.00,1,-1,-1,-1
90,2985,1228.00,505.00,22.00,51.00,1,-1,-1,-1
90,2990,687.00,512.00,19.00,47.00,1,-1,-1,-1
90,3004,1533.00,519.00,23.00,52.00,1,-1,-1,-1
90,2996,1400.00,514.00,23.00,56.00,1,-1,-1,-1
90,3002,1552.00,527.00,20.00,48.00,1,-1,-1,-1
90,3011,1377.00,519.00,24.00,55.00,1,-1,-1,-1
90,2983,955.00,499.00,15.00,32.00,1,-1,-1,-1
90,2976,1388.00,521.00,22.00,51.00,1,-1,-1,-1
90,2925,1707.00,538.00,37.00,95.00,1,-1,-1,-1
90,2960,741.00,518.00,22.00,58.00,1,-1,-1,-1
91,2920,253.00,580.00,50.00,127.00,1,-1,-1,-1
91,2922,1681.00,592.00,75.00,199.00,1,-1,-1,-1
91,2923,204.00,572.00,48.00,130.00,1,-1,-1,-1
91,2926,1779.00,554.00,49.00,111.00,1,-1,-1,-1
91,2929,414.00,565.00,42.00,110.00,1,-1,-1,-1
91,2931,709.00,516.00,20.00,53.00,1,-1,-1,-1
91,2933,494.00,544.00,39.00,104.00,1,-1,-1,-1
91,2935,664.00,514.00,22.00,57.00,1,-1,-1,-1
91,2932,1179.00,498.00,18.00,45.00,1,-1,-1,-1
91,2943,384.00,571.00,37.00,102.00,1,-1,-1,-1
91,2974,1316.00,511.00,25.00,57.00,1,-1,-1,-1
91,2982,1242.00,508.00,20.00,48.00,1,-1,-1,-1
91,2984,471.00,557.00,41.00,117.00,1,-1,-1,-1
91,2985,1225.00,507.00,21.00,49.00,1,-1,-1,-1
91,2990,684.00,513.00,19.00,48.00,1,-1,-1,-1
91,3004,1529.00,522.00,22.00,51.00,1,-1,-1,-1
91,2996,1401.00,518.00,24.00,58.00,1,-1,-1,-1
91,3002,1549.00,524.00,22.00,54.00,1,-1,-1,-1
91,3011,1373.00,520.00,24.00,56.00,1,-1,-1,-1
91,2983,951.00,500.00,14.00,31.00,1,-1,-1,-1
91,3017,1514.00,523.00,23.00,59.00,1,-1,-1,-1
91,2976,1391.00,519.00,21.00,50.00,1,-1,-1,-1
91,2925,1703.00,538.00,36.00,95.00,1,-1,-1,-1
91,2960,739.00,519.00,20.00,55.00,1,-1,-1,-1
91,3005,957.00,494.00,16.00,37.00,1,-1,-1,-1
92,2920,251.00,573.00,53.00,136.00,1,-1,-1,-1
92,2922,1685.00,592.00,76.00,200.00,1,-1,-1,-1
92,2923,196.00,576.00,49.00,131.00,1,-1,-1,-1
92,2926,1778.00,558.00,48.00,109.00,1,-1,-1,-1
92,2929,409.00,568.00,41.00,108.00,1,-1,-1,-1
92,2931,707.00,518.00,20.00,55.00,1,-1,-1,-1
92,2933,489.00,549.00,38.00,101.00,1,-1,-1,-1
92,2935,658.00,514.00,24.00,59.00,1,-1,-1,-1
92,2932,1177.00,502.00,17.00,44.00,1,-1,-1,-1
92,2943,375.00,573.00,40.00,109.00,1,-1,-1,-1
92,2974,1315.00,513.00,25.00,56.00,1,-1,-1,-1
92,2982,1239.00,508.00,21.00,52.00,1,-1,-1,-1
92,2984,464.00,562.00,40.00,115.00,1,-1,-1,-1
92,2985,1224.00,510.00,23.00,51.00,1,-1,-1,-1
92,2990,680.00,517.00,19.00,45.00,1,-1,-1,-1
92,3004,1528.00,523.00,24.00,53.00,1,-1,-1,-1
92,3002,1546.00,524.00,22.00,53.00,1,-1,-1,-1
92,3011,1371.00,522.00,24.00,55.00,1,-1,-1,-1
92,2983,944.00,500.00,14.00,31.00,1,-1,-1,-1
92,3017,1513.00,524.00,22.00,57.00,1,-1,-1,-1
92,2976,1391.00,519.00,22.00,51.00,1,-1,-1,-1
92,2925,1703.00,541.00,38.00,95.00,1,-1,-1,-1
92,2960,735.00,524.00,19.00,50.00,1,-1,-1,-1
92,3018,94.00,500.00,20.00,49.00,1,-1,-1,-1
92,3005,952.00,499.00,15.00,34.00,1,-1,-1,-1
92,3006,1585.00,516.00,29.00,68.00,1,-1,-1,-1
93,2920,247.00,579.00,51.00,131.00,1,-1,-1,-1
93,2922,1685.00,592.00,77.00,202.00,1,-1,-1,-1
93,2923,186.00,571.00,54.00,143.00,1,-1,-1,-1
93,2926,1774.00,558.00,48.00,112.00,1,-1,-1,-1
93,2929,400.00,569.00,44.00,116.00,1,-1,-1,-1
93,2931,703.00,519.00,21.00,56.00,1,-1,-1,-1
93,2933,483.00,551.00,40.00,104.00,1,-1,-1,-1
93,2935,654.00,517.00,23.00,58.00,1,-1,-1,-1
93,2932,1172.00,500.00,18.00,45.00,1,-1,-1,-1
93,2943,368.00,574.00,39.00,108.00,1,-1,-1,-1
93,2974,1314.00,514.00,24.00,54.00,1,-1,-1,-1
93,2982,1237.00,513.00,21.00,49.00,1,-1,-1,-1
93,2984,458.00,563.00,40.00,117.00,1,-1,-1,-1
93,2985,1222.00,513.00,22.00,49.00,1,-1,-1,-1
93,2990,676.00,520.00,18.00,45.00,1,-1,-1,-1
93,3004,1525.00,525.00,24.00,55.00,1,-1,-1,-1
93,3002,1545.00,527.00,22.00,52.00,1,-1,-1,-1
93,3011,1369.00,524.00,23.00,53.00,1,-1,-1,-1
93,3017,1512.00,522.00,22.00,56.00,1,-1,-1,-1
93,2976,1383.00,519.00,23.00,54.00,1,-1,-1,-1
93,2925,1700.00,540.00,39.00,97.00,1,-1,-1,-1
93,2960,729.00,525.00,20.00,53.00,1,-1,-1,-1
93,3018,88.00,505.00,18.00,46.00,1,-1,-1,-1
93,3005,947.00,503.00,13.00,30.00,1,-1,-1,-1
93,3006,1584.00,515.00,30.00,70.00,1,-1,-1,-1
94,2920,239.00,582.00,52.00,132.00,1,-1,-1,-1
94,2922,1694.00,602.00,72.00,190.00,1,-1,-1,-1
94,2923,180.00,574.00,54.00,143.00,1,-1,-1,-1
94,2926,1773.00,557.00,49.00,113.00,1,-1,-1,-1
94,2929,394.00,573.00,43.00,112.00,1,-1,-1,-1
94,2931,696.00,519.00,22.00,59.00,1,-1,-1,-1
94,2933,475.00,552.00,39.00,103.00,1,-1,-1,-1
94,2935,648.00,517.00,23.00,60.00,1,-1,-1,-1
94,2932,1170.00,503.00,17.00,44.00,1,-1,-1,-1
94,2943,364.00,577.00,39.00,105.00,1,-1,-1,-1
94,2974,1309.00,515.00,25.00,56.00,1,-1,-1,-1
94,2982,1234.00,513.00,19.00,48.00,1,-1,-1,-1
94,2984,451.00,565.00,42.00,119.00,1,-1,-1,-1
94,2985,1218.00,515.00,21.00,48.00,1,-1,-1,-1
94,2990,671.00,521.00,18.00,45.00,1,-1,-1,-1
94,3004,1521.00,527.00,22.00,50.00,1,-1,-1,-1
94,3002,1538.00,528.00,22.00,52.00,1,-1,-1,-1
94,3011,1365.00,525.00,24.00,55.00,1,-1,-1,-1
94,3017,1508.00,522.00,21.00,56.00,1,-1,-1,-1
94,2976,1382.00,523.00,21.00,51.00,1,-1,-1,-1
94,2925,1698.00,543.00,39.00,96.00,1,-1,-1,-1
94,2960,725.00,529.00,19.00,52.00,1,-1,-1,-1
94,3006,1579.00,514.00,32.00,75.00,1,-1,-1,-1
94,2983,937.00,502.00,15.00,33.00,1,-1,-1,-1
95,2920,230.00,588.00,51.00,130.00,1,-1,-1,-1
95,2922,1697.00,598.00,76.00,201.00,1,-1,-1,-1
95,2923,176.00,579.00,51.00,134.00,1,-1,-1,-1
95,2926,1776.00,561.00,48.00,111.00,1,-1,-1,-1
95,2929,389.00,577.00,43.00,111.00,1,-1,-1,-1
95,2931,691.00,522.00,21.00,56.00,1,-1,-1,-1
95,2933,471.00,554.00,39.00,102.00,1,-1,-1,-1
95,2935,643.00,520.00,24.00,62.00,1,-1,-1,-1
95,2932,1168.00,504.00,17.00,45.00,1,-1,-1,-1
95,2943,355.00,577.00,40.00,108.00,1,-1,-1,-1
95,2974,1307.00,516.00,24.00,57.00,1,-1,-1,-1
95,2982,1231.00,514.00,20.00,49.00,1,-1,-1,-1
95,2984,445.00,564.00,42.00,124.00,1,-1,-1,-1
95,2985,1215.00,517.00,21.00,48.00,1,-1,-1,-1
95,2990,666.00,521.00,18.00,46.00,1,-1,-1,-1
95,3004,1508.00,519.00,28.00,64.00,1,-1,-1,-1
95,3011,1360.00,526.00,24.00,54.00,1,-1,-1,-1
95,3017,1505.00,526.00,20.00,53.00,1,-1,-1,-1
95,2976,1377.00,521.00,23.00,52.00,1,-1,-1,-1
95,2925,1696.00,548.00,39.00,95.00,1,-1,-1,-1
95,2960,720.00,531.00,19.00,51.00,1,-1,-1,-1
95,3006,1574.00,515.00,33.00,77.00,1,-1,-1,-1
95,2983,929.00,501.00,16.00,37.00,1,-1,-1,-1
95,3005,937.00,504.00,15.00,33.00,1,-1,-1,-1
96,2920,218.00,589.00,53.00,136.00,1,-1,-1,-1
96,2922,1699.00,601.00,76.00,199.00,1,-1,-1,-1
96,2923,172.00,583.00,53.00,135.00,1,-1,-1,-1
96,2926,1777.00,562.00,47.00,111.00,1,-1,-1,-1
96,2929,380.00,579.00,44.00,115.00,1,-1,-1,-1
96,2931,685.00,521.00,22.00,59.00,1,-1,-1,-1
96,2933,464.00,556.00,39.00,105.00,1,-1,-1,-1
96,2935,640.00,523.00,25.00,63.00,1,-1,-1,-1
96,2932,1165.00,503.00,18.00,46.00,1,-1,-1,-1
96,2943,346.00,579.00,40.00,111.00,1,-1,-1,-1
96,2974,1299.00,516.00,23.00,55.00,1,-1,-1,-1
96,2982,1227.00,514.00,21.00,50.00,1,-1,-1,-1
96,2984,438.00,566.00,42.00,124.00,1,-1,-1,-1
96,2985,1211.00,514.00,22.00,50.00,1,-1,-1,-1
96,2990,662.00,523.00,18.00,45.00,1,-1,-1,-1
96,3011,1359.00,526.00,24.00,54.00,1,-1,-1,-1
96,3017,1503.00,529.00,21.00,55.00,1,-1,-1,-1
96,2976,1373.00,519.00,23.00,53.00,1,-1,-1,-1
96,2925,1694.00,549.00,38.00,95.00,1,-1,-1,-1
96,2960,715.00,529.00,22.00,58.00,1,-1,-1,-1
96,3006,1571.00,514.00,32.00,76.00,1,-1,-1,-1
96,3005,932.00,506.00,14.00,32.00,1,-1,-1,-1
97,2920,209.00,588.00,53.00,136.00,1,-1,-1,-1
97,2922,1702.00,605.00,78.00,204.00,1,-1,-1,-1
97,2923,161.00,581.00,55.00,141.00,1,-1,-1,-1
97,2926,1775.00,563.00,49.00,115.00,1,-1,-1,-1
97,2929,376.00,581.00,43.00,112.00,1,-1,-1,-1
97,2931,685.00,522.00,22.00,59.00,1,-1,-1,-1
97,2933,458.00,557.00,41.00,110.00,1,-1,-1,-1
97,2935,634.00,520.00,25.00,65.00,1,-1,-1,-1
97,2932,1159.00,502.00,18.00,47.00,1,-1,-1,-1
97,2943,336.00,579.00,40.00,112.00,1,-1,-1,-1
97,2974,1295.00,519.00,23.00,53.00,1,-1,-1,-1
97,2982,1222.00,517.00,21.00,51.00,1,-1,-1,-1
97,2984,432.00,568.00,41.00,119.00,1,-1,-1,-1
97,2985,1209.00,513.00,21.00,49.00,1,-1,-1,-1
97,2990,657.00,524.00,17.00,43.00,1,-1,-1,-1
97,3011,1356.00,525.00,24.00,56.00,1,-1,-1,-1
97,3017,1499.00,530.00,21.00,52.00,1,-1,-1,-1
97,2976,1368.00,519.00,25.00,57.00,1,-1,-1,-1
97,2925,1694.00,547.00,40.00,99.00,1,-1,-1,-1
97,2960,713.00,532.00,20.00,53.00,1,-1,-1,-1
97,3006,1566.00,515.00,31.00,75.00,1,-1,-1,-1
97,3019,1272.00,449.00,35.00,73.00,1,-1,-1,-1
97,3004,1505.00,522.00,27.00,61.00,1,-1,-1,-1
97,2983,923.00,503.00,16.00,33.00,1,-1,-1,-1
98,2920,205.00,587.00,56.00,144.00,1,-1,-1,-1
98,2922,1709.00,612.00,75.00,196.00,1,-1,-1,-1
98,2923,154.00,586.00,52.00,135.00,1,-1,-1,-1
98,2926,1777.00,564.00,49.00,115.00,1,-1,-1,-1
98,2929,367.00,581.00,45.00,115.00,1,-1,-1,-1
98,2931,677.00,521.00,23.00,62.00,1,-1,-1,-1
98,2933,451.00,558.00,42.00,111.00,1,-1,-1,-1
98,2935,632.00,525.00,21.00,55.00,1,-1,-1,-1
98,2932,1157.00,503.00,18.00,47.00,1,-1,-1,-1
98,2943,329.00,581.00,42.00,117.00,1,-1,-1,-1
98,2974,1290.00,521.00,22.00,51.00,1,-1,-1,-1
98,2982,1220.00,516.00,21.00,51.00,1,-1,-1,-1
98,2984,428.00,572.00,40.00,117.00,1,-1,-1,-1
98,2985,1206.00,516.00,21.00,48.00,1,-1,-1,-1
98,2990,652.00,525.00,18.00,43.00,1,-1,-1,-1
98,3011,1352.00,532.00,23.00,51.00,1,-1,-1,-1
98,3017,1494.00,530.00,22.00,57.00,1,-1,-1,-1
98,2976,1366.00,519.00,25.00,58.00,1,-1,-1,-1
98,2925,1688.00,549.00,40.00,99.00,1,-1,-1,-1
98,2960,706.00,529.00,23.00,62.00,1,-1,-1,-1
98,3006,1563.00,515.00,32.00,80.00,1,-1,-1,-1
98,3019,1270.00,449.00,36.00,75.00,1,-1,-1,-1
98,3004,1502.00,525.00,27.00,61.00,1,-1,-1,-1
98,2983,915.00,501.00,15.00,34.00,1,-1,-1,-1
98,3005,922.00,506.00,15.00,34.00,1,-1,-1,-1
99,2920,197.00,588.00,57.00,143.00,1,-1,-1,-1
99,2922,1705.00,607.00,78.00,204.00,1,-1,-1,-1
99,2923,147.00,586.00,53.00,134.00,1,-1,-1,-1
99,2926,1773.00,565.00,48.00,113.00,1,-1,-1,-1
99,2929,361.00,581.00,45.00,115.00,1,-1,-1,-1
99,2931,675.00,522.00,22.00,61.00,1,-1,-1,-1
99,2933,447.00,556.00,40.00,107.00,1,-1,-1,-1
99,2935,626.00,523.00,23.00,60.00,1,-1,-1,-1
99,2932,1151.00,505.00,19.00,46.00,1,-1,-1,-1
99,2943,322.00,584.00,41.00,111.00,1,-1,-1,-1
99,2974,1286.00,518.00,24.00,56.00,1,-1,-1,-1
99,2982,1217.00,518.00,22.00,51.00,1,-1,-1,-1
99,2984,424.00,569.00,42.00,122.00,1,-1,-1,-1
99,2985,1202.00,519.00,20.00,44.00,1,-1,-1,-1
99,2990,649.00,524.00,18.00,45.00,1,-1,-1,-1
99,3011,1351.00,533.00,24.00,57.00,1,-1,-1,-1
99,3017,1489.00,531.00,21.00,53.00,1,-1,-1,-1
99,2925,1688.00,550.00,41.00,100.00,1,-1,-1,-1
99,2960,703.00,532.00,21.00,56.00,1,-1,-1,-1
99,3006,1561.00,516.00,31.00,75.00,1,-1,-1,-1
99,3019,1270.00,445.00,37.00,78.00,1,-1,-1,-1
99,3004,1499.00,527.00,25.00,57.00,1,-1,-1,-1
99,2983,914.00,503.00,15.00,33.00,1,-1,-1,-1
100,2920,190.00,584.00,57.00,146.00,1,-1,-1,-1
100,2922,1710.00,612.00,77.00,199.00,1,-1,-1,-1
100,2923,136.00,589.00,52.00,133.00,1,-1,-1,-1
100,2926,1771.00,566.00,48.00,113.00,1,-1,-1,-1
100,2929,352.00,578.00,45.00,119.00,1,-1,-1,-1
100,2931,667.00,524.00,23.00,62.00,1,-1,-1,-1
100,2933,440.00,561.00,39.00,105.00,1,-1,-1,-1
100,2935,622.00,524.00,22.00,58.00,1,-1,-1,-1
100,2932,1150.00,504.00,18.00,45.00,1,-1,-1,-1
100,2943,321.00,581.00,41.00,113.00,1,-1,-1,-1
100,2974,1281.00,521.00,24.00,55.00,1,-1,-1,-1
100,2982,1213.00,518.00,21.00,51.00,1,-1,-1,-1
100,2984,410.00,570.00,43.00,123.00,1,-1,-1,-1
100,2985,1196.00,519.00,21.00,47.00,1,-1,-1,-1
100,2990,645.00,525.00,18.00,46.00,1,-1,-1,-1
100,3011,1348.00,536.00,24.00,56.00,1,-1,-1,-1
100,3017,1485.00,526.00,23.00,59.00,1,-1,-1,-1
100,2925,1685.00,551.00,41.00,102.00,1,-1,-1,-1
100,2960,697.00,529.00,22.00,62.00,1,-1,-1,-1
100,3019,1265.00,444.00,38.00,79.00,1,-1,-1,-1
100,3004,1494.00,527.00,27.00,62.00,1,-1,-1,-1
100,2983,908.00,507.00,14.00,32.00,1,-1,-1,-1
100,2976,1362.00,523.00,24.00,57.00,1,-1,-1,-1
101,2920,178.00,583.00,58.00,148.00,1,-1,-1,-1
101,2922,1711.00,616.00,79.00,203.00,1,-1,-1,-1
101,2923,130.00,591.00,50.00,127.00,1,-1,-1,-1
101,2926,1771.00,563.00,48.00,116.00,1,-1,-1,-1
101,2929,346.00,583.00,45.00,118.00,1,-1,-1,-1
101,2931,665.00,525.00,21.00,57.00,1,-1,-1,-1
101,2933,429.00,559.00,40.00,110.00,1,-1,-1,-1
101,2935,617.00,523.00,21.00,56.00,1,-1,-1,-1
101,2932,1148.00,507.00,17.00,42.00,1,-1,-1,-1
101,2943,311.00,578.00,43.00,117.00,1,-1,-1,-1
101,2974,1279.00,519.00,25.00,57.00,1,-1,-1,-1
101,2982,1210.00,521.00,20.00,47.00,1,-1,-1,-1
101,2984,401.00,566.00,45.00,130.00,1,-1,-1,-1
101,2985,1194.00,518.00,21.00,47.00,1,-1,-1,-1
101,2990,639.00,526.00,18.00,45.00,1,-1,-1,-1
101,3011,1345.00,532.00,25.00,56.00,1,-1,-1,-1
101,3017,1484.00,529.00,22.00,57.00,1,-1,-1,-1
101,2925,1683.00,552.00,42.00,104.00,1,-1,-1,-1
101,2960,691.00,530.00,23.00,62.00,1,-1,-1,-1
101,3019,1262.00,445.00,38.00,78.00,1,-1,-1,-1
101,2983,905.00,508.00,14.00,33.00,1,-1,-1,-1
101,2976,1354.00,529.00,28.00,65.00,1,-1,-1,-1
101,3006,1553.00,520.00,28.00,66.00,1,-1,-1,-1
102,2920,176.00,585.00,59.00,150.00,1,-1,-1,-1
102,2922,1715.00,611.00,83.00,212.00,1,-1,-1,-1
102,2923,117.00,584.00,57.00,142.00,1,-1,-1,-1
102,2926,1771.00,566.00,47.00,113.00,1,-1,-1,-1
102,2929,337.00,581.00,47.00,121.00,1,-1,-1,-1
102,2931,662.00,527.00,20.00,54.00,1,-1,-1,-1
102,2933,422.00,562.00,39.00,105.00,1,-1,-1,-1
102,2935,609.00,521.00,24.00,60.00,1,-1,-1,-1
102,2932,1144.00,506.00,19.00,47.00,1,-1,-1,-1
102,2943,299.00,582.00,43.00,117.00,1,-1,-1,-1
102,2974,1273.00,519.00,25.00,57.00,1,-1,-1,-1
102,2982,1207.00,521.00,21.00,50.00,1,-1,-1,-1
102,2984,392.00,569.00,46.00,131.00,1,-1,-1,-1
102,2985,1189.00,517.00,21.00,48.00,1,-1,-1,-1
102,2990,635.00,525.00,18.00,47.00,1,-1,-1,-1
102,3011,1346.00,535.00,24.00,55.00,1,-1,-1,-1
102,3017,1482.00,526.00,24.00,62.00,1,-1,-1,-1
102,2925,1681.00,550.00,44.00,109.00,1,-1,-1,-1
102,2960,688.00,532.00,22.00,61.00,1,-1,-1,-1
102,3019,1262.00,449.00,35.00,74.00,1,-1,-1,-1
102,2983,902.00,508.00,14.00,31.00,1,-1,-1,-1
102,2976,1357.00,528.00,25.00,59.00,1,-1,-1,-1
102,3022,652.00,519.00,21.00,58.00,1,-1,-1,-1
102,3006,1546.00,517.00,31.00,76.00,1,-1,-1,-1
103,2920,168.00,585.00,61.00,152.00,1,-1,-1,-1
103,2922,1719.00,616.00,85.00,216.00,1,-1,-1,-1
103,2923,109.00,585.00,56.00,142.00,1,-1,-1,-1
103,2926,1776.00,567.00,46.00,109.00,1,-1,-1,-1
103,2929,328.00,580.00,47.00,121.00,1,-1,-1,-1
103,2931,658.00,526.00,20.00,54.00,1,-1,-1,-1
103,2933,417.00,560.00,39.00,105.00,1,-1,-1,-1
103,2935,605.00,523.00,23.00,60.00,1,-1,-1,-1
103,2932,1141.00,504.00,19.00,49.00,1,-1,-1,-1
103,2943,286.00,582.00,44.00,122.00,1,-1,-1,-1
103,2974,1272.00,520.00,23.00,53.00,1,-1,-1,-1
103,2982,1204.00,520.00,20.00,49.00,1,-1,-1,-1
103,2984,383.00,572.00,46.00,129.00,1,-1,-1,-1
103,2985,1189.00,518.00,21.00,47.00,1,-1,-1,-1
103,2990,630.00,525.00,19.00,47.00,1,-1,-1,-1
103,3011,1339.00,530.00,25.00,57.00,1,-1,-1,-1
103,3017,1478.00,529.00,23.00,56.00,1,-1,-1,-1
103,2925,1677.00,548.00,44.00,110.00,1,-1,-1,-1
103,3019,1256.00,447.00,36.00,75.00,1,-1,-1,-1
103,2983,894.00,509.00,15.00,32.00,1,-1,-1,-1
103,2976,1351.00,536.00,26.00,59.00,1,-1,-1,-1
103,3022,648.00,521.00,20.00,56.00,1,-1,-1,-1
103,3005,902.00,508.00,14.00,30.00,1,-1,-1,-1
104,2920,159.00,586.00,58.00,143.00,1,-1,-1,-1
104,2922,1721.00,619.00,85.00,214.00,1,-1,-1,-1
104,2923,100.00,583.00,57.00,142.00,1,-1,-1,-1
104,2926,1771.00,567.00,44.00,103.00,1,-1,-1,-1
104,2929,322.00,580.00,45.00,117.00,1,-1,-1,-1
104,2931,655.00,526.00,21.00,57.00,1,-1,-1,-1
104,2933,412.00,559.00,39.00,106.00,1,-1,-1,-1
104,2935,604.00,522.00,23.00,61.00,1,-1,-1,-1
104,2932,1136.00,505.00,18.00,45.00,1,-1,-1,-1
104,2943,279.00,583.00,43.00,118.00,1,-1,-1,-1
104,2974,1268.00,521.00,22.00,51.00,1,-1,-1,-1
104,2982,1202.00,521.00,20.00,48.00,1,-1,-1,-1
104,2984,376.00,573.00,46.00,129.00,1,-1,-1,-1
104,2985,1186.00,518.00,22.00,49.00,1,-1,-1,-1
104,2990,626.00,524.00,19.00,47.00,1,-1,-1,-1
104,3011,1333.00,529.00,27.00,62.00,1,-1,-1,-1
104,3017,1472.00,529.00,24.00,59.00,1,-1,-1,-1
104,2925,1676.00,549.00,43.00,108.00,1,-1,-1,-1
104,3019,1255.00,449.00,36.00,73.00,1,-1,-1,-1
104,2983,891.00,507.00,15.00,33.00,1,-1,-1,-1
104,2976,1351.00,534.00,23.00,54.00,1,-1,-1,-1
104,3022,643.00,518.00,20.00,55.00,1,-1,-1,-1
105,2920,151.00,589.00,60.00,145.00,1,-1,-1,-1
105,2922,1724.00,620.00,86.00,219.00,1,-1,-1,-1
105,2923,88.00,579.00,58.00,145.00,1,-1,-1,-1
105,2926,1772.00,567.00,42.00,97.00,1,-1,-1,-1
105,2929,310.00,579.00,47.00,119.00,1,-1,-1,-1
105,2931,652.00,527.00,20.00,54.00,1,-1,-1,-1
105,2933,405.00,559.00,39.00,107.00,1,-1,-1,-1
105,2935,600.00,522.00,22.00,58.00,1,-1,-1,-1
105,2932,1133.00,506.00,17.00,41.00,1,-1,-1,-1
105,2943,271.00,586.00,44.00,120.00,1,-1,-1,-1
105,2974,1266.00,520.00,22.00,51.00,1,-1,-1,-1
105,2982,1197.00,523.00,19.00,47.00,1,-1,-1,-1
105,2984,367.00,575.00,45.00,129.00,1,-1,-1,-1
105,2985,1184.00,518.00,21.00,47.00,1,-1,-1,-1
105,2990,620.00,522.00,19.00,51.00,1,-1,-1,-1
105,3011,1331.00,531.00,28.00,65.00,1,-1,-1,-1
105,3017,1468.00,531.00,23.00,58.00,1,-1,-1,-1
105,2925,1675.00,551.00,43.00,108.00,1,-1,-1,-1
105,3019,1252.00,447.00,36.00,73.00,1,-1,-1,-1
105,2983,887.00,508.00,14.00,32.00,1,-1,-1,-1
105,2976,1349.00,523.00,24.00,56.00,1,-1,-1,-1
105,3022,638.00,517.00,21.00,59.00,1,-1,-1,-1
105,3025,294.00,558.00,44.00,128.00,1,-1,-1,-1
105,2960,677.00,534.00,19.00,53.00,1,-1,-1,-1
105,3005,894.00,504.00,16.00,36.00,1,-1,-1,-1
106,2920,149.00,588.00,60.00,144.00,1,-1,-1,-1
106,2922,1721.00,619.00,89.00,227.00,1,-1,-1,-1
106,2923,78.00,574.00,59.00,150.00,1,-1,-1,-1
106,2926,1767.00,566.00,46.00,107.00,1,-1,-1,-1
106,2929,300.00,580.00,46.00,118.00,1,-1,-1,-1
106,2931,650.00,527.00,20.00,54.00,1,-1,-1,-1
106,2933,397.00,560.00,39.00,108.00,1,-1,-1,-1
106,2935,596.00,520.00,22.00,55.00,1,-1,-1,-1
106,2932,1131.00,508.00,17.00,42.00,1,-1,-1,-1
106,2943,263.00,584.00,46.00,124.00,1,-1,-1,-1
106,2974,1261.00,519.00,23.00,55.00,1,-1,-1,-1
106,2982,1195.00,520.00,21.00,51.00,1,-1,-1,-1
106,2984,359.00,576.00,45.00,127.00,1,-1,-1,-1
106,2985,1181.00,517.00,22.00,49.00,1,-1,-1,-1
106,2990,616.00,523.00,18.00,47.00,1,-1,-1,-1
106,3011,1331.00,531.00,29.00,67.00,1,-1,-1,-1
106,3017,1464.00,531.00,23.00,56.00,1,-1,-1,-1
106,2925,1672.00,553.00,42.00,107.00,1,-1,-1,-1
106,3019,1247.00,444.00,38.00,78.00,1,-1,-1,-1
106,2983,883.00,506.00,16.00,35.00,1,-1,-1,-1
106,2976,1350.00,523.00,22.00,52.00,1,-1,-1,-1
106,3022,633.00,519.00,20.00,55.00,1,-1,-1,-1
107,2920,137.00,590.00,61.00,144.00,1,-1,-1,-1
107,2922,1725.00,624.00,89.00,227.00,1,-1,-1,-1
107,2923,69.00,574.00,61.00,154.00,1,-1,-1,-1
107,2926,1768.00,570.00,43.00,99.00,1,-1,-1,-1
107,2929,294.00,579.00,47.00,118.00,1,-1,-1,-1
107,2931,641.00,524.00,21.00,56.00,1,-1,-1,-1
107,2933,388.00,553.00,41.00,114.00,1,-1,-1,-1
107,2935,591.00,518.00,21.00,56.00,1,-1,-1,-1
107,2932,1128.00,508.00,16.00,40.00,1,-1,-1,-1
107,2943,252.00,584.00,46.00,125.00,1,-1,-1,-1
107,2974,1256.00,518.00,23.00,55.00,1,-1,-1,-1
107,2982,1192.00,517.00,20.00,49.00,1,-1,-1,-1
107,2984,352.00,579.00,44.00,124.00,1,-1,-1,-1
107,2985,1178.00,516.00,21.00,50.00,1,-1,-1,-1
107,2990,612.00,523.00,18.00,47.00,1,-1,-1,-1
107,3011,1331.00,533.00,29.00,68.00,1,-1,-1,-1
107,3017,1461.00,525.00,23.00,59.00,1,-1,-1,-1
107,2925,1670.00,554.00,41.00,108.00,1,-1,-1,-1
107,3019,1244.00,440.00,40.00,83.00,1,-1,-1,-1
107,2983,879.00,507.00,16.00,34.00,1,-1,-1,-1
107,3022,630.00,515.00,20.00,56.00,1,-1,-1,-1
107,3006,1534.00,523.00,30.00,70.00,1,-1,-1,-1
107,3025,271.00,556.00,44.00,128.00,1,-1,-1,-1
107,3005,887.00,504.00,16.00,36.00,1,-1,-1,-1
108,2920,130.00,587.00,62.00,143.00,1,-1,-1,-1
108,2922,1724.00,632.00,84.00,213.00,1,-1,-1,-1
108,2923,60.00,572.00,61.00,155.00,1,-1,-1,-1
108,2926,1771.00,573.00,44.00,99.00,1,-1,-1,-1
108,2929,284.00,579.00,49.00,124.00,1,-1,-1,-1
108,2931,640.00,524.00,21.00,57.00,1,-1,-1,-1
108,2933,382.00,552.00,42.00,114.00,1,-1,-1,-1
108,2935,584.00,517.00,23.00,58.00,1,-1,-1,-1
108,2932,1122.00,505.00,19.00,45.00,1,-1,-1,-1
108,2943,239.00,586.00,44.00,121.00,1,-1,-1,-1
108,2974,1250.00,515.00,24.00,59.00,1,-1,-1,-1
108,2982,1190.00,516.00,21.00,50.00,1,-1,-1,-1
108,2984,345.00,576.00,45.00,129.00,1,-1,-1,-1
108,2985,1175.00,518.00,19.00,46.00,1,-1,-1,-1
108,2990,606.00,522.00,19.00,47.00,1,-1,-1,-1
108,3011,1327.00,531.00,29.00,68.00,1,-1,-1,-1
108,3017,1457.00,523.00,25.00,63.00,1,-1,-1,-1
108,2925,1667.00,552.00,43.00,112.00,1,-1,-1,-1
108,3019,1242.00,443.00,39.00,81.00,1,-1,-1,-1
108,2983,875.00,507.00,15.00,34.00,1,-1,-1,-1
108,3022,624.00,512.00,22.00,61.00,1,-1,-1,-1
108,3027,1320.00,528.00,21.00,49.00,1,-1,-1,-1
108,3025,259.00,561.00,43.00,126.00,1,-1,-1,-1
108,3005,881.00,499.00,17.00,40.00,1,-1,-1,-1
109,2920,120.00,583.00,64.00,147.00,1,-1,-1,-1
109,2922,1730.00,631.00,86.00,218.00,1,-1,-1,-1
109,2923,51.00,576.00,59.00,150.00,1,-1,-1,-1
109,2926,1765.00,572.00,45.00,103.00,1,-1,-1,-1
109,2929,271.00,578.00,50.00,129.00,1,-1,-1,-1
109,2931,634.00,524.00,22.00,60.00,1,-1,-1,-1
109,2933,376.00,556.00,41.00,114.00,1,-1,-1,-1
109,2935,579.00,516.00,23.00,61.00,1,-1,-1,-1
109,2932,1121.00,509.00,18.00,43.00,1,-1,-1,-1
109,2943,231.00,591.00,44.00,119.00,1,-1,-1,-1
109,2974,1246.00,517.00,24.00,57.00,1,-1,-1,-1
109,2982,1180.00,516.00,22.00,52.00,1,-1,-1,-1
109,2984,333.00,578.00,44.00,125.00,1,-1,-1,-1
109,2985,1168.00,516.00,20.00,47.00,1,-1,-1,-1
109,2990,600.00,519.00,19.00,49.00,1,-1,-1,-1
109,3011,1327.00,530.00,30.00,72.00,1,-1,-1,-1
109,3017,1454.00,526.00,23.00,59.00,1,-1,-1,-1
109,2925,1664.00,551.00,42.00,112.00,1,-1,-1,-1
109,3019,1236.00,442.00,39.00,81.00,1,-1,-1,-1
109,2983,872.00,505.00,16.00,35.00,1,-1,-1,-1
109,3022,620.00,515.00,20.00,57.00,1,-1,-1,-1
109,3027,1319.00,522.00,23.00,54.00,1,-1,-1,-1
109,3025,250.00,559.00,41.00,119.00,1,-1,-1,-1
110,2920,109.00,588.00,61.00,140.00,1,-1,-1,-1
110,2922,1734.00,631.00,87.00,218.00,1,-1,-1,-1
110,2923,39.00,572.00,60.00,151.00,1,-1,-1,-1
110,2926,1765.00,568.00,48.00,109.00,1,-1,-1,-1
110,2929,261.00,576.00,51.00,129.00,1,-1,-1,-1
110,2931,630.00,525.00,22.00,59.00,1,-1,-1,-1
110,2933,371.00,556.00,40.00,113.00,1,-1,-1,-1
110,2935,575.00,514.00,24.00,62.00,1,-1,-1,-1
110,2932,1117.00,509.00,18.00,43.00,1,-1,-1,-1
110,2943,219.00,587.00,46.00,124.00,1,-1,-1,-1
110,2982,1179.00,522.00,19.00,46.00,1,-1,-1,-1
110,2984,329.00,579.00,45.00,129.00,1,-1,-1,-1
110,2985,1166.00,516.00,21.00,49.00,1,-1,-1,-1
110,2990,596.00,520.00,20.00,51.00,1,-1,-1,-1
110,3011,1324.00,530.00,30.00,74.00,1,-1,-1,-1
110,3017,1452.00,526.00,22.00,58.00,1,-1,-1,-1
110,2925,1666.00,556.00,41.00,105.00,1,-1,-1,-1
110,3019,1236.00,446.00,38.00,77.00,1,-1,-1,-1
110,2983,867.00,505.00,16.00,36.00,1,-1,-1,-1
110,3022,615.00,513.00,20.00,58.00,1,-1,-1,-1
110,3027,1313.00,524.00,25.00,57.00,1,-1,-1,-1
110,3025,240.00,561.00,43.00,124.00,1,-1,-1,-1
111,2920,99.00,588.00,63.00,144.00,1,-1,-1,-1
111,2922,1730.00,631.00,90.00,226.00,1,-1,-1,-1
111,2923,33.00,577.00,61.00,154.00,1,-1,-1,-1
111,2926,1763.00,568.00,48.00,109.00,1,-1,-1,-1
111,2929,255.00,578.00,51.00,127.00,1,-1,-1,-1
111,2931,628.00,525.00,22.00,60.00,1,-1,-1,-1
111,2933,361.00,553.00,41.00,114.00,1,-1,-1,-1
111,2935,571.00,516.00,22.00,58.00,1,-1,-1,-1
111,2932,1115.00,506.00,19.00,44.00,1,-1,-1,-1
111,2943,210.00,587.00,45.00,123.00,1,-1,-1,-1
111,2982,1172.00,518.00,22.00,51.00,1,-1,-1,-1
111,2984,319.00,579.00,47.00,134.00,1,-1,-1,-1
111,2985,1160.00,519.00,21.00,49.00,1,-1,-1,-1
111,2990,590.00,518.00,21.00,53.00,1,-1,-1,-1
111,3011,1321.00,530.00,31.00,74.00,1,-1,-1,-1
111,3017,1446.00,528.00,22.00,54.00,1,-1,-1,-1
111,2925,1660.00,554.00,40.00,105.00,1,-1,-1,-1
111,3019,1234.00,448.00,36.00,74.00,1,-1,-1,-1
111,2983,859.00,501.00,18.00,42.00,1,-1,-1,-1
111,3022,608.00,513.00,21.00,59.00,1,-1,-1,-1
111,3027,1309.00,526.00,25.00,58.00,1,-1,-1,-1
111,3025,233.00,561.00,42.00,120.00,1,-1,-1,-1
111,3006,1519.00,521.00,28.00,66.00,1,-1,-1,-1
111,2974,1240.00,515.00,23.00,53.00,1,-1,-1,-1
112,2920,87.00,583.00,67.00,152.00,1,-1,-1,-1
112,2922,1734.00,636.00,91.00,230.00,1,-1,-1,-1
112,2923,24.00,579.00,60.00,153.00,1,-1,-1,-1
112,2926,1761.00,567.00,48.00,109.00,1,-1,-1,-1
112,2929,243.00,576.00,52.00,133.00,1,-1,-1,-1
112,2931,623.00,527.00,21.00,59.00,1,-1,-1,-1
112,2933,353.00,555.00,41.00,115.00,1,-1,-1,-1
112,2935,566.00,517.00,22.00,56.00,1,-1,-1,-1
112,2932,1110.00,506.00,19.00,46.00,1,-1,-1,-1
112,2943,200.00,589.00,44.00,119.00,1,-1,-1,-1
112,2982,1171.00,519.00,21.00,49.00,1,-1,-1,-1
112,2984,309.00,582.00,45.00,126.00,1,-1,-1,-1
112,2985,1159.00,520.00,20.00,47.00,1,-1,-1,-1
112,2990,584.00,521.00,21.00,53.00,1,-1,-1,-1
112,3011,1321.00,532.00,29.00,71.00,1,-1,-1,-1
112,3017,1442.00,528.00,22.00,58.00,1,-1,-1,-1
112,2925,1657.00,548.00,43.00,112.00,1,-1,-1,-1
112,3019,1231.00,449.00,37.00,74.00,1,-1,-1,-1
112,2983,856.00,504.00,18.00,39.00,1,-1,-1,-1
112,3022,604.00,512.00,21.00,58.00,1,-1,-1,-1
112,3027,1305.00,523.00,26.00,58.00,1,-1,-1,-1
112,3025,225.00,564.00,41.00,116.00,1,-1,-1,-1
112,3006,1514.00,524.00,29.00,65.00,1,-1,-1,-1
113,2920,77.00,590.00,63.00,145.00,1,-1,-1,-1
113,2922,1729.00,631.00,91.00,231.00,1,-1,-1,-1
113,2923,18.00,585.00,58.00,147.00,1,-1,-1,-1
113,2926,1756.00,567.00,48.00,109.00,1,-1,-1,-1
113,2929,231.00,579.00,50.00,129.00,1,-1,-1,-1
113,2931,617.00,527.00,22.00,60.00,1,-1,-1,-1
113,2933,346.00,557.00,40.00,114.00,1,-1,-1,-1
113,2935,557.00,517.00,24.00,62.00,1,-1,-1,-1
113,2932,1108.00,505.00,18.00,46.00,1,-1,-1,-1
113,2943,186.00,585.00,47.00,129.00,1,-1,-1,-1
113,2982,1170.00,519.00,21.00,50.00,1,-1,-1,-1
113,2984,297.00,573.00,50.00,141.00,1,-1,-1,-1
113,2985,1156.00,519.00,20.00,49.00,1,-1,-1,-1
113,2990,581.00,525.00,18.00,45.00,1,-1,-1,-1
113,3011,1317.00,532.00,28.00,70.00,1,-1,-1,-1
113,3017,1438.00,530.00,22.00,56.00,1,-1,-1,-1
113,2925,1649.00,539.00,48.00,125.00,1,-1,-1,-1
113,3019,1228.00,447.00,36.00,73.00,1,-1,-1,-1
113,2983,850.00,506.00,17.00,37.00,1,-1,-1,-1
113,3022,598.00,517.00,21.00,59.00,1,-1,-1,-1
113,3027,1302.00,522.00,25.00,58.00,1,-1,-1,-1
113,3025,214.00,565.00,42.00,119.00,1,-1,-1,-1
113,3006,1508.00,524.00,30.00,68.00,1,-1,-1,-1
113,3031,1427.00,525.00,23.00,57.00,1,-1,-1,-1
113,3005,858.00,501.00,16.00,38.00,1,-1,-1,-1
114,2920,63.00,591.00,64.00,147.00,1,-1,-1,-1
114,2922,1733.00,625.00,91.00,233.00,1,-1,-1,-1
114,2923,13.00,588.00,58.00,147.00,1,-1,-1,-1
114,2926,1753.00,563.00,49.00,112.00,1,-1,-1,-1
114,2929,226.00,587.00,50.00,125.00,1,-1,-1,-1
114,2931,614.00,525.00,23.00,60.00,1,-1,-1,-1
114,2933,339.00,560.00,40.00,114.00,1,-1,-1,-1
114,2935,553.00,519.00,23.00,61.00,1,-1,-1,-1
114,2932,1104.00,504.00,19.00,47.00,1,-1,-1,-1
114,2943,176.00,590.00,45.00,121.00,1,-1,-1,-1
114,2982,1166.00,521.00,20.00,48.00,1,-1,-1,-1
114,2984,288.00,576.00,48.00,139.00,1,-1,-1,-1
114,2985,1154.00,519.00,20.00,48.00,1,-1,-1,-1
114,2990,575.00,522.00,19.00,49.00,1,-1,-1,-1
114,3011,1313.00,533.00,30.00,73.00,1,-1,-1,-1
114,3017,1434.00,528.00,21.00,57.00,1,-1,-1,-1
114,2925,1649.00,543.00,46.00,123.00,1,-1,-1,-1
114,3019,1219.00,443.00,41.00,84.00,1,-1,-1,-1
114,2983,843.00,503.00,17.00,38.00,1,-1,-1,-1
114,3022,596.00,518.00,20.00,56.00,1,-1,-1,-1
114,3027,1300.00,525.00,24.00,54.00,1,-1,-1,-1
114,3025,198.00,563.00,44.00,121.00,1,-1,-1,-1
114,3006,1503.00,526.00,29.00,66.00,1,-1,-1,-1
114,3031,1419.00,522.00,23.00,60.00,1,-1,-1,-1
114,3005,848.00,500.00,19.00,46.00,1,-1,-1,-1
114,2974,1237.00,521.00,21.00,48.00,1,-1,-1,-1
115,2920,48.00,584.00,65.00,152.00,1,-1,-1,-1
115,2922,1736.00,625.00,96.00,245.00,1,-1,-1,-1
115,2923,3.00,591.00,58.00,144.00,1,-1,-1,-1
115,2926,1755.00,571.00,46.00,105.00,1,-1,-1,-1
115,2929,212.00,583.00,51.00,129.00,1,-1,-1,-1
115,2931,609.00,523.00,22.00,60.00,1,-1,-1,-1
115,2933,329.00,557.00,41.00,114.00,1,-1,-1,-1
115,2935,548.00,519.00,23.00,61.00,1,-1,-1,-1
115,2932,1099.00,506.00,20.00,47.00,1,-1,-1,-1
115,2943,166.00,591.00,45.00,119.00,1,-1,-1,-1
115,2982,1162.00,523.00,21.00,47.00,1,-1,-1,-1
115,2984,275.00,579.00,48.00,140.00,1,-1,-1,-1
115,2985,1148.00,516.00,21.00,49.00,1,-1,-1,-1
115,2990,569.00,524.00,19.00,48.00,1,-1,-1,-1
115,3011,1312.00,533.00,26.00,64.00,1,-1,-1,-1
115,3017,1430.00,530.00,22.00,57.00,1,-1,-1,-1
115,3019,1213.00,440.00,43.00,88.00,1,-1,-1,-1
115,2983,840.00,505.00,17.00,38.00,1,-1,-1,-1
115,3022,586.00,518.00,22.00,59.00,1,-1,-1,-1
115,3027,1293.00,522.00,26.00,59.00,1,-1,-1,-1
115,3025,189.00,564.00,44.00,122.00,1,-1,-1,-1
115,3006,1497.00,529.00,28.00,62.00,1,-1,-1,-1
115,3031,1413.00,522.00,23.00,59.00,1,-1,-1,-1
115,2974,1234.00,520.00,22.00,51.00,1,-1,-1,-1
116,2920,37.00,585.00,68.00,159.00,1,-1,-1,-1
116,2922,1747.00,629.00,98.00,249.00,1,-1,-1,-1
116,2923,-7.00,596.00,55.00,140.00,1,-1,-1,-1
116,2926,1752.00,567.00,49.00,110.00,1,-1,-1,-1
116,2929,203.00,594.00,50.00,125.00,1,-1,-1,-1
116,2931,606.00,523.00,23.00,63.00,1,-1,-1,-1
116,2933,322.00,562.00,41.00,113.00,1,-1,-1,-1
116,2935,543.00,522.00,23.00,59.00,1,-1,-1,-1
116,2932,1097.00,507.00,18.00,44.00,1,-1,-1,-1
116,2943,154.00,589.00,44.00,120.00,1,-1,-1,-1
116,2982,1160.00,523.00,19.00,46.00,1,-1,-1,-1
116,2984,264.00,579.00,49.00,143.00,1,-1,-1,-1
116,2985,1146.00,518.00,20.00,48.00,1,-1,-1,-1
116,2990,563.00,525.00,19.00,48.00,1,-1,-1,-1
116,3011,1307.00,530.00,24.00,59.00,1,-1,-1,-1
116,3017,1425.00,531.00,21.00,55.00,1,-1,-1,-1
116,3019,1212.00,442.00,41.00,85.00,1,-1,-1,-1
116,2983,836.00,507.00,15.00,35.00,1,-1,-1,-1
116,3022,581.00,515.00,23.00,63.00,1,-1,-1,-1
116,3027,1288.00,524.00,24.00,56.00,1,-1,-1,-1
116,3025,181.00,564.00,47.00,130.00,1,-1,-1,-1
116,3006,1492.00,527.00,29.00,65.00,1,-1,-1,-1
116,3031,1406.00,521.00,26.00,67.00,1,-1,-1,-1
116,2974,1233.00,524.00,21.00,48.00,1,-1,-1,-1
116,3034,1459.00,525.00,23.00,58.00,1,-1,-1,-1
116,2925,1648.00,544.00,44.00,117.00,1,-1,-1,-1
117,2920,28.00,581.00,69.00,164.00,1,-1,-1,-1
117,2922,1747.00,631.00,101.00,254.00,1,-1,-1,-1
117,2926,1747.00,566.00,49.00,110.00,1,-1,-1,-1
117,2929,191.00,593.00,51.00,127.00,1,-1,-1,-1
117,2931,600.00,523.00,23.00,61.00,1,-1,-1,-1
117,2933,316.00,563.00,40.00,112.00,1,-1,-1,-1
117,2935,538.00,522.00,22.00,59.00,1,-1,-1,-1
117,2932,1091.00,504.00,19.00,46.00,1,-1,-1,-1
117,2943,142.00,596.00,44.00,118.00,1,-1,-1,-1
117,2982,1156.00,522.00,21.00,48.00,1,-1,-1,-1
117,2984,253.00,580.00,49.00,142.00,1,-1,-1,-1
117,2985,1143.00,520.00,22.00,49.00,1,-1,-1,-1
117,2990,556.00,522.00,20.00,49.00,1,-1,-1,-1
117,3011,1307.00,531.00,28.00,67.00,1,-1,-1,-1
117,3017,1422.00,531.00,21.00,56.00,1,-1,-1,-1
117,3019,1211.00,445.00,38.00,78.00,1,-1,-1,-1
117,2983,829.00,507.00,15.00,36.00,1,-1,-1,-1
117,3022,576.00,514.00,23.00,64.00,1,-1,-1,-1
117,3027,1289.00,522.00,25.00,58.00,1,-1,-1,-1
117,3025,170.00,573.00,44.00,122.00,1,-1,-1,-1
117,3006,1487.00,523.00,28.00,65.00,1,-1,-1,-1
117,3031,1400.00,523.00,25.00,63.00,1,-1,-1,-1
117,3037,205.00,552.00,47.00,101.00,1,-1,-1,-1
117,2925,1641.00,547.00,46.00,120.00,1,-1,-1,-1
117,3005,838.00,502.00,15.00,35.00,1,-1,-1,-1
118,2920,21.00,582.00,68.00,161.00,1,-1,-1,-1
118,2922,1748.00,639.00,97.00,245.00,1,-1,-1,-1
118,2926,1753.00,567.00,45.00,101.00,1,-1,-1,-1
118,2929,181.00,592.00,51.00,129.00,1,-1,-1,-1
118,2931,595.00,522.00,23.00,62.00,1,-1,-1,-1
118,2933,307.00,563.00,41.00,114.00,1,-1,-1,-1
118,2935,534.00,522.00,20.00,54.00,1,-1,-1,-1
118,2932,1089.00,505.00,18.00,43.00,1,-1,-1,-1
118,2943,130.00,595.00,47.00,127.00,1,-1,-1,-1
118,2982,1152.00,522.00,21.00,49.00,1,-1,-1,-1
118,2984,239.00,576.00,50.00,148.00,1,-1,-1,-1
118,2985,1141.00,521.00,21.00,49.00,1,-1,-1,-1
118,2990,548.00,522.00,21.00,53.00,1,-1,-1,-1
118,3011,1300.00,531.00,30.00,72.00,1,-1,-1,-1
118,3017,1420.00,532.00,20.00,55.00,1,-1,-1,-1
118,3019,1206.00,444.00,39.00,79.00,1,-1,-1,-1
118,2983,822.00,505.00,15.00,34.00,1,-1,-1,-1
118,3022,572.00,519.00,21.00,57.00,1,-1,-1,-1
118,3027,1280.00,521.00,25.00,58.00,1,-1,-1,-1
118,3025,158.00,570.00,45.00,126.00,1,-1,-1,-1
118,3006,1482.00,523.00,27.00,64.00,1,-1,-1,-1
118,3031,1396.00,522.00,27.00,70.00,1,-1,-1,-1
118,3037,196.00,549.00,46.00,97.00,1,-1,-1,-1
118,2925,1638.00,544.00,45.00,121.00,1,-1,-1,-1
118,3005,828.00,503.00,17.00,37.00,1,-1,-1,-1
118,3034,1452.00,526.00,23.00,56.00,1,-1,-1,-1
119,2920,9.00,576.00,71.00,169.00,1,-1,-1,-1
119,2922,1756.00,639.00,100.00,249.00,1,-1,-1,-1
119,2926,1746.00,556.00,52.00,115.00,1,-1,-1,-1
119,2929,172.00,588.00,51.00,132.00,1,-1,-1,-1
119,2931,592.00,522.00,24.00,64.00,1,-1,-1,-1
119,2933,300.00,565.00,41.00,112.00,1,-1,-1,-1
119,2935,527.00,522.00,23.00,60.00,1,-1,-1,-1
119,2932,1084.00,503.00,20.00,47.00,1,-1,-1,-1
119,2943,122.00,593.00,48.00,130.00,1,-1,-1,-1
119,2982,1149.00,520.00,22.00,51.00,1,-1,-1,-1
119,2984,232.00,580.00,49.00,145.00,1,-1,-1,-1
119,2985,1136.00,518.00,22.00,51.00,1,-1,-1,-1
119,2990,545.00,522.00,21.00,54.00,1,-1,-1,-1
119,3011,1296.00,531.00,31.00,75.00,1,-1,-1,-1
119,3017,1414.00,530.00,21.00,58.00,1,-1,-1,-1
119,3019,1203.00,444.00,38.00,76.00,1,-1,-1,-1
119,2983,817.00,505.00,16.00,34.00,1,-1,-1,-1
119,3022,566.00,520.00,22.00,60.00,1,-1,-1,-1
119,3027,1276.00,520.00,24.00,58.00,1,-1,-1,-1
119,3006,1479.00,523.00,27.00,63.00,1,-1,-1,-1
119,3031,1394.00,519.00,26.00,69.00,1,-1,-1,-1
119,2925,1634.00,550.00,44.00,118.00,1,-1,-1,-1
119,3005,823.00,500.00,19.00,43.00,1,-1,-1,-1
120,2920,0.00,580.00,71.00,170.00,1,-1,-1,-1
120,2922,1756.00,639.00,99.00,248.00,1,-1,-1,-1
120,2926,1744.00,558.00,52.00,115.00,1,-1,-1,-1
120,2929,160.00,593.00,53.00,135.00,1,-1,-1,-1
120,2931,590.00,520.00,25.00,68.00,1,-1,-1,-1
120,2933,289.00,558.00,43.00,121.00,1,-1,-1,-1
120,2935,522.00,521.00,23.00,59.00,1,-1,-1,-1
120,2932,1081.00,505.00,18.00,43.00,1,-1,-1,-1
120,2943,111.00,595.00,48.00,130.00,1,-1,-1,-1
120,2982,1145.00,521.00,21.00,52.00,1,-1,-1,-1
120,2984,224.00,580.00,50.00,145.00,1,-1,-1,-1
120,2985,1132.00,517.00,22.00,52.00,1,-1,-1,-1
120,2990,540.00,522.00,22.00,56.00,1,-1,-1,-1
120,3011,1294.00,529.00,32.00,77.00,1,-1,-1,-1
120,3017,1408.00,527.00,23.00,63.00,1,-1,-1,-1
120,3019,1198.00,441.00,41.00,84.00,1,-1,-1,-1
120,2983,812.00,507.00,15.00,33.00,1,-1,-1,-1
120,3022,559.00,518.00,23.00,64.00,1,-1,-1,-1
120,3027,1270.00,520.00,25.00,59.00,1,-1,-1,-1
120,3006,1472.00,521.00,30.00,69.00,1,-1,-1,-1
120,2925,1628.00,551.00,46.00,122.00,1,-1,-1,-1
120,3039,1288.00,523.00,22.00,53.00,1,-1,-1,-1
120,3025,134.00,577.00,47.00,129.00,1,-1,-1,-1
120,3037,173.00,547.00,50.00,107.00,1,-1,-1,-1
121,2920,-3.00,586.00,67.00,162.00,1,-1,-1,-1
121,2922,1765.00,648.00,100.00,244.00,1,-1,-1,-1
121,2926,1741.00,557.00,54.00,120.00,1,-1,-1,-1
121,2929,149.00,594.00,53.00,138.00,1,-1,-1,-1
121,2931,585.00,522.00,25.00,65.00,1,-1,-1,-1
121,2933,282.00,556.00,44.00,123.00,1,-1,-1,-1
121,2935,511.00,519.00,24.00,61.00,1,-1,-1,-1
121,2932,1077.00,505.00,17.00,42.00,1,-1,-1,-1
121,2943,99.00,604.00,46.00,125.00,1,-1,-1,-1
121,2982,1141.00,519.00,23.00,54.00,1,-1,-1,-1
121,2984,212.00,581.00,51.00,150.00,1,-1,-1,-1
121,2985,1127.00,517.00,23.00,53.00,1,-1,-1,-1
121,2990,535.00,520.00,22.00,57.00,1,-1,-1,-1
121,3011,1292.00,530.00,31.00,76.00,1,-1,-1,-1
121,3017,1407.00,529.00,22.00,57.00,1,-1,-1,-1
121,3019,1194.00,439.00,41.00,83.00,1,-1,-1,-1
121,2983,806.00,507.00,15.00,34.00,1,-1,-1,-1
121,3022,552.00,517.00,23.00,65.00,1,-1,-1,-1
121,3027,1263.00,522.00,24.00,58.00,1,-1,-1,-1
121,3006,1468.00,520.00,29.00,67.00,1,-1,-1,-1
121,2925,1629.00,548.00,44.00,118.00,1,-1,-1,-1
121,3039,1284.00,519.00,23.00,55.00,1,-1,-1,-1
121,3025,120.00,581.00,47.00,129.00,1,-1,-1,-1
121,3037,160.00,547.00,52.00,113.00,1,-1,-1,-1
121,3034,1440.00,528.00,22.00,53.00,1,-1,-1,-1
121,3005,816.00,506.00,16.00,35.00,1,-1,-1,-1
122,2920,-13.00,588.00,66.00,162.00,1,-1,-1,-1
122,2922,1769.00,652.00,99.00,237.00,1,-1,-1,-1
122,2926,1742.00,561.00,50.00,111.00,1,-1,-1,-1
122,2929,139.00,593.00,53.00,139.00,1,-1,-1,-1
122,2931,580.00,524.00,24.00,62.00,1,-1,-1,-1
122,2933,272.00,558.00,45.00,123.00,1,-1,-1,-1
122,2935,507.00,521.00,23.00,61.00,1,-1,-1,-1
122,2932,1072.00,506.00,18.00,44.00,1,-1,-1,-1
122,2943,89.00,604.00,48.00,127.00,1,-1,-1,-1
122,2982,1138.00,516.00,22.00,54.00,1,-1,-1,-1
122,2984,204.00,583.00,52.00,153.00,1,-1,-1,-1
122,2985,1124.00,515.00,22.00,52.00,1,-1,-1,-1
122,2990,533.00,520.00,21.00,56.00,1,-1,-1,-1
122,3011,1289.00,527.00,33.00,82.00,1,-1,-1,-1
122,3017,1402.00,528.00,20.00,55.00,1,-1,-1,-1
122,3019,1189.00,438.00,41.00,83.00,1,-1,-1,-1
122,2983,800.00,510.00,14.00,31.00,1,-1,-1,-1
122,3022,549.00,520.00,22.00,59.00,1,-1,-1,-1
122,3027,1257.00,519.00,25.00,59.00,1,-1,-1,-1
122,3006,1466.00,518.00,30.00,70.00,1,-1,-1,-1
122,2925,1626.00,548.00,44.00,120.00,1,-1,-1,-1
122,3039,1280.00,521.00,22.00,54.00,1,-1,-1,-1
122,3025,111.00,583.00,51.00,137.00,1,-1,-1,-1
122,3037,151.00,549.00,53.00,116.00,1,-1,-1,-1
122,3005,807.00,507.00,16.00,35.00,1,-1,-1,-1
123,2920,-21.00,600.00,61.00,152.00,1,-1,-1,-1
123,2922,1769.00,656.00,101.00,243.00,1,-1,-1,-1
123,2926,1740.00,561.00,52.00,113.00,1,-1,-1,-1
123,2929,132.00,596.00,53.00,138.00,1,-1,-1,-1
123,2931,573.00,522.00,25.00,67.00,1,-1,-1,-1
123,2933,266.00,560.00,44.00,122.00,1,-1,-1,-1
123,2935,504.00,523.00,24.00,62.00,1,-1,-1,-1
123,2932,1068.00,503.00,19.00,45.00,1,-1,-1,-1
123,2943,78.00,601.00,49.00,131.00,1,-1,-1,-1
123,2982,1135.00,517.00,22.00,54.00,1,-1,-1,-1
123,2984,196.00,593.00,51.00,149.00,1,-1,-1,-1
123,2985,1119.00,518.00,21.00,50.00,1,-1,-1,-1
123,2990,527.00,525.00,20.00,52.00,1,-1,-1,-1
123,3011,1289.00,527.00,32.00,79.00,1,-1,-1,-1
123,3017,1399.00,525.00,22.00,59.00,1,-1,-1,-1
123,3019,1186.00,437.00,41.00,85.00,1,-1,-1,-1
123,3022,545.00,522.00,21.00,59.00,1,-1,-1,-1
123,3027,1255.00,522.00,23.00,56.00,1,-1,-1,-1
123,3006,1459.00,516.00,30.00,72.00,1,-1,-1,-1
123,2925,1625.00,549.00,44.00,115.00,1,-1,-1,-1
123,3039,1274.00,524.00,22.00,51.00,1,-1,-1,-1
123,3025,106.00,584.00,51.00,137.00,1,-1,-1,-1
123,3037,145.00,551.00,51.00,110.00,1,-1,-1,-1
123,3005,800.00,509.00,15.00,34.00,1,-1,-1,-1
124,2922,1772.00,659.00,104.00,248.00,1,-1,-1,-1
124,2926,1737.00,562.00,52.00,113.00,1,-1,-1,-1
124,2929,117.00,604.00,53.00,138.00,1,-1,-1,-1
124,2931,569.00,524.00,25.00,66.00,1,-1,-1,-1
124,2933,257.00,561.00,45.00,124.00,1,-1,-1,-1
124,2935,498.00,522.00,23.00,60.00,1,-1,-1,-1
124,2932,1065.00,505.00,19.00,45.00,1,-1,-1,-1
124,2943,66.00,609.00,49.00,131.00,1,-1,-1,-1
124,2982,1131.00,518.00,21.00,52.00,1,-1,-1,-1
124,2984,184.00,595.00,51.00,148.00,1,-1,-1,-1
124,2985,1114.00,519.00,22.00,52.00,1,-1,-1,-1
124,2990,520.00,526.00,20.00,53.00,1,-1,-1,-1
124,3011,1288.00,528.00,33.00,82.00,1,-1,-1,-1
124,3017,1397.00,528.00,21.00,58.00,1,-1,-1,-1
124,3019,1180.00,439.00,42.00,84.00,1,-1,-1,-1
124,3022,540.00,522.00,21.00,58.00,1,-1,-1,-1
124,3027,1250.00,522.00,25.00,58.00,1,-1,-1,-1
124,3006,1456.00,516.00,30.00,69.00,1,-1,-1,-1
124,2925,1623.00,549.00,43.00,113.00,1,-1,-1,-1
124,3039,1269.00,523.00,22.00,51.00,1,-1,-1,-1
124,3025,96.00,579.00,50.00,134.00,1,-1,-1,-1
124,3037,137.00,553.00,54.00,118.00,1,-1,-1,-1
124,3005,794.00,509.00,14.00,31.00,1,-1,-1,-1
125,2922,1768.00,646.00,115.00,273.00,1,-1,-1,-1
125,2926,1734.00,563.00,53.00,112.00,1,-1,-1,-1
125,2929,106.00,602.00,52.00,138.00,1,-1,-1,-1
125,2931,565.00,526.00,25.00,66.00,1,-1,-1,-1
125,2933,249.00,564.00,44.00,122.00,1,-1,-1,-1
125,2935,493.00,520.00,24.00,61.00,1,-1,-1,-1
125,2932,1062.00,506.00,17.00,42.00,1,-1,-1,-1
125,2943,56.00,608.00,50.00,135.00,1,-1,-1,-1
125,2982,1130.00,518.00,22.00,54.00,1,-1,-1,-1
125,2984,175.00,596.00,52.00,149.00,1,-1,-1,-1
125,2985,1112.00,520.00,20.00,49.00,1,-1,-1,-1
125,2990,514.00,528.00,19.00,50.00,1,-1,-1,-1
125,3011,1283.00,526.00,34.00,86.00,1,-1,-1,-1
125,3017,1392.00,526.00,23.00,61.00,1,-1,-1,-1
125,3019,1178.00,438.00,42.00,84.00,1,-1,-1,-1
125,3022,532.00,521.00,22.00,60.00,1,-1,-1,-1
125,3027,1245.00,522.00,23.00,56.00,1,-1,-1,-1
125,3006,1452.00,520.00,28.00,66.00,1,-1,-1,-1
125,2925,1619.00,554.00,43.00,113.00,1,-1,-1,-1
125,3039,1264.00,521.00,22.00,51.00,1,-1,-1,-1
125,3025,85.00,582.00,46.00,122.00,1,-1,-1,-1
125,3037,127.00,557.00,53.00,118.00,1,-1,-1,-1
125,3005,787.00,508.00,14.00,31.00,1,-1,-1,-1
125,2983,779.00,503.00,19.00,41.00,1,-1,-1,-1
126,2922,1764.00,647.00,112.00,270.00,1,-1,-1,-1
126,2926,1732.00,561.00,54.00,116.00,1,-1,-1,-1
126,2929,94.00,602.00,54.00,141.00,1,-1,-1,-1
126,2931,560.00,526.00,24.00,64.00,1,-1,-1,-1
126,2933,241.00,566.00,46.00,127.00,1,-1,-1,-1
126,2935,485.00,522.00,25.00,64.00,1,-1,-1,-1
126,2932,1057.00,504.00,20.00,46.00,1,-1,-1,-1
126,2943,41.00,610.00,51.00,137.00,1,-1,-1,-1
126,2982,1127.00,518.00,24.00,57.00,1,-1,-1,-1
126,2984,162.00,592.00,53.00,151.00,1,-1,-1,-1
126,2985,1109.00,520.00,19.00,48.00,1,-1,-1,-1
126,2990,510.00,528.00,19.00,50.00,1,-1,-1,-1
126,3011,1280.00,525.00,35.00,89.00,1,-1,-1,-1
126,3017,1390.00,526.00,22.00,59.00,1,-1,-1,-1
126,3019,1174.00,439.00,41.00,84.00,1,-1,-1,-1
126,3022,524.00,519.00,23.00,64.00,1,-1,-1,-1
126,3027,1242.00,524.00,22.00,54.00,1,-1,-1,-1
126,3006,1447.00,522.00,27.00,67.00,1,-1,-1,-1
126,2925,1611.00,547.00,44.00,118.00,1,-1,-1,-1
126,3039,1258.00,518.00,24.00,57.00,1,-1,-1,-1
126,3025,69.00,583.00,47.00,126.00,1,-1,-1,-1
126,3037,114.00,561.00,55.00,123.00,1,-1,-1,-1
126,3005,782.00,511.00,13.00,31.00,1,-1,-1,-1
127,2922,1768.00,652.00,111.00,267.00,1,-1,-1,-1
127,2926,1726.00,561.00,56.00,121.00,1,-1,-1,-1
127,2929,87.00,608.00,53.00,137.00,1,-1,-1,-1
127,2931,553.00,526.00,27.00,70.00,1,-1,-1,-1
127,2933,234.00,572.00,43.00,119.00,1,-1,-1,-1
127,2935,480.00,524.00,25.00,64.00,1,-1,-1,-1
127,2932,1054.00,504.00,19.00,44.00,1,-1,-1,-1
127,2943,28.00,611.00,53.00,140.00,1,-1,-1,-1
127,2982,1123.00,518.00,23.00,54.00,1,-1,-1,-1
127,2984,150.00,595.00,54.00,151.00,1,-1,-1,-1
127,2985,1104.00,518.00,21.00,51.00,1,-1,-1,-1
127,2990,504.00,532.00,18.00,48.00,1,-1,-1,-1
127,3011,1279.00,525.00,34.00,87.00,1,-1,-1,-1
127,3017,1388.00,528.00,19.00,54.00,1,-1,-1,-1
127,3019,1168.00,438.00,43.00,88.00,1,-1,-1,-1
127,3022,520.00,520.00,24.00,65.00,1,-1,-1,-1
127,3027,1237.00,524.00,22.00,54.00,1,-1,-1,-1
127,3006,1442.00,521.00,28.00,68.00,1,-1,-1,-1
127,2925,1612.00,550.00,42.00,114.00,1,-1,-1,-1
127,3039,1256.00,522.00,23.00,55.00,1,-1,-1,-1
127,3025,58.00,585.00,54.00,144.00,1,-1,-1,-1
127,3037,110.00,564.00,53.00,122.00,1,-1,-1,-1
127,3005,776.00,510.00,14.00,31.00,1,-1,-1,-1
128,2922,1778.00,653.00,111.00,263.00,1,-1,-1,-1
128,2926,1720.00,558.00,56.00,123.00,1,-1,-1,-1
128,2929,76.00,616.00,50.00,131.00,1,-1,-1,-1
128,2931,550.00,529.00,26.00,67.00,1,-1,-1,-1
128,2933,225.00,576.00,42.00,115.00,1,-1,-1,-1
128,2935,474.00,527.00,25.00,64.00,1,-1,-1,-1
128,2932,1050.00,506.00,18.00,43.00,1,-1,-1,-1
128,2943,18.00,610.00,53.00,142.00,1,-1,-1,-1
128,2982,1120.00,519.00,23.00,56.00,1,-1,-1,-1
128,2984,137.00,592.00,57.00,160.00,1,-1,-1,-1
128,2985,1102.00,518.00,21.00,51.00,1,-1,-1,-1
128,2990,498.00,531.00,20.00,51.00,1,-1,-1,-1
128,3011,1280.00,529.00,33.00,85.00,1,-1,-1,-1
128,3017,1387.00,526.00,20.00,54.00,1,-1,-1,-1
128,3019,1165.00,439.00,42.00,85.00,1,-1,-1,-1
128,3022,517.00,521.00,23.00,66.00,1,-1,-1,-1
128,3027,1234.00,526.00,23.00,55.00,1,-1,-1,-1
128,3006,1438.00,523.00,28.00,69.00,1,-1,-1,-1
128,2925,1605.00,544.00,44.00,120.00,1,-1,-1,-1
128,3039,1252.00,522.00,23.00,55.00,1,-1,-1,-1
128,3025,44.00,585.00,53.00,143.00,1,-1,-1,-1
128,3037,106.00,561.00,49.00,116.00,1,-1,-1,-1
128,3005,771.00,511.00,14.00,31.00,1,-1,-1,-1
129,2922,1791.00,656.00,112.00,265.00,1,-1,-1,-1
129,2926,1719.00,560.00,56.00,124.00,1,-1,-1,-1
129,2929,62.00,607.00,57.00,148.00,1,-1,-1,-1
129,2931,548.00,529.00,25.00,66.00,1,-1,-1,-1
129,2933,219.00,573.00,44.00,123.00,1,-1,-1,-1
129,2935,469.00,529.00,23.00,57.00,1,-1,-1,-1
129,2932,1047.00,506.00,18.00,42.00,1,-1,-1,-1
129,2943,9.00,614.00,54.00,143.00,1,-1,-1,-1
129,2982,1115.00,521.00,22.00,51.00,1,-1,-1,-1
129,2984,124.00,594.00,58.00,162.00,1,-1,-1,-1
129,2985,1098.00,520.00,19.00,46.00,1,-1,-1,-1
129,2990,490.00,530.00,21.00,53.00,1,-1,-1,-1
129,3011,1278.00,531.00,32.00,82.00,1,-1,-1,-1
129,3017,1380.00,526.00,21.00,58.00,1,-1,-1,-1
129,3019,1163.00,442.00,40.00,81.00,1,-1,-1,-1
129,3022,511.00,526.00,21.00,59.00,1,-1,-1,-1
129,3027,1231.00,524.00,23.00,56.00,1,-1,-1,-1
129,3006,1435.00,521.00,28.00,67.00,1,-1,-1,-1
129,2925,1604.00,552.00,42.00,115.00,1,-1,-1,-1
129,3039,1247.00,520.00,23.00,55.00,1,-1,-1,-1
129,3025,40.00,584.00,48.00,129.00,1,-1,-1,-1
129,3037,95.00,566.00,52.00,122.00,1,-1,-1,-1
129,3005,763.00,510.00,14.00,31.00,1,-1,-1,-1
130,2922,1791.00,646.00,119.00,278.00,1,-1,-1,-1
130,2926,1718.00,562.00,55.00,121.00,1,-1,-1,-1
130,2929,51.00,611.00,56.00,145.00,1,-1,-1,-1
130,2931,543.00,528.00,26.00,68.00,1,-1,-1,-1
130,2933,209.00,575.00,45.00,125.00,1,-1,-1,-1
130,2935,463.00,527.00,23.00,59.00,1,-1,-1,-1
130,2932,1042.00,504.00,18.00,45.00,1,-1,-1,-1
130,2943,-6.00,610.00,50.00,142.00,1,-1,-1,-1
130,2982,1110.00,521.00,22.00,53.00,1,-1,-1,-1
130,2984,116.00,602.00,57.00,159.00,1,-1,-1,-1
130,2985,1092.00,518.00,22.00,53.00,1,-1,-1,-1
130,2990,486.00,532.00,20.00,51.00,1,-1,-1,-1
130,3011,1275.00,533.00,31.00,79.00,1,-1,-1,-1
130,3017,1377.00,525.00,23.00,63.00,1,-1,-1,-1
130,3019,1159.00,443.00,40.00,82.00,1,-1,-1,-1
130,3022,507.00,524.00,22.00,63.00,1,-1,-1,-1
130,3027,1223.00,523.00,23.00,56.00,1,-1,-1,-1
130,3006,1432.00,521.00,28.00,66.00,1,-1,-1,-1
130,2925,1601.00,548.00,42.00,116.00,1,-1,-1,-1
130,3039,1244.00,522.00,22.00,53.00,1,-1,-1,-1
130,3025,22.00,582.00,58.00,157.00,1,-1,-1,-1
130,3037,82.00,562.00,53.00,125.00,1,-1,-1,-1
130,3005,760.00,512.00,14.00,30.00,1,-1,-1,-1
131,2922,1797.00,643.00,123.00,288.00,1,-1,-1,-1
131,2926,1724.00,564.00,53.00,114.00,1,-1,-1,-1
131,2929,40.00,605.00,57.00,150.00,1,-1,-1,-1
131,2931,538.00,529.00,26.00,68.00,1,-1,-1,-1
131,2933,199.00,577.00,45.00,125.00,1,-1,-1,-1
131,2935,458.00,528.00,24.00,61.00,1,-1,-1,-1
131,2932,1037.00,505.00,19.00,46.00,1,-1,-1,-1
131,2943,-15.00,611.00,53.00,153.00,1,-1,-1,-1
131,2982,1109.00,518.00,23.00,56.00,1,-1,-1,-1
131,2984,101.00,598.00,58.00,163.00,1,-1,-1,-1
131,2985,1091.00,519.00,21.00,52.00,1,-1,-1,-1
131,2990,479.00,532.00,21.00,53.00,1,-1,-1,-1
131,3011,1270.00,533.00,32.00,80.00,1,-1,-1,-1
131,3017,1375.00,528.00,22.00,59.00,1,-1,-1,-1
131,3019,1155.00,445.00,41.00,84.00,1,-1,-1,-1
131,3022,502.00,527.00,21.00,60.00,1,-1,-1,-1
131,3027,1221.00,523.00,23.00,55.00,1,-1,-1,-1
131,3006,1428.00,524.00,27.00,65.00,1,-1,-1,-1
131,2925,1596.00,548.00,42.00,116.00,1,-1,-1,-1
131,3039,1239.00,522.00,23.00,55.00,1,-1,-1,-1
131,3025,14.00,583.00,53.00,141.00,1,-1,-1,-1
131,3037,76.00,565.00,51.00,122.00,1,-1,-1,-1
131,3005,754.00,510.00,15.00,32.00,1,-1,-1,-1
131,2983,747.00,506.00,15.00,35.00,1,-1,-1,-1
132,2922,1801.00,652.00,124.00,292.00,1,-1,-1,-1
132,2926,1722.00,564.00,55.00,115.00,1,-1,-1,-1
132,2929,27.00,613.00,57.00,150.00,1,-1,-1,-1
132,2931,532.00,531.00,26.00,68.00,1,-1,-1,-1
132,2933,191.00,577.00,45.00,125.00,1,-1,-1,-1
132,2935,450.00,527.00,27.00,67.00,1,-1,-1,-1
132,2932,1032.00,506.00,18.00,43.00,1,-1,-1,-1
132,2982,1103.00,518.00,23.00,55.00,1,-1,-1,-1
132,2984,91.00,612.00,53.00,147.00,1,-1,-1,-1
132,2985,1088.00,520.00,21.00,52.00,1,-1,-1,-1
132,2990,473.00,531.00,22.00,57.00,1,-1,-1,-1
132,3011,1264.00,529.00,34.00,86.00,1,-1,-1,-1
132,3017,1369.00,528.00,23.00,63.00,1,-1,-1,-1
132,3019,1151.00,442.00,41.00,84.00,1,-1,-1,-1
132,3022,497.00,525.00,23.00,62.00,1,-1,-1,-1
132,3027,1215.00,523.00,24.00,58.00,1,-1,-1,-1
132,3006,1420.00,525.00,27.00,65.00,1,-1,-1,-1
132,2925,1595.00,550.00,41.00,112.00,1,-1,-1,-1
132,3039,1234.00,518.00,24.00,58.00,1,-1,-1,-1
132,3025,1.00,590.00,52.00,138.00,1,-1,-1,-1
132,3037,62.00,568.00,51.00,124.00,1,-1,-1,-1
132,3005,749.00,509.00,15.00,31.00,1,-1,-1,-1
133,2922,1801.00,667.00,122.00,289.00,1,-1,-1,-1
133,2926,1713.00,564.00,56.00,118.00,1,-1,-1,-1
133,2929,17.00,620.00,55.00,144.00,1,-1,-1,-1
133,2931,526.00,529.00,26.00,70.00,1,-1,-1,-1
133,2933,180.00,576.00,47.00,130.00,1,-1,-1,-1
133,2935,444.00,530.00,25.00,62.00,1,-1,-1,-1
133,2932,1030.00,507.00,18.00,42.00,1,-1,-1,-1
133,2982,1101.00,521.00,22.00,54.00,1,-1,-1,-1
133,2984,77.00,612.00,56.00,156.00,1,-1,-1,-1
133,2985,1083.00,516.00,22.00,54.00,1,-1,-1,-1
133,2990,470.00,530.00,22.00,58.00,1,-1,-1,-1
133,3011,1265.00,532.00,31.00,81.00,1,-1,-1,-1
133,3017,1363.00,528.00,23.00,64.00,1,-1,-1,-1
133,3019,1144.00,438.00,43.00,89.00,1,-1,-1,-1
133,3022,488.00,524.00,23.00,65.00,1,-1,-1,-1
133,3027,1212.00,522.00,23.00,57.00,1,-1,-1,-1
133,3006,1417.00,527.00,26.00,62.00,1,-1,-1,-1
133,2925,1591.00,552.00,40.00,110.00,1,-1,-1,-1
133,3039,1229.00,517.00,24.00,58.00,1,-1,-1,-1
133,3025,-8.00,591.00,48.00,133.00,1,-1,-1,-1
133,3037,57.00,569.00,49.00,120.00,1,-1,-1,-1
133,3005,742.00,508.00,15.00,34.00,1,-1,-1,-1
134,2922,1801.00,665.00,125.00,298.00,1,-1,-1,-1
134,2926,1713.00,565.00,54.00,115.00,1,-1,-1,-1
134,2929,6.00,621.00,55.00,144.00,1,-1,-1,-1
134,2931,520.00,531.00,25.00,67.00,1,-1,-1,-1
134,2933,171.00,575.00,47.00,129.00,1,-1,-1,-1
134,2935,438.00,532.00,25.00,64.00,1,-1,-1,-1
134,2932,1025.00,505.00,19.00,45.00,1,-1,-1,-1
134,2982,1096.00,522.00,23.00,54.00,1,-1,-1,-1
134,2984,64.00,614.00,55.00,152.00,1,-1,-1,-1
134,2985,1080.00,518.00,22.00,56.00,1,-1,-1,-1
134,2990,462.00,532.00,22.00,57.00,1,-1,-1,-1
134,3011,1261.00,534.00,32.00,82.00,1,-1,-1,-1
134,3017,1361.00,533.00,21.00,58.00,1,-1,-1,-1
134,3019,1142.00,441.00,41.00,87.00,1,-1,-1,-1
134,3022,485.00,526.00,22.00,60.00,1,-1,-1,-1
134,3027,1206.00,522.00,23.00,57.00,1,-1,-1,-1
134,3006,1415.00,525.00,28.00,65.00,1,-1,-1,-1
134,2925,1589.00,548.00,41.00,114.00,1,-1,-1,-1
134,3039,1226.00,518.00,25.00,60.00,1,-1,-1,-1
134,3037,49.00,565.00,49.00,122.00,1,-1,-1,-1
134,3005,734.00,509.00,17.00,38.00,1,-1,-1,-1
134,2983,726.00,507.00,16.00,37.00,1,-1,-1,-1
135,2922,1807.00,672.00,124.00,299.00,1,-1,-1,-1
135,2926,1709.00,565.00,54.00,114.00,1,-1,-1,-1
135,2929,-3.00,623.00,54.00,144.00,1,-1,-1,-1
135,2931,517.00,535.00,24.00,64.00,1,-1,-1,-1
135,2933,162.00,577.00,46.00,131.00,1,-1,-1,-1
135,2935,433.00,535.00,24.00,61.00,1,-1,-1,-1
135,2932,1021.00,506.00,19.00,45.00,1,-1,-1,-1
135,2982,1092.00,520.00,24.00,56.00,1,-1,-1,-1
135,2984,54.00,610.00,56.00,156.00,1,-1,-1,-1
135,2985,1074.00,517.00,22.00,56.00,1,-1,-1,-1
135,2990,456.00,534.00,21.00,55.00,1,-1,-1,-1
135,3011,1259.00,539.00,29.00,74.00,1,-1,-1,-1
135,3017,1361.00,531.00,21.00,58.00,1,-1,-1,-1
135,3019,1139.00,442.00,41.00,85.00,1,-1,-1,-1
135,3022,478.00,528.00,22.00,61.00,1,-1,-1,-1
135,3027,1201.00,522.00,24.00,58.00,1,-1,-1,-1
135,3006,1410.00,526.00,27.00,62.00,1,-1,-1,-1
135,2925,1584.00,552.00,41.00,114.00,1,-1,-1,-1
135,3039,1223.00,518.00,24.00,57.00,1,-1,-1,-1
135,3037,41.00,572.00,47.00,117.00,1,-1,-1,-1
135,3005,731.00,514.00,16.00,33.00,1,-1,-1,-1
136,2922,1811.00,674.00,122.00,296.00,1,-1,-1,-1
136,2926,1706.00,560.00,58.00,120.00,1,-1,-1,-1
136,2929,-19.00,620.00,58.00,157.00,1,-1,-1,-1
136,2931,511.00,532.00,25.00,68.00,1,-1,-1,-1
136,2933,153.00,580.00,46.00,128.00,1,-1,-1,-1
136,2935,425.00,534.00,26.00,65.00,1,-1,-1,-1
136,2932,1014.00,503.00,20.00,48.00,1,-1,-1,-1
136,2982,1089.00,518.00,24.00,56.00,1,-1,-1,-1
136,2984,38.00,603.00,60.00,167.00,1,-1,-1,-1
136,2985,1072.00,520.00,21.00,51.00,1,-1,-1,-1
136,2990,449.00,532.00,23.00,58.00,1,-1,-1,-1
136,3011,1255.00,540.00,29.00,76.00,1,-1,-1,-1
136,3017,1355.00,534.00,20.00,52.00,1,-1,-1,-1
136,3019,1135.00,440.00,41.00,85.00,1,-1,-1,-1
136,3022,473.00,530.00,22.00,59.00,1,-1,-1,-1
136,3027,1198.00,523.00,24.00,58.00,1,-1,-1,-1
136,3006,1404.00,523.00,28.00,65.00,1,-1,-1,-1
136,2925,1580.00,549.00,41.00,114.00,1,-1,-1,-1
136,3039,1219.00,520.00,25.00,59.00,1,-1,-1,-1
136,3005,725.00,510.00,16.00,35.00,1,-1,-1,-1
136,2983,714.00,507.00,16.00,36.00,1,-1,-1,-1
137,2922,1824.00,690.00,113.00,273.00,1,-1,-1,-1
137,2926,1703.00,565.00,55.00,115.00,1,-1,-1,-1
137,2931,504.00,533.00,25.00,67.00,1,-1,-1,-1
137,2933,147.00,583.00,44.00,127.00,1,-1,-1,-1
137,2935,422.00,535.00,24.00,62.00,1,-1,-1,-1
137,2932,1011.00,505.00,20.00,49.00,1,-1,-1,-1
137,2982,1085.00,518.00,24.00,55.00,1,-1,-1,-1
137,2984,27.00,610.00,59.00,165.00,1,-1,-1,-1
137,2985,1067.00,518.00,21.00,52.00,1,-1,-1,-1
137,2990,445.00,534.00,21.00,57.00,1,-1,-1,-1
137,3011,1252.00,537.00,32.00,82.00,1,-1,-1,-1
137,3017,1351.00,532.00,20.00,53.00,1,-1,-1,-1
137,3019,1130.00,440.00,42.00,87.00,1,-1,-1,-1
137,3022,466.00,528.00,21.00,60.00,1,-1,-1,-1
137,3027,1193.00,521.00,24.00,60.00,1,-1,-1,-1
137,3006,1400.00,525.00,30.00,69.00,1,-1,-1,-1
137,2925,1574.00,552.00,42.00,115.00,1,-1,-1,-1
137,3039,1212.00,519.00,24.00,60.00,1,-1,-1,-1
137,3005,720.00,510.00,16.00,35.00,1,-1,-1,-1
137,2983,711.00,507.00,15.00,35.00,1,-1,-1,-1
138,2922,1821.00,675.00,127.00,309.00,1,-1,-1,-1
138,2926,1700.00,565.00,56.00,114.00,1,-1,-1,-1
138,2931,500.00,530.00,26.00,70.00,1,-1,-1,-1
138,2933,137.00,584.00,45.00,127.00,1,-1,-1,-1
138,2935,416.00,531.00,25.00,64.00,1,-1,-1,-1
138,2932,1010.00,504.00,19.00,47.00,1,-1,-1,-1
138,2982,1082.00,516.00,24.00,57.00,1,-1,-1,-1
138,2984,15.00,598.00,66.00,184.00,1,-1,-1,-1
138,2985,1065.00,518.00,21.00,54.00,1,-1,-1,-1
138,2990,438.00,531.00,21.00,57.00,1,-1,-1,-1
138,3011,1250.00,535.00,33.00,84.00,1,-1,-1,-1
138,3017,1346.00,531.00,20.00,54.00,1,-1,-1,-1
138,3019,1127.00,438.00,41.00,85.00,1,-1,-1,-1
138,3022,463.00,526.00,21.00,60.00,1,-1,-1,-1
138,3027,1192.00,521.00,24.00,58.00,1,-1,-1,-1
138,3006,1396.00,527.00,27.00,63.00,1,-1,-1,-1
138,2925,1572.00,554.00,43.00,118.00,1,-1,-1,-1
138,3039,1209.00,517.00,24.00,59.00,1,-1,-1,-1
138,3005,714.00,510.00,15.00,35.00,1,-1,-1,-1
138,3031,1305.00,519.00,30.00,77.00,1,-1,-1,-1
139,2922,1826.00,676.00,124.00,306.00,1,-1,-1,-1
139,2926,1698.00,563.00,55.00,113.00,1,-1,-1,-1
139,2931,497.00,532.00,24.00,65.00,1,-1,-1,-1
139,2933,127.00,581.00,46.00,128.00,1,-1,-1,-1
139,2935,411.00,529.00,25.00,65.00,1,-1,-1,-1
139,2932,1006.00,504.00,18.00,44.00,1,-1,-1,-1
139,2982,1080.00,517.00,23.00,54.00,1,-1,-1,-1
139,2984,7.00,604.00,61.00,174.00,1,-1,-1,-1
139,2985,1059.00,519.00,21.00,53.00,1,-1,-1,-1
139,2990,432.00,533.00,21.00,58.00,1,-1,-1,-1
139,3011,1246.00,533.00,34.00,86.00,1,-1,-1,-1
139,3017,1345.00,527.00,21.00,56.00,1,-1,-1,-1
139,3019,1123.00,438.00,42.00,86.00,1,-1,-1,-1
139,3022,455.00,525.00,21.00,61.00,1,-1,-1,-1
139,3027,1186.00,521.00,24.00,57.00,1,-1,-1,-1
139,3006,1392.00,524.00,28.00,65.00,1,-1,-1,-1
139,2925,1569.00,554.00,41.00,112.00,1,-1,-1,-1
139,3039,1203.00,520.00,23.00,57.00,1,-1,-1,-1
139,3005,711.00,510.00,15.00,33.00,1,-1,-1,-1
139,3046,721.00,508.00,14.00,33.00,1,-1,-1,-1
139,2983,703.00,507.00,16.00,34.00,1,-1,-1,-1
140,2922,1832.00,678.00,125.00,308.00,1,-1,-1,-1
140,2926,1696.00,559.00,58.00,117.00,1,-1,-1,-1
140,2931,490.00,531.00,26.00,71.00,1,-1,-1,-1
140,2933,120.00,585.00,45.00,126.00,1,-1,-1,-1
140,2935,406.00,527.00,26.00,67.00,1,-1,-1,-1
140,2932,1002.00,504.00,17.00,44.00,1,-1,-1,-1
140,2982,1076.00,517.00,23.00,56.00,1,-1,-1,-1
140,2984,-2.00,605.00,58.00,167.00,1,-1,-1,-1
140,2985,1056.00,516.00,22.00,54.00,1,-1,-1,-1
140,2990,427.00,536.00,20.00,52.00,1,-1,-1,-1
140,3011,1247.00,534.00,32.00,81.00,1,-1,-1,-1
140,3017,1338.00,526.00,22.00,58.00,1,-1,-1,-1
140,3019,1118.00,436.00,42.00,89.00,1,-1,-1,-1
140,3022,452.00,523.00,23.00,64.00,1,-1,-1,-1
140,3027,1186.00,521.00,23.00,56.00,1,-1,-1,-1
140,3006,1389.00,524.00,27.00,64.00,1,-1,-1,-1
140,2925,1566.00,554.00,40.00,110.00,1,-1,-1,-1
140,3039,1198.00,516.00,25.00,62.00,1,-1,-1,-1
140,3005,706.00,510.00,15.00,33.00,1,-1,-1,-1
141,2922,1834.00,680.00,129.00,319.00,1,-1,-1,-1
141,2926,1693.00,558.00,58.00,120.00,1,-1,-1,-1
141,2931,487.00,529.00,25.00,69.00,1,-1,-1,-1
141,2933,114.00,586.00,44.00,125.00,1,-1,-1,-1
141,2935,400.00,530.00,25.00,65.00,1,-1,-1,-1
141,2932,998.00,502.00,19.00,47.00,1,-1,-1,-1
141,2982,1072.00,520.00,22.00,53.00,1,-1,-1,-1
141,2985,1055.00,518.00,20.00,51.00,1,-1,-1,-1
141,2990,425.00,536.00,19.00,52.00,1,-1,-1,-1
141,3011,1247.00,536.00,30.00,77.00,1,-1,-1,-1
141,3017,1335.00,527.00,21.00,59.00,1,-1,-1,-1
141,3019,1113.00,434.00,45.00,95.00,1,-1,-1,-1
141,3022,449.00,524.00,22.00,62.00,1,-1,-1,-1
141,3027,1178.00,519.00,24.00,58.00,1,-1,-1,-1
141,3006,1385.00,522.00,28.00,67.00,1,-1,-1,-1
141,2925,1561.00,552.00,42.00,113.00,1,-1,-1,-1
141,3039,1197.00,515.00,25.00,62.00,1,-1,-1,-1
141,3005,700.00,509.00,16.00,34.00,1,-1,-1,-1
141,3037,-5.00,573.00,45.00,115.00,1,-1,-1,-1
142,2922,1834.00,685.00,128.00,321.00,1,-1,-1,-1
142,2926,1689.00,557.00,59.00,121.00,1,-1,-1,-1
142,2931,484.00,531.00,24.00,66.00,1,-1,-1,-1
142,2933,105.00,581.00,47.00,133.00,1,-1,-1,-1
142,2935,396.00,531.00,26.00,66.00,1,-1,-1,-1
142,2932,995.00,502.00,19.00,46.00,1,-1,-1,-1
142,2982,1071.00,519.00,22.00,51.00,1,-1,-1,-1
142,2985,1052.00,518.00,20.00,52.00,1,-1,-1,-1
142,2990,419.00,531.00,22.00,57.00,1,-1,-1,-1
142,3011,1245.00,535.00,31.00,78.00,1,-1,-1,-1
142,3017,1332.00,527.00,21.00,57.00,1,-1,-1,-1
142,3019,1114.00,434.00,43.00,92.00,1,-1,-1,-1
142,3022,444.00,526.00,21.00,59.00,1,-1,-1,-1
142,3027,1175.00,519.00,23.00,56.00,1,-1,-1,-1
142,3006,1381.00,519.00,29.00,68.00,1,-1,-1,-1
142,2925,1557.00,549.00,42.00,115.00,1,-1,-1,-1
142,3039,1194.00,515.00,24.00,61.00,1,-1,-1,-1
142,3005,699.00,511.00,14.00,31.00,1,-1,-1,-1
142,3037,-10.00,576.00,43.00,110.00,1,-1,-1,-1
142,2983,690.00,506.00,17.00,39.00,1,-1,-1,-1
143,2926,1689.00,557.00,60.00,123.00,1,-1,-1,-1
143,2931,481.00,531.00,24.00,65.00,1,-1,-1,-1
143,2933,95.00,581.00,47.00,134.00,1,-1,-1,-1
143,2935,388.00,529.00,26.00,70.00,1,-1,-1,-1
143,2932,994.00,501.00,20.00,46.00,1,-1,-1,-1
143,2982,1069.00,518.00,22.00,53.00,1,-1,-1,-1
143,2985,1048.00,517.00,21.00,52.00,1,-1,-1,-1
143,2990,414.00,529.00,21.00,57.00,1,-1,-1,-1
143,3011,1245.00,535.00,29.00,75.00,1,-1,-1,-1
143,3017,1332.00,527.00,21.00,57.00,1,-1,-1,-1
143,3019,1109.00,434.00,43.00,92.00,1,-1,-1,-1
143,3022,439.00,522.00,23.00,63.00,1,-1,-1,-1
143,3027,1172.00,519.00,23.00,59.00,1,-1,-1,-1
143,3006,1379.00,522.00,29.00,66.00,1,-1,-1,-1
143,2925,1552.00,552.00,41.00,112.00,1,-1,-1,-1
143,3039,1186.00,515.00,24.00,60.00,1,-1,-1,-1
143,3005,697.00,507.00,14.00,33.00,1,-1,-1,-1
143,3037,-13.00,570.00,36.00,98.00,1,-1,-1,-1
143,2983,688.00,505.00,16.00,34.00,1,-1,-1,-1
143,3034,1359.00,528.00,25.00,62.00,1,-1,-1,-1
144,2926,1690.00,558.00,58.00,124.00,1,-1,-1,-1
144,2931,475.00,530.00,25.00,66.00,1,-1,-1,-1
144,2933,84.00,580.00,49.00,139.00,1,-1,-1,-1
144,2935,385.00,531.00,26.00,68.00,1,-1,-1,-1
144,2932,991.00,502.00,20.00,48.00,1,-1,-1,-1
144,2982,1066.00,517.00,22.00,53.00,1,-1,-1,-1
144,2985,1046.00,514.00,21.00,54.00,1,-1,-1,-1
144,2990,409.00,532.00,20.00,54.00,1,-1,-1,-1
144,3011,1241.00,535.00,32.00,80.00,1,-1,-1,-1
144,3017,1329.00,531.00,21.00,55.00,1,-1,-1,-1
144,3019,1108.00,436.00,42.00,90.00,1,-1,-1,-1
144,3022,432.00,523.00,23.00,64.00,1,-1,-1,-1
144,3027,1168.00,523.00,21.00,53.00,1,-1,-1,-1
144,3006,1375.00,522.00,29.00,65.00,1,-1,-1,-1
144,2925,1552.00,554.00,41.00,113.00,1,-1,-1,-1
144,3039,1178.00,516.00,24.00,59.00,1,-1,-1,-1
144,3005,691.00,508.00,15.00,32.00,1,-1,-1,-1
144,2983,683.00,504.00,17.00,39.00,1,-1,-1,-1
144,3034,1356.00,530.00,23.00,56.00,1,-1,-1,-1
145,2926,1684.00,561.00,59.00,126.00,1,-1,-1,-1
145,2931,474.00,530.00,23.00,65.00,1,-1,-1,-1
145,2933,74.00,577.00,50.00,144.00,1,-1,-1,-1
145,2935,382.00,532.00,24.00,64.00,1,-1,-1,-1
145,2932,988.00,505.00,19.00,44.00,1,-1,-1,-1
145,2982,1063.00,520.00,21.00,51.00,1,-1,-1,-1
145,2985,1044.00,519.00,20.00,50.00,1,-1,-1,-1
145,2990,402.00,529.00,21.00,56.00,1,-1,-1,-1
145,3011,1239.00,535.00,32.00,82.00,1,-1,-1,-1
145,3017,1326.00,530.00,21.00,54.00,1,-1,-1,-1
145,3019,1107.00,438.00,40.00,86.00,1,-1,-1,-1
145,3022,426.00,523.00,23.00,64.00,1,-1,-1,-1
145,3027,1164.00,523.00,22.00,55.00,1,-1,-1,-1
145,3006,1368.00,523.00,29.00,68.00,1,-1,-1,-1
145,2925,1549.00,553.00,42.00,114.00,1,-1,-1,-1
145,3039,1178.00,515.00,24.00,60.00,1,-1,-1,-1
145,3005,685.00,508.00,16.00,34.00,1,-1,-1,-1
145,3034,1353.00,530.00,25.00,58.00,1,-1,-1,-1
146,2926,1684.00,561.00,58.00,126.00,1,-1,-1,-1
146,2931,470.00,532.00,24.00,64.00,1,-1,-1,-1
146,2933,66.00,572.00,50.00,146.00,1,-1,-1,-1
146,2935,375.00,528.00,26.00,70.00,1,-1,-1,-1
146,2932,984.00,505.00,18.00,43.00,1,-1,-1,-1
146,2982,1059.00,520.00,22.00,53.00,1,-1,-1,-1
146,2985,1044.00,517.00,20.00,53.00,1,-1,-1,-1
146,2990,398.00,527.00,22.00,60.00,1,-1,-1,-1
146,3011,1238.00,535.00,32.00,82.00,1,-1,-1,-1
146,3017,1323.00,531.00,21.00,56.00,1,-1,-1,-1
146,3019,1101.00,436.00,42.00,89.00,1,-1,-1,-1
146,3022,423.00,524.00,23.00,62.00,1,-1,-1,-1
146,3027,1160.00,522.00,23.00,56.00,1,-1,-1,-1
146,3006,1360.00,524.00,29.00,68.00,1,-1,-1,-1
146,2925,1540.00,550.00,44.00,119.00,1,-1,-1,-1
146,3039,1179.00,518.00,22.00,57.00,1,-1,-1,-1
146,3034,1349.00,531.00,23.00,55.00,1,-1,-1,-1
146,2983,676.00,505.00,15.00,34.00,1,-1,-1,-1
147,2926,1682.00,565.00,57.00,124.00,1,-1,-1,-1
147,2931,466.00,532.00,23.00,64.00,1,-1,-1,-1
147,2933,56.00,571.00,51.00,147.00,1,-1,-1,-1
147,2935,370.00,528.00,27.00,71.00,1,-1,-1,-1
147,2932,982.00,505.00,18.00,46.00,1,-1,-1,-1
147,2982,1055.00,523.00,21.00,52.00,1,-1,-1,-1
147,2985,1039.00,518.00,22.00,57.00,1,-1,-1,-1
147,2990,393.00,530.00,21.00,56.00,1,-1,-1,-1
147,3011,1235.00,538.00,31.00,77.00,1,-1,-1,-1
147,3017,1323.00,532.00,20.00,55.00,1,-1,-1,-1
147,3019,1098.00,437.00,43.00,91.00,1,-1,-1,-1
147,3022,414.00,523.00,24.00,65.00,1,-1,-1,-1
147,3027,1157.00,521.00,24.00,59.00,1,-1,-1,-1
147,3006,1360.00,524.00,29.00,66.00,1,-1,-1,-1
147,2925,1542.00,547.00,45.00,118.00,1,-1,-1,-1
147,3039,1174.00,520.00,23.00,57.00,1,-1,-1,-1
147,3034,1345.00,533.00,23.00,53.00,1,-1,-1,-1
147,2983,671.00,504.00,17.00,39.00,1,-1,-1,-1
147,3005,677.00,508.00,15.00,33.00,1,-1,-1,-1
148,2926,1680.00,564.00,56.00,121.00,1,-1,-1,-1
148,2931,461.00,534.00,23.00,63.00,1,-1,-1,-1
148,2933,49.00,576.00,50.00,147.00,1,-1,-1,-1
148,2935,365.00,530.00,26.00,68.00,1,-1,-1,-1
148,2932,977.00,504.00,18.00,45.00,1,-1,-1,-1
148,2982,1050.00,521.00,23.00,55.00,1,-1,-1,-1
148,2985,1038.00,522.00,20.00,52.00,1,-1,-1,-1
148,2990,386.00,526.00,24.00,63.00,1,-1,-1,-1
148,3011,1233.00,541.00,30.00,75.00,1,-1,-1,-1
148,3017,1322.00,532.00,20.00,55.00,1,-1,-1,-1
148,3019,1094.00,439.00,42.00,89.00,1,-1,-1,-1
148,3022,411.00,525.00,23.00,63.00,1,-1,-1,-1
148,3027,1151.00,523.00,23.00,58.00,1,-1,-1,-1
148,3006,1354.00,524.00,32.00,70.00,1,-1,-1,-1
148,2925,1534.00,554.00,45.00,117.00,1,-1,-1,-1
148,3039,1173.00,520.00,23.00,58.00,1,-1,-1,-1
148,3034,1340.00,532.00,23.00,53.00,1,-1,-1,-1
148,3005,672.00,509.00,14.00,32.00,1,-1,-1,-1
149,2926,1673.00,564.00,55.00,121.00,1,-1,-1,-1
149,2931,455.00,532.00,25.00,67.00,1,-1,-1,-1
149,2933,43.00,582.00,48.00,140.00,1,-1,-1,-1
149,2935,360.00,530.00,25.00,67.00,1,-1,-1,-1
149,2932,972.00,502.00,20.00,47.00,1,-1,-1,-1
149,2982,1048.00,520.00,23.00,56.00,1,-1,-1,-1
149,2985,1033.00,518.00,22.00,55.00,1,-1,-1,-1
149,2990,383.00,531.00,22.00,60.00,1,-1,-1,-1
149,3011,1232.00,543.00,28.00,71.00,1,-1,-1,-1
149,3017,1316.00,530.00,20.00,56.00,1,-1,-1,-1
149,3019,1091.00,438.00,43.00,90.00,1,-1,-1,-1
149,3022,403.00,527.00,22.00,61.00,1,-1,-1,-1
149,3027,1144.00,520.00,23.00,59.00,1,-1,-1,-1
149,2925,1528.00,553.00,46.00,119.00,1,-1,-1,-1
149,3039,1170.00,520.00,22.00,57.00,1,-1,-1,-1
149,3034,1338.00,529.00,26.00,60.00,1,-1,-1,-1
149,3005,670.00,507.00,14.00,31.00,1,-1,-1,-1
149,3051,1158.00,515.00,25.00,64.00,1,-1,-1,-1
149,2983,661.00,507.00,15.00,35.00,1,-1,-1,-1
150,2926,1671.00,562.00,56.00,127.00,1,-1,-1,-1
150,2931,449.00,530.00,27.00,72.00,1,-1,-1,-1
150,2933,34.00,586.00,47.00,136.00,1,-1,-1,-1
150,2935,353.00,529.00,26.00,69.00,1,-1,-1,-1
150,2932,970.00,505.00,19.00,45.00,1,-1,-1,-1
150,2982,1048.00,520.00,23.00,57.00,1,-1,-1,-1
150,2985,1031.00,518.00,22.00,57.00,1,-1,-1,-1
150,2990,375.00,529.00,24.00,62.00,1,-1,-1,-1
150,3011,1229.00,544.00,30.00,74.00,1,-1,-1,-1
150,3017,1308.00,528.00,23.00,62.00,1,-1,-1,-1
150,3019,1087.00,436.00,43.00,89.00,1,-1,-1,-1
150,3022,398.00,527.00,22.00,62.00,1,-1,-1,-1
150,3027,1144.00,518.00,25.00,62.00,1,-1,-1,-1
150,2925,1520.00,555.00,47.00,118.00,1,-1,-1,-1
150,3039,1165.00,518.00,23.00,58.00,1,-1,-1,-1
150,3034,1334.00,531.00,23.00,53.00,1,-1,-1,-1
150,3005,665.00,509.00,15.00,33.00,1,-1,-1,-1
150,2983,656.00,510.00,14.00,31.00,1,-1,-1,-1
151,2926,1671.00,563.00,54.00,126.00,1,-1,-1,-1
151,2931,445.00,532.00,26.00,71.00,1,-1,-1,-1
151,2933,24.00,590.00,47.00,136.00,1,-1,-1,-1
151,2935,348.00,532.00,25.00,67.00,1,-1,-1,-1
151,2932,964.00,505.00,20.00,47.00,1,-1,-1,-1
151,2982,1040.00,521.00,24.00,58.00,1,-1,-1,-1
151,2985,1026.00,515.00,23.00,60.00,1,-1,-1,-1
151,2990,371.00,530.00,23.00,63.00,1,-1,-1,-1
151,3011,1226.00,541.00,32.00,78.00,1,-1,-1,-1
151,3017,1303.00,530.00,21.00,58.00,1,-1,-1,-1
151,3019,1081.00,438.00,43.00,90.00,1,-1,-1,-1
151,3022,392.00,525.00,24.00,67.00,1,-1,-1,-1
151,3027,1142.00,521.00,25.00,61.00,1,-1,-1,-1
151,2925,1517.00,555.00,47.00,119.00,1,-1,-1,-1
151,3039,1161.00,517.00,23.00,60.00,1,-1,-1,-1
151,3034,1330.00,531.00,25.00,58.00,1,-1,-1,-1
151,2983,651.00,510.00,15.00,35.00,1,-1,-1,-1
151,3052,1318.00,528.00,21.00,59.00,1,-1,-1,-1
151,3006,1340.00,521.00,34.00,74.00,1,-1,-1,-1
152,2926,1672.00,566.00,51.00,119.00,1,-1,-1,-1
152,2931,438.00,532.00,26.00,71.00,1,-1,-1,-1
152,2933,16.00,595.00,46.00,130.00,1,-1,-1,-1
152,2935,343.00,534.00,25.00,67.00,1,-1,-1,-1
152,2932,963.00,506.00,19.00,46.00,1,-1,-1,-1
152,2982,1036.00,523.00,22.00,54.00,1,-1,-1,-1
152,2985,1022.00,519.00,23.00,58.00,1,-1,-1,-1
152,2990,364.00,534.00,22.00,59.00,1,-1,-1,-1
152,3011,1224.00,542.00,30.00,77.00,1,-1,-1,-1
152,3017,1299.00,530.00,20.00,54.00,1,-1,-1,-1
152,3019,1078.00,436.00,43.00,92.00,1,-1,-1,-1
152,3022,385.00,528.00,24.00,66.00,1,-1,-1,-1
152,3027,1140.00,521.00,23.00,58.00,1,-1,-1,-1
152,2925,1509.00,553.00,47.00,119.00,1,-1,-1,-1
152,3039,1156.00,515.00,23.00,59.00,1,-1,-1,-1
152,2983,646.00,510.00,15.00,36.00,1,-1,-1,-1
152,3006,1331.00,523.00,34.00,74.00,1,-1,-1,-1
152,3005,654.00,512.00,16.00,36.00,1,-1,-1,-1
153,2926,1669.00,562.00,50.00,119.00,1,-1,-1,-1
153,2931,433.00,533.00,25.00,69.00,1,-1,-1,-1
153,2933,6.00,599.00,44.00,126.00,1,-1,-1,-1
153,2935,332.00,533.00,26.00,71.00,1,-1,-1,-1
153,2932,957.00,505.00,20.00,49.00,1,-1,-1,-1
153,2982,1032.00,519.00,23.00,57.00,1,-1,-1,-1
153,2985,1017.00,515.00,24.00,63.00,1,-1,-1,-1
153,2990,358.00,533.00,23.00,61.00,1,-1,-1,-1
153,3011,1222.00,541.00,32.00,79.00,1,-1,-1,-1
153,3017,1295.00,534.00,21.00,55.00,1,-1,-1,-1
153,3019,1072.00,437.00,44.00,91.00,1,-1,-1,-1
153,3022,378.00,525.00,26.00,71.00,1,-1,-1,-1
153,3027,1134.00,520.00,22.00,57.00,1,-1,-1,-1
153,2925,1505.00,554.00,47.00,118.00,1,-1,-1,-1
153,3039,1153.00,514.00,23.00,59.00,1,-1,-1,-1
153,2983,643.00,511.00,14.00,33.00,1,-1,-1,-1
153,3006,1322.00,521.00,35.00,75.00,1,-1,-1,-1
153,3005,648.00,509.00,17.00,39.00,1,-1,-1,-1
154,2926,1668.00,559.00,51.00,121.00,1,-1,-1,-1
154,2931,424.00,534.00,26.00,71.00,1,-1,-1,-1
154,2933,-6.00,606.00,43.00,125.00,1,-1,-1,-1
154,2935,326.00,535.00,25.00,68.00,1,-1,-1,-1
154,2932,952.00,503.00,21.00,51.00,1,-1,-1,-1
154,2982,1028.00,521.00,23.00,57.00,1,-1,-1,-1
154,2985,1012.00,517.00,23.00,58.00,1,-1,-1,-1
154,2990,352.00,535.00,22.00,59.00,1,-1,-1,-1
154,3011,1219.00,540.00,31.00,78.00,1,-1,-1,-1
154,3019,1068.00,437.00,43.00,90.00,1,-1,-1,-1
154,3022,372.00,525.00,26.00,70.00,1,-1,-1,-1
154,3027,1129.00,520.00,23.00,58.00,1,-1,-1,-1
154,2925,1499.00,554.00,47.00,119.00,1,-1,-1,-1
154,3039,1149.00,517.00,21.00,55.00,1,-1,-1,-1
154,2983,638.00,512.00,14.00,34.00,1,-1,-1,-1
154,3034,1319.00,523.00,27.00,65.00,1,-1,-1,-1
155,2926,1659.00,557.00,51.00,120.00,1,-1,-1,-1
155,2931,418.00,537.00,26.00,70.00,1,-1,-1,-1
155,2935,321.00,533.00,26.00,70.00,1,-1,-1,-1
155,2932,949.00,503.00,20.00,49.00,1,-1,-1,-1
155,2982,1023.00,518.00,25.00,60.00,1,-1,-1,-1
155,2985,1008.00,516.00,23.00,60.00,1,-1,-1,-1
155,2990,345.00,535.00,22.00,59.00,1,-1,-1,-1
155,3011,1216.00,539.00,31.00,76.00,1,-1,-1,-1
155,3019,1061.00,435.00,44.00,93.00,1,-1,-1,-1
155,3022,364.00,527.00,26.00,69.00,1,-1,-1,-1
155,3027,1123.00,517.00,25.00,63.00,1,-1,-1,-1
155,2925,1491.00,549.00,48.00,121.00,1,-1,-1,-1
155,3039,1143.00,513.00,24.00,61.00,1,-1,-1,-1
155,2983,634.00,512.00,14.00,32.00,1,-1,-1,-1
155,3034,1316.00,523.00,28.00,68.00,1,-1,-1,-1
155,3017,1283.00,527.00,21.00,59.00,1,-1,-1,-1
156,2926,1656.00,564.00,46.00,109.00,1,-1,-1,-1
156,2931,413.00,536.00,25.00,70.00,1,-1,-1,-1
156,2935,314.00,536.00,26.00,71.00,1,-1,-1,-1
156,2932,943.00,504.00,19.00,47.00,1,-1,-1,-1
156,2982,1017.00,516.00,26.00,64.00,1,-1,-1,-1
156,2985,1003.00,517.00,23.00,60.00,1,-1,-1,-1
156,2990,337.00,531.00,24.00,63.00,1,-1,-1,-1
156,3011,1213.00,541.00,31.00,75.00,1,-1,-1,-1
156,3019,1057.00,437.00,43.00,89.00,1,-1,-1,-1
156,3022,360.00,530.00,26.00,71.00,1,-1,-1,-1
156,3027,1115.00,516.00,26.00,66.00,1,-1,-1,-1
156,2925,1481.00,549.00,48.00,122.00,1,-1,-1,-1
156,3039,1138.00,514.00,24.00,61.00,1,-1,-1,-1
156,2983,627.00,511.00,15.00,35.00,1,-1,-1,-1
156,3034,1308.00,520.00,30.00,71.00,1,-1,-1,-1
156,3017,1275.00,522.00,25.00,69.00,1,-1,-1,-1
157,2926,1649.00,557.00,49.00,115.00,1,-1,-1,-1
157,2931,408.00,540.00,25.00,67.00,1,-1,-1,-1
157,2935,308.00,538.00,26.00,69.00,1,-1,-1,-1
157,2932,940.00,504.00,20.00,49.00,1,-1,-1,-1
157,2982,1012.00,517.00,25.00,64.00,1,-1,-1,-1
157,2985,999.00,516.00,22.00,58.00,1,-1,-1,-1
157,2990,327.00,538.00,23.00,61.00,1,-1,-1,-1
157,3011,1208.00,539.00,31.00,75.00,1,-1,-1,-1
157,3019,1054.00,438.00,44.00,92.00,1,-1,-1,-1
157,3022,351.00,532.00,26.00,69.00,1,-1,-1,-1
157,3027,1111.00,517.00,25.00,64.00,1,-1,-1,-1
157,2925,1477.00,543.00,50.00,127.00,1,-1,-1,-1
157,3039,1134.00,513.00,23.00,59.00,1,-1,-1,-1
157,2983,621.00,512.00,15.00,34.00,1,-1,-1,-1
157,3034,1304.00,522.00,28.00,68.00,1,-1,-1,-1
157,3017,1272.00,530.00,24.00,63.00,1,-1,-1,-1
158,2926,1643.00,550.00,53.00,128.00,1,-1,-1,-1
158,2931,402.00,537.00,27.00,73.00,1,-1,-1,-1
158,2935,301.00,539.00,26.00,69.00,1,-1,-1,-1
158,2932,936.00,505.00,21.00,49.00,1,-1,-1,-1
158,2982,1009.00,521.00,23.00,58.00,1,-1,-1,-1
158,2985,995.00,517.00,22.00,56.00,1,-1,-1,-1
158,2990,321.00,537.00,25.00,67.00,1,-1,-1,-1
158,3011,1203.00,538.00,32.00,79.00,1,-1,-1,-1
158,3019,1050.00,436.00,45.00,94.00,1,-1,-1,-1
158,3022,341.00,534.00,26.00,70.00,1,-1,-1,-1
158,3027,1105.00,517.00,26.00,66.00,1,-1,-1,-1
158,2925,1473.00,542.00,50.00,127.00,1,-1,-1,-1
158,3039,1128.00,515.00,24.00,60.00,1,-1,-1,-1
158,2983,615.00,509.00,15.00,35.00,1,-1,-1,-1
158,3034,1300.00,520.00,29.00,69.00,1,-1,-1,-1
158,3017,1262.00,528.00,22.00,59.00,1,-1,-1,-1
158,3005,623.00,510.00,16.00,37.00,1,-1,-1,-1
159,2926,1637.00,546.00,55.00,134.00,1,-1,-1,-1
159,2931,394.00,541.00,26.00,71.00,1,-1,-1,-1
159,2935,295.00,540.00,26.00,72.00,1,-1,-1,-1
159,2932,932.00,506.00,20.00,49.00,1,-1,-1,-1
159,2982,1004.00,521.00,24.00,58.00,1,-1,-1,-1
159,2985,992.00,516.00,22.00,59.00,1,-1,-1,-1
159,2990,316.00,535.00,26.00,68.00,1,-1,-1,-1
159,3011,1199.00,535.00,33.00,82.00,1,-1,-1,-1
159,3019,1041.00,430.00,49.00,102.00,1,-1,-1,-1
159,3022,337.00,533.00,26.00,72.00,1,-1,-1,-1
159,3027,1100.00,517.00,24.00,63.00,1,-1,-1,-1
159,2925,1467.00,539.00,50.00,127.00,1,-1,-1,-1
159,3039,1124.00,518.00,23.00,58.00,1,-1,-1,-1
159,2983,608.00,512.00,14.00,34.00,1,-1,-1,-1
159,3034,1294.00,520.00,29.00,67.00,1,-1,-1,-1
159,3017,1254.00,529.00,22.00,61.00,1,-1,-1,-1
159,3005,615.00,511.00,15.00,35.00,1,-1,-1,-1
160,2926,1633.00,547.00,53.00,128.00,1,-1,-1,-1
160,2931,389.00,541.00,26.00,72.00,1,-1,-1,-1
160,2935,290.00,543.00,27.00,72.00,1,-1,-1,-1
160,2932,929.00,504.00,21.00,51.00,1,-1,-1,-1
160,2982,1004.00,521.00,23.00,58.00,1,-1,-1,-1
160,2985,990.00,519.00,22.00,57.00,1,-1,-1,-1
160,2990,312.00,541.00,23.00,64.00,1,-1,-1,-1
160,3011,1194.00,537.00,34.00,82.00,1,-1,-1,-1
160,3019,1037.00,432.00,45.00,95.00,1,-1,-1,-1
160,3022,332.00,533.00,28.00,74.00,1,-1,-1,-1
160,3027,1096.00,519.00,24.00,61.00,1,-1,-1,-1
160,2925,1460.00,539.00,50.00,129.00,1,-1,-1,-1
160,3039,1121.00,518.00,23.00,59.00,1,-1,-1,-1
160,2983,604.00,513.00,14.00,35.00,1,-1,-1,-1
160,3017,1244.00,527.00,25.00,68.00,1,-1,-1,-1
160,3006,1285.00,516.00,35.00,77.00,1,-1,-1,-1
161,2926,1635.00,547.00,50.00,124.00,1,-1,-1,-1
161,2931,384.00,544.00,25.00,67.00,1,-1,-1,-1
161,2935,286.00,542.00,26.00,72.00,1,-1,-1,-1
161,2932,924.00,504.00,20.00,47.00,1,-1,-1,-1
161,2982,996.00,518.00,25.00,64.00,1,-1,-1,-1
161,2985,985.00,519.00,22.00,58.00,1,-1,-1,-1
161,3019,1035.00,430.00,45.00,96.00,1,-1,-1,-1
161,3022,327.00,536.00,27.00,73.00,1,-1,-1,-1
161,3027,1091.00,519.00,24.00,63.00,1,-1,-1,-1
161,2925,1456.00,539.00,51.00,131.00,1,-1,-1,-1
161,3039,1117.00,518.00,24.00,60.00,1,-1,-1,-1
161,2983,599.00,515.00,14.00,34.00,1,-1,-1,-1
161,3017,1236.00,526.00,27.00,73.00,1,-1,-1,-1
161,3059,591.00,515.00,16.00,36.00,1,-1,-1,-1
161,3060,1249.00,530.00,24.00,62.00,1,-1,-1,-1
161,3006,1279.00,517.00,35.00,77.00,1,-1,-1,-1
161,3031,1202.00,537.00,31.00,79.00,1,-1,-1,-1
161,3005,606.00,512.00,16.00,37.00,1,-1,-1,-1
162,2926,1631.00,546.00,52.00,128.00,1,-1,-1,-1
162,2931,379.00,545.00,25.00,67.00,1,-1,-1,-1
162,2935,280.00,544.00,27.00,73.00,1,-1,-1,-1
162,2932,918.00,501.00,22.00,53.00,1,-1,-1,-1
162,2982,995.00,519.00,24.00,61.00,1,-1,-1,-1
162,2985,980.00,517.00,23.00,59.00,1,-1,-1,-1
162,3019,1030.00,431.00,47.00,101.00,1,-1,-1,-1
162,3022,323.00,539.00,25.00,67.00,1,-1,-1,-1
162,3027,1087.00,519.00,25.00,64.00,1,-1,-1,-1
162,2925,1451.00,542.00,49.00,125.00,1,-1,-1,-1
162,3039,1113.00,517.00,25.00,63.00,1,-1,-1,-1
162,2983,593.00,516.00,15.00,33.00,1,-1,-1,-1
162,3060,1244.00,531.00,24.00,62.00,1,-1,-1,-1
162,3006,1274.00,514.00,38.00,81.00,1,-1,-1,-1
162,3031,1195.00,534.00,33.00,84.00,1,-1,-1,-1
162,3005,601.00,514.00,16.00,36.00,1,-1,-1,-1
162,2990,296.00,540.00,25.00,69.00,1,-1,-1,-1
163,2926,1623.00,542.00,56.00,141.00,1,-1,-1,-1
163,2931,372.00,546.00,26.00,69.00,1,-1,-1,-1
163,2935,276.00,545.00,27.00,72.00,1,-1,-1,-1
163,2932,916.00,506.00,20.00,48.00,1,-1,-1,-1
163,2982,990.00,519.00,26.00,64.00,1,-1,-1,-1
163,2985,979.00,522.00,20.00,55.00,1,-1,-1,-1
163,3019,1026.00,430.00,47.00,99.00,1,-1,-1,-1
163,3022,315.00,541.00,25.00,68.00,1,-1,-1,-1
163,3027,1083.00,520.00,23.00,60.00,1,-1,-1,-1
163,2925,1445.00,545.00,47.00,121.00,1,-1,-1,-1
163,3039,1108.00,519.00,26.00,63.00,1,-1,-1,-1
163,2983,586.00,517.00,13.00,31.00,1,-1,-1,-1
163,3060,1236.00,530.00,26.00,68.00,1,-1,-1,-1
163,3006,1266.00,514.00,39.00,83.00,1,-1,-1,-1
163,3031,1188.00,535.00,35.00,87.00,1,-1,-1,-1
163,3059,591.00,516.00,15.00,35.00,1,-1,-1,-1
164,2926,1620.00,546.00,53.00,135.00,1,-1,-1,-1
164,2931,368.00,547.00,25.00,67.00,1,-1,-1,-1
164,2935,271.00,544.00,26.00,72.00,1,-1,-1,-1
164,2932,915.00,505.00,20.00,49.00,1,-1,-1,-1
164,2982,990.00,519.00,22.00,58.00,1,-1,-1,-1
164,2985,973.00,516.00,22.00,60.00,1,-1,-1,-1
164,3019,1021.00,431.00,47.00,98.00,1,-1,-1,-1
164,3022,311.00,543.00,24.00,65.00,1,-1,-1,-1
164,3027,1079.00,518.00,24.00,61.00,1,-1,-1,-1
164,2925,1445.00,549.00,46.00,119.00,1,-1,-1,-1
164,3039,1104.00,519.00,25.00,62.00,1,-1,-1,-1
164,2983,582.00,516.00,14.00,33.00,1,-1,-1,-1
164,3060,1231.00,531.00,26.00,69.00,1,-1,-1,-1
164,3006,1263.00,517.00,34.00,75.00,1,-1,-1,-1
164,3031,1187.00,532.00,35.00,88.00,1,-1,-1,-1
165,2926,1626.00,552.00,49.00,125.00,1,-1,-1,-1
165,2931,359.00,545.00,29.00,78.00,1,-1,-1,-1
165,2935,264.00,547.00,25.00,70.00,1,-1,-1,-1
165,2932,913.00,505.00,19.00,48.00,1,-1,-1,-1
165,2982,988.00,523.00,21.00,54.00,1,-1,-1,-1
165,2985,971.00,518.00,22.00,58.00,1,-1,-1,-1
165,3019,1017.00,430.00,48.00,101.00,1,-1,-1,-1
165,3022,305.00,543.00,25.00,67.00,1,-1,-1,-1
165,3027,1074.00,520.00,23.00,59.00,1,-1,-1,-1
165,2925,1439.00,548.00,47.00,120.00,1,-1,-1,-1
165,3039,1099.00,519.00,25.00,59.00,1,-1,-1,-1
165,2983,576.00,516.00,14.00,34.00,1,-1,-1,-1
165,3060,1230.00,533.00,25.00,65.00,1,-1,-1,-1
165,3006,1257.00,519.00,35.00,75.00,1,-1,-1,-1
165,3031,1184.00,531.00,37.00,93.00,1,-1,-1,-1
166,2926,1611.00,550.00,48.00,123.00,1,-1,-1,-1
166,2931,357.00,548.00,28.00,73.00,1,-1,-1,-1
166,2935,258.00,548.00,26.00,71.00,1,-1,-1,-1
166,2932,909.00,503.00,21.00,52.00,1,-1,-1,-1
166,2982,984.00,523.00,21.00,52.00,1,-1,-1,-1
166,2985,965.00,518.00,22.00,59.00,1,-1,-1,-1
166,3019,1015.00,429.00,49.00,102.00,1,-1,-1,-1
166,3022,300.00,542.00,26.00,70.00,1,-1,-1,-1
166,3027,1070.00,520.00,24.00,62.00,1,-1,-1,-1
166,2925,1433.00,547.00,47.00,122.00,1,-1,-1,-1
166,3039,1095.00,521.00,24.00,59.00,1,-1,-1,-1
166,2983,569.00,519.00,14.00,34.00,1,-1,-1,-1
166,3060,1235.00,534.00,23.00,59.00,1,-1,-1,-1
166,3006,1250.00,514.00,37.00,81.00,1,-1,-1,-1
166,3031,1183.00,532.00,38.00,95.00,1,-1,-1,-1
166,3005,576.00,517.00,16.00,37.00,1,-1,-1,-1
167,2926,1619.00,550.00,47.00,120.00,1,-1,-1,-1
167,2931,353.00,549.00,26.00,69.00,1,-1,-1,-1
167,2935,250.00,549.00,27.00,73.00,1,-1,-1,-1
167,2932,905.00,504.00,21.00,53.00,1,-1,-1,-1
167,2982,982.00,525.00,20.00,52.00,1,-1,-1,-1
167,2985,963.00,516.00,23.00,62.00,1,-1,-1,-1
167,3019,1010.00,430.00,48.00,98.00,1,-1,-1,-1
167,3022,293.00,540.00,27.00,73.00,1,-1,-1,-1
167,3027,1066.00,519.00,26.00,66.00,1,-1,-1,-1
167,2925,1427.00,543.00,47.00,122.00,1,-1,-1,-1
167,3039,1089.00,521.00,24.00,57.00,1,-1,-1,-1
167,2983,565.00,522.00,14.00,31.00,1,-1,-1,-1
167,3060,1233.00,524.00,25.00,66.00,1,-1,-1,-1
167,3006,1248.00,515.00,37.00,80.00,1,-1,-1,-1
167,3031,1179.00,529.00,39.00,97.00,1,-1,-1,-1
167,3005,572.00,518.00,14.00,31.00,1,-1,-1,-1
168,2926,1613.00,551.00,48.00,124.00,1,-1,-1,-1
168,2931,346.00,545.00,27.00,74.00,1,-1,-1,-1
168,2935,247.00,547.00,27.00,73.00,1,-1,-1,-1
168,2932,904.00,503.00,21.00,51.00,1,-1,-1,-1
168,2982,980.00,525.00,22.00,55.00,1,-1,-1,-1
168,2985,963.00,518.00,22.00,59.00,1,-1,-1,-1
168,3019,1005.00,429.00,49.00,103.00,1,-1,-1,-1
168,3022,286.00,540.00,27.00,73.00,1,-1,-1,-1
168,3027,1062.00,519.00,26.00,67.00,1,-1,-1,-1
168,2925,1425.00,541.00,49.00,126.00,1,-1,-1,-1
168,3039,1088.00,519.00,24.00,58.00,1,-1,-1,-1
168,2983,557.00,520.00,12.00,30.00,1,-1,-1,-1
168,3060,1232.00,523.00,25.00,67.00,1,-1,-1,-1
168,3006,1245.00,515.00,34.00,76.00,1,-1,-1,-1
168,3031,1179.00,529.00,39.00,97.00,1,-1,-1,-1
168,3005,564.00,518.00,13.00,32.00,1,-1,-1,-1
169,2926,1614.00,558.00,44.00,114.00,1,-1,-1,-1
169,2931,340.00,544.00,28.00,75.00,1,-1,-1,-1
169,2935,243.00,549.00,27.00,74.00,1,-1,-1,-1
169,2932,900.00,501.00,21.00,53.00,1,-1,-1,-1
169,2982,977.00,525.00,21.00,55.00,1,-1,-1,-1
169,2985,959.00,520.00,21.00,58.00,1,-1,-1,-1
169,3019,1001.00,429.00,50.00,105.00,1,-1,-1,-1
169,3022,280.00,540.00,27.00,73.00,1,-1,-1,-1
169,3027,1060.00,521.00,25.00,65.00,1,-1,-1,-1
169,2925,1419.00,540.00,47.00,122.00,1,-1,-1,-1
169,3039,1084.00,519.00,23.00,56.00,1,-1,-1,-1
169,2983,553.00,518.00,13.00,30.00,1,-1,-1,-1
169,3060,1230.00,524.00,25.00,67.00,1,-1,-1,-1
169,3006,1243.00,515.00,33.00,72.00,1,-1,-1,-1
169,3031,1181.00,531.00,39.00,96.00,1,-1,-1,-1
169,3005,559.00,518.00,14.00,33.00,1,-1,-1,-1
169,3064,1214.00,540.00,24.00,59.00,1,-1,-1,-1
170,2926,1616.00,556.00,43.00,113.00,1,-1,-1,-1
170,2931,337.00,548.00,27.00,69.00,1,-1,-1,-1
170,2935,236.00,546.00,29.00,77.00,1,-1,-1,-1
170,2932,897.00,501.00,21.00,52.00,1,-1,-1,-1
170,2982,974.00,529.00,21.00,53.00,1,-1,-1,-1
170,2985,959.00,520.00,22.00,59.00,1,-1,-1,-1
170,3019,1002.00,430.00,48.00,100.00,1,-1,-1,-1
170,3022,276.00,542.00,26.00,69.00,1,-1,-1,-1
170,3027,1058.00,521.00,25.00,62.00,1,-1,-1,-1
170,2925,1417.00,541.00,46.00,120.00,1,-1,-1,-1
170,3039,1078.00,516.00,26.00,61.00,1,-1,-1,-1
170,3060,1225.00,535.00,24.00,63.00,1,-1,-1,-1
170,3006,1237.00,511.00,34.00,77.00,1,-1,-1,-1
170,3031,1181.00,535.00,37.00,90.00,1,-1,-1,-1
170,3005,552.00,518.00,15.00,33.00,1,-1,-1,-1
170,3064,1204.00,529.00,30.00,75.00,1,-1,-1,-1
171,2926,1616.00,554.00,43.00,112.00,1,-1,-1,-1
171,2931,334.00,548.00,27.00,70.00,1,-1,-1,-1
171,2935,230.00,546.00,29.00,77.00,1,-1,-1,-1
171,2932,895.00,501.00,22.00,53.00,1,-1,-1,-1
171,2982,971.00,528.00,21.00,53.00,1,-1,-1,-1
171,2985,957.00,521.00,22.00,58.00,1,-1,-1,-1
171,3019,999.00,428.00,50.00,103.00,1,-1,-1,-1
171,3022,271.00,538.00,26.00,71.00,1,-1,-1,-1
171,3027,1055.00,521.00,23.00,62.00,1,-1,-1,-1
171,2925,1415.00,541.00,46.00,121.00,1,-1,-1,-1
171,3039,1074.00,516.00,27.00,64.00,1,-1,-1,-1
171,3060,1219.00,537.00,24.00,64.00,1,-1,-1,-1
171,3031,1178.00,533.00,38.00,93.00,1,-1,-1,-1
171,3005,548.00,516.00,15.00,35.00,1,-1,-1,-1
171,3064,1204.00,537.00,26.00,67.00,1,-1,-1,-1
171,2983,541.00,517.00,13.00,32.00,1,-1,-1,-1
172,2926,1609.00,542.00,49.00,128.00,1,-1,-1,-1
172,2931,331.00,549.00,25.00,67.00,1,-1,-1,-1
172,2935,224.00,548.00,27.00,73.00,1,-1,-1,-1
172,2932,892.00,503.00,20.00,49.00,1,-1,-1,-1
172,2985,956.00,519.00,23.00,59.00,1,-1,-1,-1
172,3019,993.00,424.00,54.00,109.00,1,-1,-1,-1
172,3022,265.00,539.00,27.00,73.00,1,-1,-1,-1
172,3027,1050.00,522.00,24.00,63.00,1,-1,-1,-1
172,2925,1409.00,540.00,46.00,122.00,1,-1,-1,-1
172,3039,1070.00,516.00,27.00,65.00,1,-1,-1,-1
172,3031,1176.00,531.00,39.00,98.00,1,-1,-1,-1
172,3005,542.00,514.00,14.00,35.00,1,-1,-1,-1
172,3064,1205.00,544.00,26.00,65.00,1,-1,-1,-1
173,2926,1605.00,532.00,53.00,140.00,1,-1,-1,-1
173,2931,326.00,549.00,26.00,67.00,1,-1,-1,-1
173,2932,890.00,503.00,20.00,48.00,1,-1,-1,-1
173,2985,950.00,519.00,23.00,62.00,1,-1,-1,-1
173,3019,991.00,424.00,52.00,108.00,1,-1,-1,-1
173,3022,259.00,539.00,27.00,75.00,1,-1,-1,-1
173,3027,1046.00,521.00,24.00,64.00,1,-1,-1,-1
173,2925,1405.00,543.00,47.00,123.00,1,-1,-1,-1
173,3039,1067.00,516.00,27.00,64.00,1,-1,-1,-1
173,3031,1177.00,531.00,40.00,100.00,1,-1,-1,-1
173,3005,540.00,514.00,15.00,34.00,1,-1,-1,-1
173,3064,1209.00,550.00,23.00,59.00,1,-1,-1,-1
173,2990,223.00,544.00,29.00,78.00,1,-1,-1,-1
173,2982,966.00,526.00,21.00,53.00,1,-1,-1,-1
173,2983,533.00,517.00,13.00,32.00,1,-1,-1,-1
174,2926,1606.00,546.00,50.00,132.00,1,-1,-1,-1
174,2931,318.00,547.00,27.00,69.00,1,-1,-1,-1
174,2932,888.00,505.00,20.00,49.00,1,-1,-1,-1
174,2985,950.00,519.00,23.00,61.00,1,-1,-1,-1
174,3019,989.00,427.00,54.00,111.00,1,-1,-1,-1
174,3022,252.00,539.00,27.00,73.00,1,-1,-1,-1
174,3027,1045.00,516.00,25.00,67.00,1,-1,-1,-1
174,2925,1401.00,542.00,46.00,121.00,1,-1,-1,-1
174,3039,1064.00,514.00,26.00,64.00,1,-1,-1,-1
174,3031,1176.00,530.00,40.00,98.00,1,-1,-1,-1
174,3005,535.00,514.00,15.00,37.00,1,-1,-1,-1
174,3064,1208.00,552.00,24.00,61.00,1,-1,-1,-1
174,2990,220.00,546.00,27.00,74.00,1,-1,-1,-1
174,2982,965.00,525.00,21.00,54.00,1,-1,-1,-1
174,2983,529.00,515.00,14.00,32.00,1,-1,-1,-1
175,2926,1610.00,546.00,50.00,131.00,1,-1,-1,-1
175,2931,314.00,545.00,26.00,69.00,1,-1,-1,-1
175,2932,884.00,505.00,19.00,47.00,1,-1,-1,-1
175,2985,950.00,518.00,23.00,61.00,1,-1,-1,-1
175,3019,985.00,425.00,55.00,112.00,1,-1,-1,-1
175,3022,248.00,536.00,27.00,74.00,1,-1,-1,-1
175,3027,1043.00,517.00,24.00,66.00,1,-1,-1,-1
175,2925,1400.00,544.00,45.00,118.00,1,-1,-1,-1
175,3039,1059.00,517.00,26.00,63.00,1,-1,-1,-1
175,3031,1179.00,532.00,38.00,96.00,1,-1,-1,-1
175,3005,533.00,515.00,15.00,36.00,1,-1,-1,-1
175,3064,1210.00,555.00,22.00,56.00,1,-1,-1,-1
175,2990,213.00,546.00,27.00,72.00,1,-1,-1,-1
175,2983,527.00,513.00,14.00,33.00,1,-1,-1,-1
175,3017,1166.00,533.00,33.00,89.00,1,-1,-1,-1
176,2926,1607.00,555.00,48.00,125.00,1,-1,-1,-1
176,2931,312.00,545.00,27.00,71.00,1,-1,-1,-1
176,2932,883.00,505.00,19.00,46.00,1,-1,-1,-1
176,2985,947.00,522.00,22.00,56.00,1,-1,-1,-1
176,3019,983.00,426.00,54.00,109.00,1,-1,-1,-1
176,3022,243.00,539.00,27.00,72.00,1,-1,-1,-1
176,3027,1040.00,516.00,24.00,65.00,1,-1,-1,-1
176,2925,1394.00,546.00,47.00,120.00,1,-1,-1,-1
176,3039,1057.00,518.00,25.00,60.00,1,-1,-1,-1
176,3031,1174.00,535.00,39.00,97.00,1,-1,-1,-1
176,3005,532.00,514.00,14.00,35.00,1,-1,-1,-1
176,2990,212.00,549.00,27.00,70.00,1,-1,-1,-1
176,2983,523.00,512.00,14.00,33.00,1,-1,-1,-1
176,3060,1200.00,529.00,31.00,81.00,1,-1,-1,-1
177,2926,1613.00,554.00,47.00,122.00,1,-1,-1,-1
177,2931,306.00,543.00,28.00,72.00,1,-1,-1,-1
177,2932,881.00,503.00,20.00,48.00,1,-1,-1,-1
177,2985,945.00,522.00,22.00,59.00,1,-1,-1,-1
177,3019,980.00,429.00,54.00,108.00,1,-1,-1,-1
177,3022,235.00,537.00,27.00,73.00,1,-1,-1,-1
177,3027,1036.00,519.00,25.00,65.00,1,-1,-1,-1
177,2925,1392.00,543.00,47.00,121.00,1,-1,-1,-1
177,3039,1053.00,518.00,25.00,60.00,1,-1,-1,-1
177,3031,1173.00,536.00,37.00,93.00,1,-1,-1,-1
177,3005,527.00,512.00,15.00,35.00,1,-1,-1,-1
177,2990,204.00,548.00,27.00,70.00,1,-1,-1,-1
177,2983,519.00,514.00,14.00,34.00,1,-1,-1,-1
178,2926,1611.00,552.00,48.00,125.00,1,-1,-1,-1
178,2931,301.00,544.00,29.00,74.00,1,-1,-1,-1
178,2932,877.00,505.00,19.00,48.00,1,-1,-1,-1
178,2985,941.00,519.00,22.00,59.00,1,-1,-1,-1
178,3019,976.00,427.00,53.00,109.00,1,-1,-1,-1
178,3022,229.00,537.00,28.00,74.00,1,-1,-1,-1
178,3027,1033.00,520.00,24.00,64.00,1,-1,-1,-1
178,2925,1388.00,543.00,47.00,118.00,1,-1,-1,-1
178,3039,1050.00,518.00,26.00,63.00,1,-1,-1,-1
178,3031,1173.00,537.00,38.00,95.00,1,-1,-1,-1
178,3005,521.00,513.00,14.00,36.00,1,-1,-1,-1
178,2990,198.00,548.00,27.00,69.00,1,-1,-1,-1
178,2983,512.00,511.00,16.00,40.00,1,-1,-1,-1
178,3060,1196.00,529.00,31.00,82.00,1,-1,-1,-1
179,2926,1612.00,552.00,48.00,126.00,1,-1,-1,-1
179,2931,295.00,544.00,29.00,74.00,1,-1,-1,-1
179,2932,875.00,504.00,19.00,47.00,1,-1,-1,-1
179,2985,937.00,520.00,22.00,59.00,1,-1,-1,-1
179,3019,972.00,424.00,54.00,112.00,1,-1,-1,-1
179,3022,225.00,537.00,29.00,78.00,1,-1,-1,-1
179,3027,1032.00,519.00,24.00,64.00,1,-1,-1,-1
179,2925,1387.00,549.00,46.00,116.00,1,-1,-1,-1
179,3039,1048.00,516.00,25.00,63.00,1,-1,-1,-1
179,3031,1169.00,533.00,39.00,99.00,1,-1,-1,-1
179,3005,517.00,515.00,15.00,36.00,1,-1,-1,-1
179,2990,193.00,547.00,28.00,72.00,1,-1,-1,-1
179,2983,509.00,514.00,16.00,39.00,1,-1,-1,-1
179,2982,950.00,523.00,24.00,60.00,1,-1,-1,-1
180,2926,1613.00,551.00,49.00,128.00,1,-1,-1,-1
180,2931,292.00,547.00,28.00,71.00,1,-1,-1,-1
180,2932,873.00,506.00,20.00,49.00,1,-1,-1,-1
180,2985,936.00,520.00,21.00,56.00,1,-1,-1,-1
180,3019,973.00,427.00,52.00,109.00,1,-1,-1,-1
180,3022,221.00,537.00,28.00,77.00,1,-1,-1,-1
180,3027,1030.00,519.00,24.00,65.00,1,-1,-1,-1
180,2925,1383.00,546.00,48.00,123.00,1,-1,-1,-1
180,3039,1043.00,516.00,27.00,66.00,1,-1,-1,-1
180,3031,1169.00,533.00,39.00,98.00,1,-1,-1,-1
180,3005,512.00,515.00,14.00,35.00,1,-1,-1,-1
180,2990,187.00,549.00,29.00,74.00,1,-1,-1,-1
180,2982,948.00,522.00,23.00,58.00,1,-1,-1,-1
180,3017,1154.00,526.00,37.00,98.00,1,-1,-1,-1
181,2926,1616.00,554.00,48.00,122.00,1,-1,-1,-1
181,2931,289.00,547.00,27.00,69.00,1,-1,-1,-1
181,2932,869.00,506.00,20.00,48.00,1,-1,-1,-1
181,2985,934.00,525.00,21.00,54.00,1,-1,-1,-1
181,3019,968.00,423.00,56.00,118.00,1,-1,-1,-1
181,3022,213.00,539.00,28.00,78.00,1,-1,-1,-1
181,3027,1028.00,519.00,24.00,65.00,1,-1,-1,-1
181,2925,1381.00,547.00,49.00,124.00,1,-1,-1,-1
181,3039,1044.00,514.00,27.00,68.00,1,-1,-1,-1
181,3031,1172.00,540.00,37.00,93.00,1,-1,-1,-1
181,3005,507.00,517.00,15.00,35.00,1,-1,-1,-1
181,2990,180.00,550.00,29.00,72.00,1,-1,-1,-1
181,2982,942.00,517.00,26.00,65.00,1,-1,-1,-1
181,3017,1158.00,525.00,33.00,92.00,1,-1,-1,-1
182,2926,1614.00,552.00,52.00,132.00,1,-1,-1,-1
182,2931,284.00,548.00,29.00,73.00,1,-1,-1,-1
182,2932,868.00,507.00,19.00,46.00,1,-1,-1,-1
182,2985,932.00,524.00,21.00,56.00,1,-1,-1,-1
182,3019,965.00,424.00,55.00,117.00,1,-1,-1,-1
182,3022,210.00,541.00,27.00,74.00,1,-1,-1,-1
182,3027,1024.00,517.00,26.00,69.00,1,-1,-1,-1
182,2925,1375.00,547.00,48.00,123.00,1,-1,-1,-1
182,3039,1043.00,518.00,26.00,64.00,1,-1,-1,-1
182,3031,1172.00,537.00,39.00,98.00,1,-1,-1,-1
182,3005,503.00,515.00,14.00,35.00,1,-1,-1,-1
182,2990,177.00,552.00,28.00,70.00,1,-1,-1,-1
182,2983,497.00,505.00,20.00,49.00,1,-1,-1,-1
183,2926,1613.00,556.00,50.00,128.00,1,-1,-1,-1
183,2931,282.00,549.00,28.00,73.00,1,-1,-1,-1
183,2932,866.00,505.00,20.00,48.00,1,-1,-1,-1
183,2985,930.00,525.00,22.00,56.00,1,-1,-1,-1
183,3019,967.00,423.00,55.00,115.00,1,-1,-1,-1
183,3022,205.00,539.00,28.00,77.00,1,-1,-1,-1
183,3027,1021.00,519.00,24.00,65.00,1,-1,-1,-1
183,2925,1370.00,545.00,48.00,122.00,1,-1,-1,-1
183,3039,1039.00,518.00,26.00,65.00,1,-1,-1,-1
183,3031,1169.00,541.00,39.00,97.00,1,-1,-1,-1
183,2990,174.00,552.00,28.00,70.00,1,-1,-1,-1
183,2983,495.00,507.00,19.00,45.00,1,-1,-1,-1
184,2926,1615.00,557.00,51.00,125.00,1,-1,-1,-1
184,2931,274.00,549.00,29.00,75.00,1,-1,-1,-1
184,2932,864.00,507.00,19.00,47.00,1,-1,-1,-1
184,2985,929.00,525.00,22.00,58.00,1,-1,-1,-1
184,3019,963.00,424.00,56.00,117.00,1,-1,-1,-1
184,3022,199.00,540.00,28.00,75.00,1,-1,-1,-1
184,3027,1017.00,519.00,24.00,64.00,1,-1,-1,-1
184,2925,1371.00,545.00,48.00,124.00,1,-1,-1,-1
184,3039,1036.00,519.00,27.00,67.00,1,-1,-1,-1
184,3031,1171.00,545.00,37.00,93.00,1,-1,-1,-1
184,2990,170.00,555.00,27.00,68.00,1,-1,-1,-1
184,2983,491.00,508.00,19.00,47.00,1,-1,-1,-1
184,3017,1150.00,526.00,31.00,83.00,1,-1,-1,-1
184,3005,494.00,517.00,13.00,33.00,1,-1,-1,-1
185,2926,1612.00,559.00,50.00,122.00,1,-1,-1,-1
185,2931,269.00,551.00,29.00,74.00,1,-1,-1,-1
185,2932,861.00,508.00,20.00,49.00,1,-1,-1,-1
185,2985,926.00,524.00,24.00,60.00,1,-1,-1,-1
185,3019,956.00,430.00,56.00,117.00,1,-1,-1,-1
185,3022,196.00,542.00,28.00,72.00,1,-1,-1,-1
185,3027,1014.00,522.00,23.00,58.00,1,-1,-1,-1
185,2925,1370.00,544.00,50.00,126.00,1,-1,-1,-1
185,3039,1036.00,520.00,26.00,65.00,1,-1,-1,-1
185,3031,1169.00,539.00,39.00,99.00,1,-1,-1,-1
185,2990,163.00,553.00,29.00,74.00,1,-1,-1,-1
185,2983,492.00,513.00,16.00,41.00,1,-1,-1,-1
185,3017,1150.00,532.00,27.00,74.00,1,-1,-1,-1
186,2926,1611.00,561.00,51.00,123.00,1,-1,-1,-1
186,2931,265.00,551.00,30.00,76.00,1,-1,-1,-1
186,2932,859.00,508.00,20.00,50.00,1,-1,-1,-1
186,2985,920.00,522.00,24.00,62.00,1,-1,-1,-1
186,3019,952.00,428.00,55.00,117.00,1,-1,-1,-1
186,3022,191.00,544.00,26.00,70.00,1,-1,-1,-1
186,3027,1012.00,525.00,23.00,60.00,1,-1,-1,-1
186,2925,1366.00,544.00,50.00,127.00,1,-1,-1,-1
186,3039,1034.00,521.00,25.00,64.00,1,-1,-1,-1
186,3031,1169.00,542.00,40.00,101.00,1,-1,-1,-1
186,2990,160.00,557.00,29.00,71.00,1,-1,-1,-1
186,2983,487.00,513.00,16.00,40.00,1,-1,-1,-1
186,3017,1149.00,538.00,24.00,65.00,1,-1,-1,-1
186,3070,1140.00,533.00,38.00,98.00,1,-1,-1,-1
186,2982,932.00,517.00,27.00,66.00,1,-1,-1,-1
186,3005,481.00,516.00,17.00,42.00,1,-1,-1,-1
187,2926,1609.00,558.00,50.00,121.00,1,-1,-1,-1
187,2931,262.00,552.00,30.00,77.00,1,-1,-1,-1
187,2932,857.00,506.00,21.00,51.00,1,-1,-1,-1
187,2985,921.00,524.00,23.00,59.00,1,-1,-1,-1
187,3019,948.00,430.00,55.00,115.00,1,-1,-1,-1
187,3022,184.00,546.00,28.00,75.00,1,-1,-1,-1
187,3027,1009.00,522.00,24.00,64.00,1,-1,-1,-1
187,2925,1365.00,546.00,50.00,127.00,1,-1,-1,-1
187,3039,1033.00,521.00,24.00,62.00,1,-1,-1,-1
187,3031,1165.00,541.00,43.00,109.00,1,-1,-1,-1
187,2990,153.00,559.00,29.00,72.00,1,-1,-1,-1
187,2983,487.00,519.00,14.00,35.00,1,-1,-1,-1
187,3017,1151.00,537.00,23.00,63.00,1,-1,-1,-1
187,2982,929.00,515.00,29.00,70.00,1,-1,-1,-1
187,3005,479.00,517.00,17.00,43.00,1,-1,-1,-1
188,2926,1606.00,552.00,52.00,124.00,1,-1,-1,-1
188,2931,259.00,553.00,29.00,74.00,1,-1,-1,-1
188,2932,855.00,507.00,20.00,49.00,1,-1,-1,-1
188,2985,921.00,526.00,21.00,57.00,1,-1,-1,-1
188,3019,946.00,430.00,56.00,116.00,1,-1,-1,-1
188,3022,177.00,546.00,30.00,79.00,1,-1,-1,-1
188,3027,1007.00,523.00,23.00,61.00,1,-1,-1,-1
188,2925,1361.00,546.00,49.00,125.00,1,-1,-1,-1
188,3039,1031.00,523.00,25.00,63.00,1,-1,-1,-1
188,3031,1165.00,539.00,43.00,107.00,1,-1,-1,-1
188,2990,150.00,560.00,28.00,71.00,1,-1,-1,-1
188,2983,482.00,520.00,14.00,36.00,1,-1,-1,-1
188,3017,1150.00,540.00,23.00,63.00,1,-1,-1,-1
188,2982,927.00,513.00,30.00,71.00,1,-1,-1,-1
188,3005,474.00,517.00,17.00,42.00,1,-1,-1,-1
188,3070,1137.00,530.00,37.00,95.00,1,-1,-1,-1
189,2926,1608.00,547.00,54.00,127.00,1,-1,-1,-1
189,2931,255.00,555.00,30.00,76.00,1,-1,-1,-1
189,2932,853.00,510.00,20.00,50.00,1,-1,-1,-1
189,2985,919.00,526.00,23.00,59.00,1,-1,-1,-1
189,3019,944.00,426.00,58.00,120.00,1,-1,-1,-1
189,3022,174.00,547.00,29.00,78.00,1,-1,-1,-1
189,3027,1005.00,523.00,23.00,60.00,1,-1,-1,-1
189,2925,1358.00,548.00,46.00,118.00,1,-1,-1,-1
189,3039,1027.00,523.00,24.00,60.00,1,-1,-1,-1
189,3031,1164.00,538.00,44.00,112.00,1,-1,-1,-1
189,2990,147.00,563.00,28.00,70.00,1,-1,-1,-1
189,2983,478.00,521.00,15.00,37.00,1,-1,-1,-1
189,3017,1151.00,539.00,22.00,60.00,1,-1,-1,-1
189,3005,470.00,520.00,17.00,41.00,1,-1,-1,-1
189,3071,486.00,514.00,16.00,41.00,1,-1,-1,-1
189,3070,1136.00,531.00,37.00,94.00,1,-1,-1,-1
190,2926,1608.00,548.00,56.00,129.00,1,-1,-1,-1
190,2931,252.00,557.00,29.00,74.00,1,-1,-1,-1
190,2932,850.00,509.00,21.00,51.00,1,-1,-1,-1
190,2985,919.00,522.00,24.00,64.00,1,-1,-1,-1
190,3019,946.00,426.00,57.00,119.00,1,-1,-1,-1
190,3022,170.00,549.00,29.00,79.00,1,-1,-1,-1
190,3027,1002.00,521.00,24.00,64.00,1,-1,-1,-1
190,2925,1353.00,548.00,48.00,121.00,1,-1,-1,-1
190,3039,1022.00,524.00,24.00,60.00,1,-1,-1,-1
190,3031,1163.00,540.00,42.00,108.00,1,-1,-1,-1
190,2990,136.00,559.00,32.00,81.00,1,-1,-1,-1
190,2983,473.00,524.00,14.00,36.00,1,-1,-1,-1
190,3017,1147.00,537.00,24.00,65.00,1,-1,-1,-1
190,3071,482.00,522.00,15.00,37.00,1,-1,-1,-1
190,3070,1133.00,532.00,37.00,94.00,1,-1,-1,-1
191,2926,1605.00,548.00,58.00,133.00,1,-1,-1,-1
191,2931,246.00,557.00,30.00,75.00,1,-1,-1,-1
191,2932,848.00,509.00,21.00,52.00,1,-1,-1,-1
191,3019,945.00,428.00,56.00,116.00,1,-1,-1,-1
191,3022,166.00,550.00,30.00,80.00,1,-1,-1,-1
191,3027,999.00,521.00,24.00,63.00,1,-1,-1,-1
191,2925,1356.00,549.00,47.00,120.00,1,-1,-1,-1
191,3039,1020.00,524.00,24.00,60.00,1,-1,-1,-1
191,3031,1162.00,541.00,43.00,106.00,1,-1,-1,-1
191,2990,132.00,558.00,32.00,82.00,1,-1,-1,-1
191,2983,469.00,521.00,16.00,40.00,1,-1,-1,-1
191,3071,478.00,523.00,15.00,38.00,1,-1,-1,-1
191,3070,1132.00,537.00,35.00,90.00,1,-1,-1,-1
191,2982,920.00,519.00,27.00,67.00,1,-1,-1,-1
192,2926,1607.00,550.00,58.00,131.00,1,-1,-1,-1
192,2931,242.00,560.00,28.00,72.00,1,-1,-1,-1
192,2932,847.00,508.00,21.00,52.00,1,-1,-1,-1
192,3019,939.00,424.00,60.00,122.00,1,-1,-1,-1
192,3022,160.00,553.00,28.00,76.00,1,-1,-1,-1
192,3027,996.00,521.00,25.00,64.00,1,-1,-1,-1
192,2925,1348.00,542.00,51.00,130.00,1,-1,-1,-1
192,3039,1018.00,523.00,23.00,58.00,1,-1,-1,-1
192,3031,1163.00,540.00,42.00,106.00,1,-1,-1,-1
192,2990,128.00,562.00,30.00,76.00,1,-1,-1,-1
192,2983,463.00,520.00,17.00,43.00,1,-1,-1,-1
192,3071,472.00,520.00,15.00,39.00,1,-1,-1,-1
192,2985,915.00,525.00,24.00,63.00,1,-1,-1,-1
192,3017,1140.00,535.00,25.00,70.00,1,-1,-1,-1
193,2926,1605.00,546.00,58.00,133.00,1,-1,-1,-1
193,2931,239.00,563.00,28.00,71.00,1,-1,-1,-1
193,2932,847.00,508.00,20.00,50.00,1,-1,-1,-1
193,3019,937.00,425.00,61.00,126.00,1,-1,-1,-1
193,3022,155.00,555.00,28.00,76.00,1,-1,-1,-1
193,3027,994.00,522.00,25.00,65.00,1,-1,-1,-1
193,2925,1350.00,545.00,49.00,126.00,1,-1,-1,-1
193,3039,1015.00,523.00,24.00,59.00,1,-1,-1,-1
193,3031,1162.00,540.00,41.00,106.00,1,-1,-1,-1
193,2990,125.00,562.00,31.00,77.00,1,-1,-1,-1
193,2983,460.00,521.00,16.00,41.00,1,-1,-1,-1
193,3071,470.00,522.00,16.00,40.00,1,-1,-1,-1
193,2985,913.00,522.00,25.00,65.00,1,-1,-1,-1
193,3017,1135.00,532.00,28.00,78.00,1,-1,-1,-1
194,2926,1610.00,552.00,57.00,128.00,1,-1,-1,-1
194,2931,234.00,563.00,29.00,72.00,1,-1,-1,-1
194,2932,846.00,510.00,20.00,50.00,1,-1,-1,-1
194,3019,932.00,429.00,60.00,125.00,1,-1,-1,-1
194,3022,149.00,552.00,31.00,83.00,1,-1,-1,-1
194,3027,992.00,525.00,24.00,63.00,1,-1,-1,-1
194,2925,1345.00,543.00,50.00,127.00,1,-1,-1,-1
194,3039,1013.00,521.00,24.00,60.00,1,-1,-1,-1
194,3031,1161.00,543.00,41.00,104.00,1,-1,-1,-1
194,2990,122.00,564.00,30.00,76.00,1,-1,-1,-1
194,2983,458.00,526.00,15.00,37.00,1,-1,-1,-1
194,2985,911.00,526.00,25.00,64.00,1,-1,-1,-1
194,3017,1130.00,533.00,26.00,74.00,1,-1,-1,-1
194,3005,452.00,521.00,14.00,36.00,1,-1,-1,-1
195,2926,1607.00,551.00,58.00,129.00,1,-1,-1,-1
195,2931,231.00,564.00,29.00,73.00,1,-1,-1,-1
195,2932,843.00,513.00,20.00,49.00,1,-1,-1,-1
195,3019,931.00,424.00,61.00,127.00,1,-1,-1,-1
195,3022,142.00,555.00,31.00,84.00,1,-1,-1,-1
195,3027,987.00,525.00,24.00,63.00,1,-1,-1,-1
195,2925,1346.00,544.00,48.00,125.00,1,-1,-1,-1
195,3039,1008.00,521.00,24.00,59.00,1,-1,-1,-1
195,3031,1162.00,540.00,43.00,107.00,1,-1,-1,-1
195,2990,116.00,565.00,31.00,80.00,1,-1,-1,-1
195,2983,456.00,525.00,15.00,38.00,1,-1,-1,-1
195,3017,1124.00,536.00,25.00,71.00,1,-1,-1,-1
195,3005,446.00,521.00,14.00,36.00,1,-1,-1,-1
195,3070,1131.00,536.00,38.00,98.00,1,-1,-1,-1
195,2982,911.00,522.00,26.00,64.00,1,-1,-1,-1
196,2926,1610.00,555.00,56.00,126.00,1,-1,-1,-1
196,2931,227.00,565.00,29.00,74.00,1,-1,-1,-1
196,2932,842.00,514.00,19.00,48.00,1,-1,-1,-1
196,3019,929.00,424.00,61.00,124.00,1,-1,-1,-1
196,3022,140.00,556.00,31.00,82.00,1,-1,-1,-1
196,3027,984.00,521.00,24.00,65.00,1,-1,-1,-1
196,2925,1346.00,540.00,49.00,128.00,1,-1,-1,-1
196,3039,1007.00,523.00,25.00,61.00,1,-1,-1,-1
196,3031,1161.00,540.00,44.00,112.00,1,-1,-1,-1
196,2990,111.00,570.00,31.00,79.00,1,-1,-1,-1
196,2983,452.00,525.00,14.00,37.00,1,-1,-1,-1
196,3017,1122.00,539.00,24.00,67.00,1,-1,-1,-1
196,3070,1127.00,533.00,41.00,107.00,1,-1,-1,-1
196,2982,908.00,523.00,27.00,67.00,1,-1,-1,-1
197,2926,1609.00,556.00,55.00,122.00,1,-1,-1,-1
197,2931,225.00,564.00,29.00,75.00,1,-1,-1,-1
197,2932,840.00,513.00,20.00,48.00,1,-1,-1,-1
197,3019,929.00,425.00,61.00,123.00,1,-1,-1,-1
197,3022,135.00,557.00,29.00,79.00,1,-1,-1,-1
197,3027,984.00,521.00,23.00,63.00,1,-1,-1,-1
197,2925,1346.00,539.00,52.00,131.00,1,-1,-1,-1
197,3039,1005.00,523.00,24.00,59.00,1,-1,-1,-1
197,3031,1161.00,538.00,44.00,112.00,1,-1,-1,-1
197,2990,107.00,569.00,30.00,75.00,1,-1,-1,-1
197,2983,447.00,526.00,15.00,37.00,1,-1,-1,-1
197,3017,1123.00,542.00,22.00,62.00,1,-1,-1,-1
197,3070,1129.00,536.00,41.00,107.00,1,-1,-1,-1
197,2982,907.00,527.00,27.00,65.00,1,-1,-1,-1
197,3072,1136.00,540.00,22.00,66.00,1,-1,-1,-1
197,3071,456.00,525.00,16.00,40.00,1,-1,-1,-1
198,2926,1612.00,554.00,59.00,127.00,1,-1,-1,-1
198,2931,221.00,567.00,28.00,72.00,1,-1,-1,-1
198,2932,838.00,515.00,19.00,47.00,1,-1,-1,-1
198,3019,924.00,428.00,59.00,122.00,1,-1,-1,-1
198,3022,130.00,553.00,30.00,83.00,1,-1,-1,-1
198,3027,983.00,523.00,24.00,62.00,1,-1,-1,-1
198,2925,1341.00,542.00,51.00,129.00,1,-1,-1,-1
198,3039,1000.00,523.00,25.00,62.00,1,-1,-1,-1
198,3031,1160.00,542.00,43.00,109.00,1,-1,-1,-1
198,2990,102.00,568.00,31.00,79.00,1,-1,-1,-1
198,2983,446.00,528.00,15.00,36.00,1,-1,-1,-1
198,3017,1116.00,537.00,25.00,71.00,1,-1,-1,-1
198,2982,905.00,521.00,28.00,70.00,1,-1,-1,-1
198,3072,1127.00,528.00,28.00,84.00,1,-1,-1,-1
198,3071,454.00,522.00,16.00,41.00,1,-1,-1,-1
199,2926,1614.00,551.00,58.00,127.00,1,-1,-1,-1
199,2931,216.00,566.00,29.00,73.00,1,-1,-1,-1
199,2932,837.00,512.00,19.00,49.00,1,-1,-1,-1
199,3019,917.00,427.00,60.00,125.00,1,-1,-1,-1
199,3022,127.00,558.00,29.00,81.00,1,-1,-1,-1
199,3027,981.00,526.00,24.00,63.00,1,-1,-1,-1
199,2925,1339.00,544.00,49.00,126.00,1,-1,-1,-1
199,3039,1001.00,520.00,27.00,65.00,1,-1,-1,-1
199,3031,1163.00,540.00,44.00,113.00,1,-1,-1,-1
199,2990,96.00,565.00,33.00,84.00,1,-1,-1,-1
199,2983,440.00,526.00,15.00,37.00,1,-1,-1,-1
199,3017,1115.00,535.00,26.00,76.00,1,-1,-1,-1
199,3071,448.00,523.00,17.00,41.00,1,-1,-1,-1
199,3073,1050.00,522.00,27.00,63.00,1,-1,-1,-1
199,2985,906.00,532.00,23.00,58.00,1,-1,-1,-1
199,3070,1121.00,531.00,40.00,108.00,1,-1,-1,-1
200,2926,1615.00,547.00,60.00,131.00,1,-1,-1,-1
200,2931,212.00,568.00,28.00,72.00,1,-1,-1,-1
200,2932,836.00,514.00,19.00,48.00,1,-1,-1,-1
200,3019,918.00,428.00,61.00,125.00,1,-1,-1,-1
200,3022,119.00,556.00,32.00,89.00,1,-1,-1,-1
200,3027,980.00,524.00,25.00,66.00,1,-1,-1,-1
200,2925,1335.00,540.00,49.00,127.00,1,-1,-1,-1
200,3039,999.00,522.00,27.00,65.00,1,-1,-1,-1
200,3031,1162.00,544.00,42.00,105.00,1,-1,-1,-1
200,2990,91.00,570.00,31.00,80.00,1,-1,-1,-1
200,3017,1116.00,539.00,25.00,70.00,1,-1,-1,-1
200,3071,445.00,526.00,15.00,38.00,1,-1,-1,-1
200,3073,1052.00,525.00,26.00,64.00,1,-1,-1,-1
200,2985,901.00,532.00,23.00,61.00,1,-1,-1,-1
200,3072,1129.00,527.00,28.00,83.00,1,-1,-1,-1
201,2926,1613.00,549.00,62.00,134.00,1,-1,-1,-1
201,2931,207.00,567.00,28.00,73.00,1,-1,-1,-1
201,2932,834.00,515.00,18.00,47.00,1,-1,-1,-1
201,3019,915.00,431.00,62.00,126.00,1,-1,-1,-1
201,3022,114.00,559.00,32.00,86.00,1,-1,-1,-1
201,3027,976.00,523.00,25.00,69.00,1,-1,-1,-1
201,2925,1333.00,539.00,51.00,131.00,1,-1,-1,-1
201,3039,999.00,524.00,27.00,63.00,1,-1,-1,-1
201,3031,1163.00,539.00,45.00,109.00,1,-1,-1,-1
201,2990,86.00,567.00,32.00,83.00,1,-1,-1,-1
201,3017,1113.00,534.00,25.00,72.00,1,-1,-1,-1
201,3071,441.00,525.00,15.00,39.00,1,-1,-1,-1
201,3073,1049.00,525.00,25.00,62.00,1,-1,-1,-1
201,2985,900.00,534.00,22.00,55.00,1,-1,-1,-1
201,2982,901.00,520.00,30.00,73.00,1,-1,-1,-1
201,2983,431.00,525.00,15.00,37.00,1,-1,-1,-1
202,2926,1612.00,545.00,67.00,143.00,1,-1,-1,-1
202,2931,201.00,568.00,30.00,76.00,1,-1,-1,-1
202,2932,834.00,514.00,18.00,46.00,1,-1,-1,-1
202,3019,915.00,426.00,63.00,128.00,1,-1,-1,-1
202,3022,110.00,560.00,32.00,87.00,1,-1,-1,-1
202,3027,976.00,525.00,26.00,69.00,1,-1,-1,-1
202,2925,1334.00,546.00,50.00,128.00,1,-1,-1,-1
202,3039,996.00,523.00,28.00,65.00,1,-1,-1,-1
202,3031,1164.00,544.00,43.00,105.00,1,-1,-1,-1
202,2990,84.00,568.00,32.00,83.00,1,-1,-1,-1
202,3017,1111.00,534.00,27.00,76.00,1,-1,-1,-1
202,3071,439.00,527.00,16.00,40.00,1,-1,-1,-1
202,3073,1047.00,526.00,24.00,58.00,1,-1,-1,-1
202,2985,894.00,530.00,22.00,58.00,1,-1,-1,-1
202,2983,429.00,526.00,16.00,38.00,1,-1,-1,-1
202,3072,1130.00,530.00,26.00,77.00,1,-1,-1,-1
203,2926,1618.00,547.00,62.00,135.00,1,-1,-1,-1
203,2931,199.00,568.00,30.00,76.00,1,-1,-1,-1
203,2932,835.00,517.00,17.00,43.00,1,-1,-1,-1
203,3019,911.00,431.00,63.00,130.00,1,-1,-1,-1
203,3022,106.00,562.00,32.00,87.00,1,-1,-1,-1
203,3027,974.00,527.00,25.00,66.00,1,-1,-1,-1
203,2925,1333.00,547.00,50.00,130.00,1,-1,-1,-1
203,3039,996.00,525.00,26.00,61.00,1,-1,-1,-1
203,3031,1164.00,546.00,43.00,104.00,1,-1,-1,-1
203,2990,79.00,565.00,33.00,85.00,1,-1,-1,-1
203,3017,1110.00,537.00,26.00,74.00,1,-1,-1,-1
203,3071,433.00,527.00,17.00,42.00,1,-1,-1,-1
203,2985,893.00,531.00,21.00,54.00,1,-1,-1,-1
203,2983,424.00,526.00,15.00,38.00,1,-1,-1,-1
203,3072,1124.00,528.00,25.00,77.00,1,-1,-1,-1
204,2926,1617.00,543.00,67.00,143.00,1,-1,-1,-1
204,2931,197.00,570.00,30.00,76.00,1,-1,-1,-1
204,2932,830.00,516.00,19.00,48.00,1,-1,-1,-1
204,3019,909.00,426.00,63.00,130.00,1,-1,-1,-1
204,3022,101.00,561.00,33.00,90.00,1,-1,-1,-1
204,3027,973.00,527.00,24.00,64.00,1,-1,-1,-1
204,2925,1331.00,544.00,53.00,138.00,1,-1,-1,-1
204,3039,995.00,528.00,26.00,61.00,1,-1,-1,-1
204,3031,1166.00,543.00,45.00,109.00,1,-1,-1,-1
204,2990,71.00,570.00,33.00,86.00,1,-1,-1,-1
204,3017,1105.00,539.00,25.00,71.00,1,-1,-1,-1
204,3071,431.00,529.00,15.00,38.00,1,-1,-1,-1
204,2985,893.00,533.00,20.00,51.00,1,-1,-1,-1
204,3072,1125.00,528.00,26.00,79.00,1,-1,-1,-1
204,2982,907.00,524.00,26.00,65.00,1,-1,-1,-1
205,2926,1625.00,544.00,63.00,134.00,1,-1,-1,-1
205,2931,190.00,569.00,31.00,79.00,1,-1,-1,-1
205,2932,829.00,515.00,19.00,49.00,1,-1,-1,-1
205,3019,910.00,430.00,62.00,127.00,1,-1,-1,-1
205,3022,96.00,566.00,31.00,86.00,1,-1,-1,-1
205,3027,970.00,526.00,26.00,69.00,1,-1,-1,-1
205,2925,1334.00,545.00,51.00,132.00,1,-1,-1,-1
205,3039,992.00,526.00,27.00,63.00,1,-1,-1,-1
205,3031,1165.00,547.00,45.00,108.00,1,-1,-1,-1
205,2990,66.00,567.00,34.00,89.00,1,-1,-1,-1
205,3017,1102.00,539.00,25.00,72.00,1,-1,-1,-1
205,3071,432.00,529.00,16.00,41.00,1,-1,-1,-1
205,2985,892.00,532.00,20.00,52.00,1,-1,-1,-1
205,3072,1133.00,543.00,24.00,69.00,1,-1,-1,-1
205,2982,905.00,523.00,27.00,68.00,1,-1,-1,-1
205,3073,1036.00,526.00,24.00,57.00,1,-1,-1,-1
206,2926,1626.00,545.00,65.00,139.00,1,-1,-1,-1
206,2931,186.00,572.00,31.00,78.00,1,-1,-1,-1
206,2932,830.00,515.00,19.00,47.00,1,-1,-1,-1
206,3019,910.00,428.00,63.00,127.00,1,-1,-1,-1
206,3022,91.00,567.00,31.00,87.00,1,-1,-1,-1
206,3027,968.00,527.00,25.00,66.00,1,-1,-1,-1
206,2925,1330.00,547.00,51.00,133.00,1,-1,-1,-1
206,3039,988.00,527.00,27.00,62.00,1,-1,-1,-1
206,3031,1168.00,542.00,46.00,111.00,1,-1,-1,-1
206,2990,62.00,569.00,33.00,86.00,1,-1,-1,-1
206,3017,1100.00,546.00,23.00,64.00,1,-1,-1,-1
206,3071,428.00,529.00,16.00,41.00,1,-1,-1,-1
206,2985,887.00,532.00,21.00,52.00,1,-1,-1,-1
206,3072,1141.00,555.00,20.00,59.00,1,-1,-1,-1
206,2982,905.00,528.00,25.00,64.00,1,-1,-1,-1
206,3073,1035.00,527.00,24.00,59.00,1,-1,-1,-1
206,3060,1132.00,541.00,35.00,89.00,1,-1,-1,-1
206,2983,418.00,526.00,15.00,39.00,1,-1,-1,-1
207,2926,1627.00,546.00,66.00,139.00,1,-1,-1,-1
207,2931,183.00,573.00,30.00,78.00,1,-1,-1,-1
207,2932,828.00,515.00,19.00,50.00,1,-1,-1,-1
207,3019,900.00,425.00,66.00,133.00,1,-1,-1,-1
207,3022,86.00,567.00,31.00,86.00,1,-1,-1,-1
207,3027,969.00,529.00,24.00,64.00,1,-1,-1,-1
207,2925,1335.00,552.00,49.00,126.00,1,-1,-1,-1
207,3039,986.00,526.00,27.00,61.00,1,-1,-1,-1
207,3031,1170.00,548.00,45.00,108.00,1,-1,-1,-1
207,2990,61.00,575.00,33.00,84.00,1,-1,-1,-1
207,3017,1098.00,545.00,23.00,66.00,1,-1,-1,-1
207,3071,426.00,532.00,15.00,38.00,1,-1,-1,-1
207,2985,884.00,528.00,24.00,60.00,1,-1,-1,-1
207,3072,1148.00,562.00,17.00,51.00,1,-1,-1,-1
207,2982,901.00,531.00,25.00,65.00,1,-1,-1,-1
207,3073,1030.00,525.00,26.00,65.00,1,-1,-1,-1
207,3070,1116.00,526.00,35.00,93.00,1,-1,-1,-1
208,2926,1625.00,553.00,63.00,134.00,1,-1,-1,-1
208,2931,178.00,574.00,31.00,78.00,1,-1,-1,-1
208,2932,826.00,516.00,20.00,49.00,1,-1,-1,-1
208,3019,900.00,429.00,67.00,135.00,1,-1,-1,-1
208,3022,78.00,568.00,31.00,85.00,1,-1,-1,-1
208,3027,968.00,529.00,24.00,66.00,1,-1,-1,-1
208,2925,1330.00,551.00,50.00,128.00,1,-1,-1,-1
208,3039,988.00,528.00,25.00,58.00,1,-1,-1,-1
208,3031,1171.00,550.00,44.00,104.00,1,-1,-1,-1
208,2990,56.00,575.00,33.00,87.00,1,-1,-1,-1
208,3017,1095.00,543.00,25.00,72.00,1,-1,-1,-1
208,3071,424.00,532.00,14.00,36.00,1,-1,-1,-1
208,2985,881.00,527.00,25.00,65.00,1,-1,-1,-1
208,3072,1148.00,564.00,19.00,53.00,1,-1,-1,-1
208,3073,1028.00,526.00,26.00,63.00,1,-1,-1,-1
209,2926,1630.00,552.00,65.00,136.00,1,-1,-1,-1
209,2931,178.00,574.00,29.00,75.00,1,-1,-1,-1
209,2932,826.00,518.00,19.00,48.00,1,-1,-1,-1
209,3019,902.00,427.00,66.00,133.00,1,-1,-1,-1
209,3022,72.00,567.00,32.00,87.00,1,-1,-1,-1
209,3027,966.00,530.00,23.00,64.00,1,-1,-1,-1
209,2925,1333.00,554.00,49.00,128.00,1,-1,-1,-1
209,3039,984.00,526.00,26.00,59.00,1,-1,-1,-1
209,3031,1170.00,552.00,42.00,100.00,1,-1,-1,-1
209,2990,50.00,577.00,32.00,84.00,1,-1,-1,-1
209,3017,1093.00,540.00,27.00,78.00,1,-1,-1,-1
209,2985,881.00,529.00,26.00,65.00,1,-1,-1,-1
209,3073,1025.00,528.00,25.00,61.00,1,-1,-1,-1
209,3070,1118.00,530.00,31.00,82.00,1,-1,-1,-1
210,2926,1638.00,552.00,65.00,134.00,1,-1,-1,-1
210,2931,174.00,577.00,30.00,75.00,1,-1,-1,-1
210,2932,825.00,519.00,19.00,49.00,1,-1,-1,-1
210,3019,894.00,420.00,69.00,140.00,1,-1,-1,-1
210,3022,65.00,570.00,32.00,87.00,1,-1,-1,-1
210,3027,965.00,529.00,23.00,64.00,1,-1,-1,-1
210,2925,1329.00,551.00,51.00,133.00,1,-1,-1,-1
210,3039,979.00,529.00,26.00,61.00,1,-1,-1,-1
210,3031,1168.00,551.00,45.00,107.00,1,-1,-1,-1
210,2990,43.00,576.00,33.00,85.00,1,-1,-1,-1
210,3017,1091.00,543.00,25.00,75.00,1,-1,-1,-1
210,3073,1025.00,530.00,26.00,62.00,1,-1,-1,-1
210,3078,87.00,579.00,25.00,64.00,1,-1,-1,-1
210,3060,1121.00,537.00,34.00,86.00,1,-1,-1,-1
211,2926,1641.00,552.00,65.00,137.00,1,-1,-1,-1
211,2931,169.00,576.00,31.00,80.00,1,-1,-1,-1
211,2932,823.00,520.00,19.00,50.00,1,-1,-1,-1
211,3019,895.00,426.00,70.00,140.00,1,-1,-1,-1
211,3022,61.00,569.00,33.00,90.00,1,-1,-1,-1
211,3027,962.00,530.00,24.00,66.00,1,-1,-1,-1
211,2925,1332.00,546.00,53.00,137.00,1,-1,-1,-1
211,3039,982.00,531.00,27.00,61.00,1,-1,-1,-1
211,3031,1168.00,550.00,46.00,108.00,1,-1,-1,-1
211,2990,35.00,578.00,31.00,82.00,1,-1,-1,-1
211,3017,1091.00,544.00,25.00,71.00,1,-1,-1,-1
211,3073,1022.00,531.00,26.00,63.00,1,-1,-1,-1
211,3060,1123.00,535.00,34.00,88.00,1,-1,-1,-1
211,2985,876.00,530.00,25.00,65.00,1,-1,-1,-1
212,2926,1647.00,558.00,65.00,134.00,1,-1,-1,-1
212,2931,165.00,575.00,31.00,79.00,1,-1,-1,-1
212,2932,821.00,519.00,19.00,50.00,1,-1,-1,-1
212,3019,898.00,433.00,68.00,133.00,1,-1,-1,-1
212,3022,58.00,570.00,32.00,87.00,1,-1,-1,-1
212,3027,960.00,530.00,23.00,68.00,1,-1,-1,-1
212,2925,1332.00,546.00,53.00,136.00,1,-1,-1,-1
212,3039,980.00,530.00,27.00,63.00,1,-1,-1,-1
212,3031,1166.00,550.00,46.00,110.00,1,-1,-1,-1
212,2990,31.00,581.00,31.00,82.00,1,-1,-1,-1
212,3017,1087.00,544.00,24.00,70.00,1,-1,-1,-1
212,3073,1020.00,530.00,26.00,64.00,1,-1,-1,-1
212,3060,1125.00,538.00,32.00,81.00,1,-1,-1,-1
212,2985,877.00,530.00,25.00,64.00,1,-1,-1,-1
213,2926,1650.00,553.00,69.00,142.00,1,-1,-1,-1
213,2931,166.00,580.00,28.00,74.00,1,-1,-1,-1
213,2932,822.00,520.00,19.00,50.00,1,-1,-1,-1
213,3019,900.00,435.00,67.00,131.00,1,-1,-1,-1
213,3022,51.00,575.00,32.00,86.00,1,-1,-1,-1
213,3027,959.00,531.00,24.00,69.00,1,-1,-1,-1
213,2925,1333.00,551.00,50.00,131.00,1,-1,-1,-1
213,3039,979.00,532.00,26.00,60.00,1,-1,-1,-1
213,3031,1167.00,552.00,46.00,108.00,1,-1,-1,-1
213,2990,23.00,582.00,32.00,85.00,1,-1,-1,-1
213,3017,1087.00,547.00,24.00,69.00,1,-1,-1,-1
213,3073,1019.00,530.00,26.00,65.00,1,-1,-1,-1
213,3060,1125.00,538.00,34.00,90.00,1,-1,-1,-1
214,2926,1649.00,553.00,68.00,141.00,1,-1,-1,-1
214,2931,161.00,581.00,31.00,79.00,1,-1,-1,-1
214,2932,820.00,519.00,20.00,52.00,1,-1,-1,-1
214,3019,899.00,434.00,70.00,135.00,1,-1,-1,-1
214,3022,47.00,578.00,33.00,88.00,1,-1,-1,-1
214,3027,961.00,533.00,23.00,65.00,1,-1,-1,-1
214,2925,1331.00,551.00,50.00,131.00,1,-1,-1,-1
214,3039,979.00,532.00,25.00,60.00,1,-1,-1,-1
214,3031,1169.00,554.00,46.00,110.00,1,-1,-1,-1
214,2990,19.00,582.00,33.00,86.00,1,-1,-1,-1
214,3017,1085.00,547.00,23.00,69.00,1,-1,-1,-1
214,3073,1018.00,530.00,28.00,69.00,1,-1,-1,-1
214,3060,1128.00,554.00,32.00,82.00,1,-1,-1,-1
214,3072,1150.00,570.00,18.00,52.00,1,-1,-1,-1
214,2985,878.00,535.00,23.00,59.00,1,-1,-1,-1
215,2926,1657.00,558.00,67.00,137.00,1,-1,-1,-1
215,2931,157.00,580.00,30.00,78.00,1,-1,-1,-1
215,2932,821.00,521.00,18.00,49.00,1,-1,-1,-1
215,3019,897.00,433.00,73.00,137.00,1,-1,-1,-1
215,3022,44.00,575.00,33.00,87.00,1,-1,-1,-1
215,3027,962.00,534.00,22.00,63.00,1,-1,-1,-1
215,2925,1330.00,552.00,51.00,133.00,1,-1,-1,-1
215,3039,979.00,533.00,26.00,62.00,1,-1,-1,-1
215,3031,1175.00,551.00,49.00,116.00,1,-1,-1,-1
215,2990,20.00,582.00,31.00,82.00,1,-1,-1,-1
215,3017,1080.00,540.00,25.00,73.00,1,-1,-1,-1
215,3073,1017.00,533.00,24.00,59.00,1,-1,-1,-1
215,3060,1121.00,545.00,38.00,98.00,1,-1,-1,-1
215,2985,877.00,535.00,23.00,60.00,1,-1,-1,-1
216,2926,1658.00,556.00,67.00,138.00,1,-1,-1,-1
216,2931,156.00,577.00,31.00,81.00,1,-1,-1,-1
216,2932,821.00,519.00,20.00,51.00,1,-1,-1,-1
216,3019,893.00,426.00,77.00,146.00,1,-1,-1,-1
216,3022,42.00,575.00,33.00,88.00,1,-1,-1,-1
216,3027,962.00,534.00,23.00,66.00,1,-1,-1,-1
216,2925,1333.00,554.00,51.00,134.00,1,-1,-1,-1
216,3039,980.00,534.00,25.00,60.00,1,-1,-1,-1
216,3031,1175.00,549.00,49.00,118.00,1,-1,-1,-1
216,2990,22.00,587.00,29.00,77.00,1,-1,-1,-1
216,3017,1081.00,541.00,24.00,71.00,1,-1,-1,-1
216,3073,1018.00,533.00,26.00,64.00,1,-1,-1,-1
216,3060,1121.00,550.00,38.00,99.00,1,-1,-1,-1
216,3070,1106.00,537.00,28.00,74.00,1,-1,-1,-1
217,2926,1668.00,555.00,69.00,139.00,1,-1,-1,-1
217,2931,155.00,578.00,31.00,81.00,1,-1,-1,-1
217,2932,819.00,519.00,19.00,51.00,1,-1,-1,-1
217,3019,891.00,425.00,75.00,143.00,1,-1,-1,-1
217,3022,40.00,578.00,29.00,79.00,1,-1,-1,-1
217,3027,960.00,531.00,25.00,70.00,1,-1,-1,-1
217,2925,1333.00,554.00,50.00,130.00,1,-1,-1,-1
217,3039,977.00,533.00,25.00,62.00,1,-1,-1,-1
217,3031,1173.00,552.00,52.00,122.00,1,-1,-1,-1
217,2990,22.00,587.00,29.00,77.00,1,-1,-1,-1
217,3017,1080.00,544.00,24.00,71.00,1,-1,-1,-1
217,3073,1014.00,536.00,25.00,61.00,1,-1,-1,-1
217,3060,1122.00,560.00,35.00,92.00,1,-1,-1,-1
217,3070,1105.00,537.00,29.00,77.00,1,-1,-1,-1
218,2926,1672.00,551.00,70.00,140.00,1,-1,-1,-1
218,2931,152.00,579.00,31.00,79.00,1,-1,-1,-1
218,2932,821.00,518.00,19.00,52.00,1,-1,-1,-1
218,3019,889.00,423.00,76.00,144.00,1,-1,-1,-1
218,3022,33.00,577.00,32.00,87.00,1,-1,-1,-1
218,3027,960.00,532.00,23.00,66.00,1,-1,-1,-1
218,2925,1335.00,558.00,49.00,128.00,1,-1,-1,-1
218,3039,977.00,531.00,27.00,64.00,1,-1,-1,-1
218,3031,1171.00,553.00,53.00,126.00,1,-1,-1,-1
218,2990,14.00,584.00,31.00,80.00,1,-1,-1,-1
218,3017,1079.00,544.00,25.00,72.00,1,-1,-1,-1
218,3073,1010.00,535.00,25.00,61.00,1,-1,-1,-1
218,3060,1124.00,556.00,36.00,93.00,1,-1,-1,-1
218,3070,1107.00,536.00,31.00,82.00,1,-1,-1,-1
219,2926,1679.00,557.00,67.00,136.00,1,-1,-1,-1
219,2931,149.00,579.00,30.00,77.00,1,-1,-1,-1
219,2932,822.00,516.00,20.00,54.00,1,-1,-1,-1
219,3019,889.00,423.00,79.00,148.00,1,-1,-1,-1
219,3022,31.00,579.00,30.00,81.00,1,-1,-1,-1
219,3027,960.00,530.00,24.00,69.00,1,-1,-1,-1
219,2925,1335.00,557.00,50.00,130.00,1,-1,-1,-1
219,3039,978.00,533.00,26.00,63.00,1,-1,-1,-1
219,3031,1176.00,555.00,53.00,125.00,1,-1,-1,-1
219,2990,13.00,586.00,31.00,81.00,1,-1,-1,-1
219,3017,1077.00,544.00,25.00,72.00,1,-1,-1,-1
219,3073,1010.00,535.00,23.00,56.00,1,-1,-1,-1
219,3060,1127.00,556.00,35.00,91.00,1,-1,-1,-1
219,3070,1108.00,534.00,32.00,86.00,1,-1,-1,-1
220,2926,1683.00,554.00,71.00,144.00,1,-1,-1,-1
220,2931,147.00,581.00,30.00,79.00,1,-1,-1,-1
220,2932,821.00,520.00,19.00,51.00,1,-1,-1,-1
220,3019,891.00,428.00,78.00,145.00,1,-1,-1,-1
220,3022,26.00,580.00,33.00,87.00,1,-1,-1,-1
220,3027,960.00,530.00,24.00,68.00,1,-1,-1,-1
220,2925,1340.00,554.00,51.00,133.00,1,-1,-1,-1
220,3039,978.00,529.00,27.00,68.00,1,-1,-1,-1
220,3031,1181.00,550.00,51.00,124.00,1,-1,-1,-1
220,2990,6.00,579.00,35.00,90.00,1,-1,-1,-1
220,3017,1071.00,544.00,25.00,73.00,1,-1,-1,-1
220,3060,1128.00,553.00,39.00,102.00,1,-1,-1,-1
220,3070,1109.00,536.00,30.00,81.00,1,-1,-1,-1
221,2926,1689.00,551.00,72.00,148.00,1,-1,-1,-1
221,2931,146.00,579.00,31.00,82.00,1,-1,-1,-1
221,2932,818.00,516.00,21.00,57.00,1,-1,-1,-1
221,3019,885.00,425.00,81.00,152.00,1,-1,-1,-1
221,3022,21.00,583.00,34.00,90.00,1,-1,-1,-1
221,3027,960.00,532.00,24.00,68.00,1,-1,-1,-1
221,2925,1341.00,560.00,51.00,132.00,1,-1,-1,-1
221,3039,980.00,531.00,26.00,65.00,1,-1,-1,-1
221,3031,1183.00,552.00,52.00,126.00,1,-1,-1,-1
221,3017,1071.00,542.00,25.00,75.00,1,-1,-1,-1
222,2926,1700.00,546.00,73.00,149.00,1,-1,-1,-1
222,2931,141.00,580.00,32.00,83.00,1,-1,-1,-1
222,2932,822.00,515.00,21.00,55.00,1,-1,-1,-1
222,3019,890.00,427.00,77.00,144.00,1,-1,-1,-1
222,3022,17.00,583.00,35.00,90.00,1,-1,-1,-1
222,3027,961.00,528.00,25.00,70.00,1,-1,-1,-1
222,2925,1343.00,555.00,51.00,134.00,1,-1,-1,-1
222,3039,979.00,533.00,25.00,62.00,1,-1,-1,-1
222,3031,1185.00,555.00,51.00,123.00,1,-1,-1,-1
222,3017,1068.00,542.00,25.00,75.00,1,-1,-1,-1
222,3060,1131.00,558.00,41.00,107.00,1,-1,-1,-1
223,2926,1708.00,547.00,73.00,146.00,1,-1,-1,-1
223,2931,141.00,580.00,32.00,86.00,1,-1,-1,-1
223,2932,823.00,515.00,20.00,54.00,1,-1,-1,-1
223,3019,886.00,419.00,82.00,154.00,1,-1,-1,-1
223,3022,16.00,582.00,34.00,90.00,1,-1,-1,-1
223,3027,960.00,529.00,25.00,71.00,1,-1,-1,-1
223,2925,1345.00,555.00,51.00,133.00,1,-1,-1,-1
223,3039,981.00,533.00,26.00,64.00,1,-1,-1,-1
223,3031,1190.00,554.00,51.00,123.00,1,-1,-1,-1
223,3017,1068.00,540.00,27.00,80.00,1,-1,-1,-1
223,3060,1142.00,607.00,34.00,87.00,1,-1,-1,-1
223,2990,-7.00,576.00,36.00,101.00,1,-1,-1,-1
224,2926,1707.00,540.00,74.00,154.00,1,-1,-1,-1
224,2931,137.00,578.00,33.00,87.00,1,-1,-1,-1
224,2932,824.00,519.00,19.00,50.00,1,-1,-1,-1
224,3019,889.00,424.00,80.00,150.00,1,-1,-1,-1
224,3022,10.00,581.00,36.00,92.00,1,-1,-1,-1
224,3027,961.00,532.00,24.00,67.00,1,-1,-1,-1
224,2925,1346.00,557.00,50.00,131.00,1,-1,-1,-1
224,3039,982.00,531.00,26.00,64.00,1,-1,-1,-1
224,3031,1193.00,556.00,52.00,126.00,1,-1,-1,-1
224,3017,1069.00,542.00,26.00,77.00,1,-1,-1,-1
224,3082,1016.00,533.00,23.00,61.00,1,-1,-1,-1
225,2926,1720.00,543.00,70.00,145.00,1,-1,-1,-1
225,2931,136.00,582.00,31.00,84.00,1,-1,-1,-1
225,2932,824.00,521.00,18.00,49.00,1,-1,-1,-1
225,3019,888.00,419.00,83.00,159.00,1,-1,-1,-1
225,3022,6.00,585.00,35.00,90.00,1,-1,-1,-1
225,3027,962.00,532.00,24.00,67.00,1,-1,-1,-1
225,2925,1349.00,558.00,51.00,132.00,1,-1,-1,-1
225,3039,982.00,532.00,25.00,61.00,1,-1,-1,-1
225,3031,1197.00,560.00,51.00,123.00,1,-1,-1,-1
225,3017,1070.00,542.00,26.00,76.00,1,-1,-1,-1
225,3082,1016.00,533.00,23.00,63.00,1,-1,-1,-1
226,2926,1725.00,544.00,68.00,141.00,1,-1,-1,-1
226,2931,135.00,583.00,32.00,86.00,1,-1,-1,-1
226,2932,825.00,521.00,18.00,48.00,1,-1,-1,-1
226,3019,889.00,420.00,85.00,162.00,1,-1,-1,-1
226,3022,4.00,589.00,34.00,89.00,1,-1,-1,-1
226,3027,962.00,530.00,25.00,69.00,1,-1,-1,-1
226,2925,1351.00,555.00,51.00,133.00,1,-1,-1,-1
226,3039,980.00,531.00,26.00,64.00,1,-1,-1,-1
226,3031,1205.00,562.00,50.00,121.00,1,-1,-1,-1
226,3017,1069.00,538.00,26.00,77.00,1,-1,-1,-1
227,2926,1734.00,545.00,70.00,145.00,1,-1,-1,-1
227,2931,132.00,587.00,32.00,86.00,1,-1,-1,-1
227,2932,824.00,522.00,19.00,49.00,1,-1,-1,-1
227,3019,889.00,423.00,83.00,157.00,1,-1,-1,-1
227,3022,0.00,585.00,35.00,96.00,1,-1,-1,-1
227,3027,964.00,534.00,23.00,64.00,1,-1,-1,-1
227,2925,1355.00,554.00,51.00,133.00,1,-1,-1,-1
227,3039,981.00,532.00,27.00,67.00,1,-1,-1,-1
227,3031,1203.00,565.00,50.00,120.00,1,-1,-1,-1
227,3017,1069.00,539.00,25.00,73.00,1,-1,-1,-1
227,2985,856.00,562.00,28.00,71.00,1,-1,-1,-1
228,2926,1738.00,541.00,72.00,150.00,1,-1,-1,-1
228,2931,129.00,586.00,33.00,86.00,1,-1,-1,-1
228,2932,826.00,522.00,18.00,50.00,1,-1,-1,-1
228,3019,889.00,418.00,84.00,157.00,1,-1,-1,-1
228,3022,-4.00,593.00,34.00,93.00,1,-1,-1,-1
228,3027,965.00,530.00,24.00,65.00,1,-1,-1,-1
228,2925,1353.00,551.00,53.00,141.00,1,-1,-1,-1
228,3039,982.00,532.00,26.00,65.00,1,-1,-1,-1
228,3031,1206.00,562.00,52.00,124.00,1,-1,-1,-1
228,3017,1070.00,539.00,26.00,73.00,1,-1,-1,-1
228,2985,859.00,570.00,26.00,64.00,1,-1,-1,-1
228,3060,1157.00,637.00,41.00,105.00,1,-1,-1,-1
229,2926,1747.00,543.00,73.00,150.00,1,-1,-1,-1
229,2931,129.00,587.00,32.00,85.00,1,-1,-1,-1
229,2932,827.00,523.00,19.00,50.00,1,-1,-1,-1
229,3019,888.00,421.00,86.00,163.00,1,-1,-1,-1
229,3022,-7.00,594.00,33.00,94.00,1,-1,-1,-1
229,3027,965.00,532.00,24.00,63.00,1,-1,-1,-1
229,2925,1356.00,552.00,51.00,138.00,1,-1,-1,-1
229,3039,983.00,534.00,25.00,64.00,1,-1,-1,-1
229,3031,1209.00,561.00,52.00,126.00,1,-1,-1,-1
229,3017,1068.00,543.00,25.00,71.00,1,-1,-1,-1
230,2926,1756.00,542.00,71.00,148.00,1,-1,-1,-1
230,2931,127.00,588.00,33.00,87.00,1,-1,-1,-1
230,2932,827.00,525.00,18.00,47.00,1,-1,-1,-1
230,3019,891.00,421.00,84.00,158.00,1,-1,-1,-1
230,3022,-3.00,593.00,33.00,93.00,1,-1,-1,-1
230,3027,964.00,534.00,22.00,61.00,1,-1,-1,-1
230,2925,1359.00,548.00,53.00,141.00,1,-1,-1,-1
230,3039,983.00,535.00,25.00,63.00,1,-1,-1,-1
230,3031,1214.00,565.00,50.00,121.00,1,-1,-1,-1
230,3017,1066.00,544.00,27.00,75.00,1,-1,-1,-1
230,3082,1004.00,527.00,27.00,74.00,1,-1,-1,-1
231,2926,1762.00,541.00,73.00,154.00,1,-1,-1,-1
231,2931,124.00,588.00,32.00,87.00,1,-1,-1,-1
231,2932,828.00,522.00,19.00,50.00,1,-1,-1,-1
231,3019,887.00,415.00,92.00,173.00,1,-1,-1,-1
231,3022,-7.00,594.00,32.00,95.00,1,-1,-1,-1
231,2925,1358.00,549.00,55.00,145.00,1,-1,-1,-1
231,3039,983.00,533.00,25.00,63.00,1,-1,-1,-1
231,3031,1214.00,566.00,52.00,124.00,1,-1,-1,-1
231,3017,1065.00,545.00,27.00,78.00,1,-1,-1,-1
231,3082,1003.00,532.00,28.00,73.00,1,-1,-1,-1
232,2926,1770.00,544.00,71.00,150.00,1,-1,-1,-1
232,2931,125.00,587.00,33.00,88.00,1,-1,-1,-1
232,2932,828.00,522.00,20.00,51.00,1,-1,-1,-1
232,3019,884.00,412.00,93.00,177.00,1,-1,-1,-1
232,3022,-6.00,597.00,31.00,93.00,1,-1,-1,-1
232,2925,1363.00,552.00,53.00,141.00,1,-1,-1,-1
232,3039,984.00,534.00,26.00,64.00,1,-1,-1,-1
232,3031,1216.00,560.00,53.00,127.00,1,-1,-1,-1
232,3017,1066.00,547.00,26.00,73.00,1,-1,-1,-1
232,3082,1002.00,528.00,29.00,78.00,1,-1,-1,-1
232,3085,1134.00,530.00,31.00,79.00,1,-1,-1,-1
232,2982,866.00,565.00,28.00,69.00,1,-1,-1,-1
232,3060,1167.00,637.00,49.00,128.00,1,-1,-1,-1
233,2926,1780.00,542.00,74.00,156.00,1,-1,-1,-1
233,2931,122.00,588.00,33.00,88.00,1,-1,-1,-1
233,2932,829.00,522.00,20.00,50.00,1,-1,-1,-1
233,3019,888.00,410.00,91.00,172.00,1,-1,-1,-1
233,3022,-7.00,592.00,31.00,97.00,1,-1,-1,-1
233,2925,1367.00,554.00,52.00,137.00,1,-1,-1,-1
233,3039,983.00,535.00,25.00,62.00,1,-1,-1,-1
233,3031,1222.00,560.00,53.00,125.00,1,-1,-1,-1
233,3017,1063.00,544.00,27.00,78.00,1,-1,-1,-1
233,3085,1132.00,530.00,30.00,78.00,1,-1,-1,-1
233,2982,867.00,556.00,31.00,77.00,1,-1,-1,-1
233,3027,964.00,531.00,24.00,64.00,1,-1,-1,-1
234,2926,1792.00,544.00,71.00,151.00,1,-1,-1,-1
234,2931,123.00,588.00,34.00,89.00,1,-1,-1,-1
234,2932,829.00,520.00,20.00,52.00,1,-1,-1,-1
234,3019,886.00,407.00,95.00,180.00,1,-1,-1,-1
234,3022,-10.00,591.00,31.00,97.00,1,-1,-1,-1
234,2925,1373.00,554.00,50.00,133.00,1,-1,-1,-1
234,3039,984.00,531.00,27.00,66.00,1,-1,-1,-1
234,3031,1226.00,561.00,52.00,123.00,1,-1,-1,-1
234,3017,1066.00,546.00,27.00,78.00,1,-1,-1,-1
234,3085,1133.00,529.00,31.00,80.00,1,-1,-1,-1
234,3073,969.00,527.00,30.00,77.00,1,-1,-1,-1
235,2926,1805.00,545.00,68.00,143.00,1,-1,-1,-1
235,2931,121.00,588.00,33.00,89.00,1,-1,-1,-1
235,2932,833.00,520.00,19.00,51.00,1,-1,-1,-1
235,3019,891.00,408.00,91.00,173.00,1,-1,-1,-1
235,3022,-11.00,588.00,30.00,98.00,1,-1,-1,-1
235,2925,1377.00,553.00,51.00,135.00,1,-1,-1,-1
235,3039,982.00,528.00,27.00,68.00,1,-1,-1,-1
235,3031,1232.00,565.00,55.00,128.00,1,-1,-1,-1
235,3017,1067.00,544.00,29.00,80.00,1,-1,-1,-1
235,3085,1140.00,527.00,31.00,81.00,1,-1,-1,-1
235,3082,1007.00,529.00,26.00,69.00,1,-1,-1,-1
236,2926,1811.00,541.00,70.00,146.00,1,-1,-1,-1
236,2931,121.00,589.00,33.00,88.00,1,-1,-1,-1
236,2932,834.00,519.00,20.00,51.00,1,-1,-1,-1
236,3019,898.00,411.00,89.00,168.00,1,-1,-1,-1
236,3022,-8.00,589.00,28.00,92.00,1,-1,-1,-1
236,2925,1378.00,551.00,53.00,139.00,1,-1,-1,-1
236,3039,982.00,530.00,26.00,65.00,1,-1,-1,-1
236,3031,1234.00,561.00,56.00,133.00,1,-1,-1,-1
236,3017,1069.00,548.00,27.00,76.00,1,-1,-1,-1
236,3085,1139.00,528.00,30.00,78.00,1,-1,-1,-1
236,3082,1012.00,529.00,26.00,69.00,1,-1,-1,-1
236,3027,961.00,549.00,23.00,64.00,1,-1,-1,-1
237,2926,1820.00,539.00,70.00,147.00,1,-1,-1,-1
237,2931,119.00,588.00,32.00,88.00,1,-1,-1,-1
237,2932,835.00,517.00,21.00,54.00,1,-1,-1,-1
237,3019,902.00,409.00,87.00,166.00,1,-1,-1,-1
237,3022,-12.00,580.00,30.00,102.00,1,-1,-1,-1
237,2925,1381.00,548.00,51.00,138.00,1,-1,-1,-1
237,3039,984.00,531.00,25.00,62.00,1,-1,-1,-1
237,3031,1242.00,563.00,57.00,132.00,1,-1,-1,-1
237,3017,1068.00,545.00,28.00,78.00,1,-1,-1,-1
237,3085,1144.00,528.00,29.00,76.00,1,-1,-1,-1
237,3082,1013.00,527.00,27.00,68.00,1,-1,-1,-1
237,3027,962.00,551.00,24.00,65.00,1,-1,-1,-1
238,2926,1828.00,536.00,75.00,158.00,1,-1,-1,-1
238,2931,118.00,588.00,34.00,90.00,1,-1,-1,-1
238,2932,837.00,515.00,22.00,56.00,1,-1,-1,-1
238,3019,898.00,406.00,89.00,169.00,1,-1,-1,-1
238,2925,1383.00,550.00,52.00,139.00,1,-1,-1,-1
238,3039,987.00,531.00,25.00,61.00,1,-1,-1,-1
238,3031,1242.00,559.00,58.00,133.00,1,-1,-1,-1
238,3017,1067.00,540.00,30.00,82.00,1,-1,-1,-1
238,3085,1149.00,524.00,30.00,77.00,1,-1,-1,-1
238,3082,1010.00,529.00,31.00,78.00,1,-1,-1,-1
239,2926,1839.00,531.00,75.00,161.00,1,-1,-1,-1
239,2931,120.00,586.00,32.00,89.00,1,-1,-1,-1
239,2932,840.00,517.00,20.00,51.00,1,-1,-1,-1
239,3019,906.00,410.00,89.00,170.00,1,-1,-1,-1
239,2925,1387.00,548.00,54.00,144.00,1,-1,-1,-1
239,3039,989.00,528.00,26.00,63.00,1,-1,-1,-1
239,3031,1249.00,561.00,59.00,135.00,1,-1,-1,-1
239,3017,1070.00,541.00,29.00,80.00,1,-1,-1,-1
239,3085,1152.00,523.00,29.00,75.00,1,-1,-1,-1
239,3082,1012.00,528.00,33.00,83.00,1,-1,-1,-1
239,3087,997.00,549.00,26.00,68.00,1,-1,-1,-1
239,3027,968.00,557.00,24.00,63.00,1,-1,-1,-1
240,2926,1854.00,537.00,69.00,146.00,1,-1,-1,-1
240,2931,118.00,585.00,34.00,91.00,1,-1,-1,-1
240,2932,841.00,519.00,19.00,47.00,1,-1,-1,-1
240,3019,904.00,408.00,92.00,175.00,1,-1,-1,-1
240,2925,1390.00,551.00,51.00,136.00,1,-1,-1,-1
240,3039,991.00,525.00,26.00,66.00,1,-1,-1,-1
240,3031,1252.00,561.00,63.00,143.00,1,-1,-1,-1
240,3017,1067.00,538.00,33.00,91.00,1,-1,-1,-1
240,3085,1158.00,525.00,27.00,73.00,1,-1,-1,-1
240,3087,999.00,548.00,25.00,67.00,1,-1,-1,-1
240,3027,968.00,553.00,27.00,69.00,1,-1,-1,-1
241,2926,1861.00,530.00,73.00,158.00,1,-1,-1,-1
241,2931,118.00,585.00,35.00,94.00,1,-1,-1,-1
241,2932,842.00,517.00,19.00,50.00,1,-1,-1,-1
241,3019,910.00,406.00,91.00,174.00,1,-1,-1,-1
241,2925,1389.00,546.00,55.00,149.00,1,-1,-1,-1
241,3039,992.00,526.00,27.00,69.00,1,-1,-1,-1
241,3031,1258.00,558.00,67.00,152.00,1,-1,-1,-1
241,3017,1067.00,539.00,33.00,91.00,1,-1,-1,-1
241,3085,1158.00,527.00,28.00,76.00,1,-1,-1,-1
241,3027,972.00,553.00,29.00,73.00,1,-1,-1,-1
241,3082,1011.00,544.00,31.00,81.00,1,-1,-1,-1
242,2931,117.00,587.00,35.00,92.00,1,-1,-1,-1
242,2932,846.00,518.00,19.00,50.00,1,-1,-1,-1
242,3019,913.00,400.00,96.00,183.00,1,-1,-1,-1
242,2925,1398.00,549.00,54.00,148.00,1,-1,-1,-1
242,3039,990.00,544.00,29.00,72.00,1,-1,-1,-1
242,3031,1262.00,562.00,63.00,144.00,1,-1,-1,-1
242,3017,1069.00,539.00,32.00,87.00,1,-1,-1,-1
242,3027,972.00,559.00,30.00,75.00,1,-1,-1,-1
242,3082,1010.00,549.00,31.00,79.00,1,-1,-1,-1
242,3087,996.00,526.00,29.00,79.00,1,-1,-1,-1
243,2931,115.00,584.00,37.00,98.00,1,-1,-1,-1
243,2932,848.00,516.00,21.00,52.00,1,-1,-1,-1
243,3019,914.00,397.00,98.00,188.00,1,-1,-1,-1
243,2925,1403.00,551.00,54.00,147.00,1,-1,-1,-1
243,3031,1269.00,560.00,65.00,148.00,1,-1,-1,-1
243,3017,1069.00,541.00,31.00,84.00,1,-1,-1,-1
243,3082,1013.00,551.00,28.00,73.00,1,-1,-1,-1
243,3087,998.00,513.00,30.00,82.00,1,-1,-1,-1
243,3070,1087.00,538.00,31.00,84.00,1,-1,-1,-1
243,3085,1168.00,522.00,29.00,78.00,1,-1,-1,-1
244,2931,118.00,581.00,36.00,96.00,1,-1,-1,-1
244,2932,848.00,513.00,21.00,54.00,1,-1,-1,-1
244,3019,918.00,396.00,97.00,185.00,1,-1,-1,-1
244,2925,1411.00,550.00,54.00,146.00,1,-1,-1,-1
244,3031,1281.00,564.00,63.00,144.00,1,-1,-1,-1
244,3017,1070.00,540.00,30.00,84.00,1,-1,-1,-1
244,3087,1001.00,513.00,28.00,73.00,1,-1,-1,-1
244,3090,1031.00,548.00,29.00,74.00,1,-1,-1,-1
244,3085,1171.00,520.00,29.00,79.00,1,-1,-1,-1
244,3039,992.00,532.00,33.00,83.00,1,-1,-1,-1
245,2931,115.00,582.00,35.00,95.00,1,-1,-1,-1
245,2932,853.00,517.00,19.00,50.00,1,-1,-1,-1
245,3019,913.00,385.00,104.00,199.00,1,-1,-1,-1
245,2925,1414.00,546.00,57.00,154.00,1,-1,-1,-1
245,3031,1284.00,567.00,65.00,148.00,1,-1,-1,-1
245,3017,1075.00,542.00,29.00,78.00,1,-1,-1,-1
245,3090,1043.00,550.00,28.00,72.00,1,-1,-1,-1
245,3085,1176.00,521.00,29.00,76.00,1,-1,-1,-1
245,3082,1012.00,549.00,30.00,76.00,1,-1,-1,-1
246,2931,117.00,581.00,37.00,98.00,1,-1,-1,-1
246,2932,858.00,519.00,18.00,48.00,1,-1,-1,-1
246,3019,922.00,394.00,103.00,197.00,1,-1,-1,-1
246,2925,1418.00,550.00,53.00,146.00,1,-1,-1,-1
246,3031,1291.00,567.00,66.00,152.00,1,-1,-1,-1
246,3017,1066.00,544.00,30.00,80.00,1,-1,-1,-1
246,3090,1046.00,552.00,30.00,77.00,1,-1,-1,-1
246,3085,1181.00,520.00,30.00,80.00,1,-1,-1,-1
246,3082,1008.00,544.00,34.00,84.00,1,-1,-1,-1
246,3070,1082.00,540.00,32.00,86.00,1,-1,-1,-1
247,2931,116.00,584.00,36.00,97.00,1,-1,-1,-1
247,2932,861.00,517.00,19.00,48.00,1,-1,-1,-1
247,3019,921.00,389.00,108.00,209.00,1,-1,-1,-1
247,2925,1425.00,548.00,55.00,150.00,1,-1,-1,-1
247,3031,1301.00,564.00,66.00,150.00,1,-1,-1,-1
247,3017,1062.00,550.00,31.00,82.00,1,-1,-1,-1
247,3090,1035.00,534.00,36.00,92.00,1,-1,-1,-1
247,3085,1184.00,521.00,30.00,78.00,1,-1,-1,-1
247,3082,1018.00,549.00,32.00,80.00,1,-1,-1,-1
247,3070,1079.00,542.00,33.00,87.00,1,-1,-1,-1
248,2931,117.00,583.00,35.00,96.00,1,-1,-1,-1
248,2932,864.00,517.00,19.00,49.00,1,-1,-1,-1
248,3019,929.00,387.00,110.00,212.00,1,-1,-1,-1
248,2925,1429.00,549.00,53.00,145.00,1,-1,-1,-1
248,3031,1310.00,568.00,66.00,151.00,1,-1,-1,-1
248,3017,1058.00,555.00,31.00,79.00,1,-1,-1,-1
248,3090,1034.00,528.00,41.00,104.00,1,-1,-1,-1
248,3085,1191.00,524.00,28.00,74.00,1,-1,-1,-1
248,3082,1021.00,549.00,35.00,85.00,1,-1,-1,-1
248,3070,1082.00,537.00,36.00,94.00,1,-1,-1,-1
249,2931,118.00,585.00,35.00,94.00,1,-1,-1,-1
249,2932,869.00,517.00,20.00,52.00,1,-1,-1,-1
249,3019,929.00,391.00,107.00,209.00,1,-1,-1,-1
249,2925,1438.00,555.00,52.00,140.00,1,-1,-1,-1
249,3031,1322.00,568.00,67.00,154.00,1,-1,-1,-1
249,3017,1065.00,538.00,36.00,94.00,1,-1,-1,-1
249,3090,1039.00,541.00,34.00,88.00,1,-1,-1,-1
249,3085,1192.00,522.00,30.00,80.00,1,-1,-1,-1
249,3082,1023.00,554.00,30.00,73.00,1,-1,-1,-1
249,3070,1087.00,540.00,34.00,92.00,1,-1,-1,-1
249,3093,1127.00,541.00,28.00,70.00,1,-1,-1,-1
250,2931,120.00,589.00,35.00,94.00,1,-1,-1,-1
250,2932,871.00,515.00,20.00,52.00,1,-1,-1,-1
250,3019,940.00,388.00,106.00,207.00,1,-1,-1,-1
250,2925,1444.00,548.00,56.00,150.00,1,-1,-1,-1
250,3031,1328.00,568.00,67.00,155.00,1,-1,-1,-1
250,3017,1070.00,534.00,39.00,101.00,1,-1,-1,-1
250,3090,1055.00,548.00,34.00,85.00,1,-1,-1,-1
250,3085,1197.00,523.00,30.00,80.00,1,-1,-1,-1
250,3082,1030.00,557.00,28.00,68.00,1,-1,-1,-1
250,3070,1092.00,538.00,35.00,91.00,1,-1,-1,-1
250,3093,1116.00,541.00,31.00,78.00,1,-1,-1,-1
251,2931,123.00,590.00,35.00,95.00,1,-1,-1,-1
251,2932,877.00,517.00,19.00,49.00,1,-1,-1,-1
251,3019,943.00,391.00,106.00,209.00,1,-1,-1,-1
251,2925,1447.00,551.00,57.00,152.00,1,-1,-1,-1
251,3031,1337.00,573.00,65.00,151.00,1,-1,-1,-1
251,3090,1049.00,529.00,40.00,101.00,1,-1,-1,-1
251,3085,1205.00,522.00,29.00,80.00,1,-1,-1,-1
251,3070,1093.00,539.00,36.00,95.00,1,-1,-1,-1
251,3093,1118.00,543.00,33.00,83.00,1,-1,-1,-1
251,3094,1143.00,529.00,35.00,90.00,1,-1,-1,-1
252,2931,122.00,589.00,35.00,95.00,1,-1,-1,-1
252,2932,880.00,519.00,19.00,47.00,1,-1,-1,-1
252,3019,949.00,385.00,109.00,217.00,1,-1,-1,-1
252,2925,1455.00,544.00,57.00,152.00,1,-1,-1,-1
252,3031,1348.00,575.00,63.00,145.00,1,-1,-1,-1
252,3090,1057.00,544.00,34.00,86.00,1,-1,-1,-1
252,3085,1209.00,522.00,30.00,81.00,1,-1,-1,-1
252,3070,1100.00,543.00,34.00,86.00,1,-1,-1,-1
252,3093,1127.00,544.00,31.00,79.00,1,-1,-1,-1
252,3094,1144.00,520.00,39.00,103.00,1,-1,-1,-1
252,3017,1078.00,548.00,33.00,85.00,1,-1,-1,-1
253,2931,125.00,589.00,36.00,97.00,1,-1,-1,-1
253,2932,883.00,520.00,20.00,50.00,1,-1,-1,-1
253,3019,955.00,386.00,113.00,222.00,1,-1,-1,-1
253,2925,1462.00,541.00,58.00,155.00,1,-1,-1,-1
253,3031,1357.00,572.00,66.00,150.00,1,-1,-1,-1
253,3085,1214.00,519.00,31.00,82.00,1,-1,-1,-1
253,3070,1100.00,543.00,35.00,89.00,1,-1,-1,-1
253,3093,1132.00,542.00,35.00,89.00,1,-1,-1,-1
253,3094,1156.00,532.00,33.00,88.00,1,-1,-1,-1
253,3095,1197.00,533.00,26.00,69.00,1,-1,-1,-1
254,2931,129.00,594.00,35.00,95.00,1,-1,-1,-1
254,2932,888.00,520.00,19.00,46.00,1,-1,-1,-1
254,3019,963.00,385.00,114.00,226.00,1,-1,-1,-1
254,2925,1473.00,546.00,55.00,146.00,1,-1,-1,-1
254,3031,1361.00,568.00,70.00,160.00,1,-1,-1,-1
254,3085,1222.00,522.00,30.00,79.00,1,-1,-1,-1
254,3070,1101.00,544.00,35.00,88.00,1,-1,-1,-1
254,3093,1126.00,544.00,35.00,88.00,1,-1,-1,-1
254,3094,1152.00,534.00,37.00,97.00,1,-1,-1,-1
254,3095,1196.00,527.00,31.00,81.00,1,-1,-1,-1
255,2931,127.00,595.00,36.00,97.00,1,-1,-1,-1
255,2932,890.00,519.00,20.00,49.00,1,-1,-1,-1
255,3019,972.00,377.00,121.00,240.00,1,-1,-1,-1
255,2925,1475.00,538.00,59.00,156.00,1,-1,-1,-1
255,3031,1371.00,574.00,67.00,155.00,1,-1,-1,-1
255,3085,1228.00,518.00,29.00,77.00,1,-1,-1,-1
255,3070,1107.00,544.00,35.00,89.00,1,-1,-1,-1
255,3093,1139.00,544.00,34.00,86.00,1,-1,-1,-1
255,3094,1161.00,528.00,36.00,95.00,1,-1,-1,-1
255,3095,1202.00,530.00,31.00,81.00,1,-1,-1,-1
256,2931,131.00,601.00,35.00,95.00,1,-1,-1,-1
256,2932,896.00,518.00,21.00,51.00,1,-1,-1,-1
256,3019,976.00,369.00,122.00,246.00,1,-1,-1,-1
256,2925,1482.00,538.00,60.00,160.00,1,-1,-1,-1
256,3031,1380.00,569.00,67.00,157.00,1,-1,-1,-1
256,3085,1234.00,527.00,30.00,80.00,1,-1,-1,-1
256,3070,1111.00,541.00,38.00,95.00,1,-1,-1,-1
256,3093,1147.00,542.00,36.00,91.00,1,-1,-1,-1
256,3094,1172.00,539.00,31.00,80.00,1,-1,-1,-1
256,3095,1209.00,529.00,32.00,85.00,1,-1,-1,-1
256,3096,0.00,608.00,26.00,99.00,1,-1,-1,-1
257,2931,134.00,598.00,37.00,99.00,1,-1,-1,-1
257,2932,899.00,517.00,21.00,50.00,1,-1,-1,-1
257,3019,984.00,368.00,126.00,250.00,1,-1,-1,-1
257,2925,1494.00,537.00,59.00,157.00,1,-1,-1,-1
257,3031,1392.00,572.00,67.00,159.00,1,-1,-1,-1
257,3085,1239.00,518.00,32.00,85.00,1,-1,-1,-1
257,3070,1115.00,541.00,38.00,94.00,1,-1,-1,-1
257,3093,1141.00,537.00,37.00,94.00,1,-1,-1,-1
257,3094,1189.00,531.00,34.00,88.00,1,-1,-1,-1
257,3095,1215.00,525.00,34.00,90.00,1,-1,-1,-1
257,3096,-4.00,604.00,27.00,106.00,1,-1,-1,-1
258,2931,138.00,599.00,35.00,97.00,1,-1,-1,-1
258,2932,903.00,518.00,22.00,53.00,1,-1,-1,-1
258,3019,993.00,368.00,123.00,245.00,1,-1,-1,-1
258,2925,1498.00,532.00,62.00,168.00,1,-1,-1,-1
258,3031,1404.00,574.00,70.00,165.00,1,-1,-1,-1
258,3085,1244.00,523.00,33.00,88.00,1,-1,-1,-1
258,3070,1118.00,545.00,36.00,87.00,1,-1,-1,-1
258,3094,1203.00,534.00,32.00,82.00,1,-1,-1,-1
258,3095,1221.00,529.00,32.00,86.00,1,-1,-1,-1
258,3096,-2.00,607.00,26.00,103.00,1,-1,-1,-1
259,2931,142.00,601.00,34.00,94.00,1,-1,-1,-1
259,2932,909.00,516.00,22.00,53.00,1,-1,-1,-1
259,3019,996.00,366.00,126.00,251.00,1,-1,-1,-1
259,2925,1508.00,538.00,62.00,164.00,1,-1,-1,-1
259,3031,1412.00,575.00,73.00,171.00,1,-1,-1,-1
259,3085,1253.00,520.00,29.00,78.00,1,-1,-1,-1
259,3070,1122.00,541.00,37.00,90.00,1,-1,-1,-1
259,3095,1232.00,532.00,30.00,80.00,1,-1,-1,-1
259,3096,0.00,607.00,25.00,101.00,1,-1,-1,-1
260,2931,141.00,596.00,37.00,103.00,1,-1,-1,-1
260,2932,915.00,514.00,23.00,55.00,1,-1,-1,-1
260,3019,1002.00,363.00,124.00,249.00,1,-1,-1,-1
260,2925,1508.00,536.00,63.00,164.00,1,-1,-1,-1
260,3031,1422.00,578.00,72.00,174.00,1,-1,-1,-1
260,3085,1262.00,523.00,31.00,84.00,1,-1,-1,-1
260,3070,1129.00,542.00,37.00,91.00,1,-1,-1,-1
260,3095,1242.00,538.00,30.00,77.00,1,-1,-1,-1
260,3096,0.00,605.00,27.00,101.00,1,-1,-1,-1
261,2931,147.00,599.00,36.00,98.00,1,-1,-1,-1
261,2932,920.00,515.00,24.00,57.00,1,-1,-1,-1
261,3019,1027.00,364.00,124.00,243.00,1,-1,-1,-1
261,2925,1518.00,537.00,64.00,165.00,1,-1,-1,-1
261,3031,1438.00,576.00,74.00,177.00,1,-1,-1,-1
261,3085,1265.00,518.00,36.00,97.00,1,-1,-1,-1
261,3070,1132.00,543.00,39.00,94.00,1,-1,-1,-1
261,3096,6.00,611.00,27.00,99.00,1,-1,-1,-1
261,3093,1155.00,535.00,36.00,92.00,1,-1,-1,-1
262,2931,150.00,601.00,36.00,98.00,1,-1,-1,-1
262,2932,929.00,517.00,22.00,54.00,1,-1,-1,-1
262,3019,1040.00,353.00,133.00,258.00,1,-1,-1,-1
262,2925,1528.00,541.00,66.00,164.00,1,-1,-1,-1
262,3031,1447.00,574.00,76.00,183.00,1,-1,-1,-1
262,3085,1268.00,518.00,36.00,98.00,1,-1,-1,-1
262,3096,5.00,612.00,27.00,98.00,1,-1,-1,-1
262,3093,1159.00,529.00,41.00,102.00,1,-1,-1,-1
262,3095,1260.00,544.00,25.00,65.00,1,-1,-1,-1
263,2931,150.00,600.00,37.00,100.00,1,-1,-1,-1
263,2932,933.00,513.00,24.00,59.00,1,-1,-1,-1
263,3019,1039.00,365.00,129.00,252.00,1,-1,-1,-1
263,2925,1540.00,547.00,64.00,156.00,1,-1,-1,-1
263,3031,1465.00,576.00,74.00,179.00,1,-1,-1,-1
263,3085,1281.00,524.00,33.00,89.00,1,-1,-1,-1
263,3096,5.00,610.00,28.00,102.00,1,-1,-1,-1
263,3070,1147.00,544.00,39.00,96.00,1,-1,-1,-1
264,2931,151.00,601.00,36.00,100.00,1,-1,-1,-1
264,2932,937.00,515.00,24.00,58.00,1,-1,-1,-1
264,3019,1046.00,360.00,129.00,255.00,1,-1,-1,-1
264,2925,1554.00,543.00,67.00,159.00,1,-1,-1,-1
264,3031,1476.00,575.00,75.00,180.00,1,-1,-1,-1
264,3085,1286.00,519.00,32.00,87.00,1,-1,-1,-1
264,3096,8.00,608.00,29.00,103.00,1,-1,-1,-1
264,3097,1194.00,520.00,40.00,116.00,1,-1,-1,-1
264,3093,1165.00,540.00,39.00,97.00,1,-1,-1,-1
265,2931,155.00,604.00,36.00,99.00,1,-1,-1,-1
265,2932,942.00,514.00,24.00,56.00,1,-1,-1,-1
265,3019,1063.00,351.00,139.00,270.00,1,-1,-1,-1
265,2925,1561.00,548.00,69.00,160.00,1,-1,-1,-1
265,3031,1490.00,581.00,72.00,173.00,1,-1,-1,-1
265,3085,1293.00,519.00,31.00,84.00,1,-1,-1,-1
265,3096,10.00,613.00,28.00,97.00,1,-1,-1,-1
265,3097,1206.00,527.00,36.00,106.00,1,-1,-1,-1
266,2931,158.00,601.00,37.00,101.00,1,-1,-1,-1
266,2932,947.00,514.00,23.00,55.00,1,-1,-1,-1
266,3019,1077.00,357.00,137.00,264.00,1,-1,-1,-1
266,2925,1577.00,553.00,70.00,155.00,1,-1,-1,-1
266,3031,1506.00,586.00,69.00,165.00,1,-1,-1,-1
266,3085,1302.00,521.00,33.00,88.00,1,-1,-1,-1
266,3096,16.00,615.00,29.00,98.00,1,-1,-1,-1
266,3097,1215.00,539.00,36.00,105.00,1,-1,-1,-1
267,2931,158.00,601.00,38.00,104.00,1,-1,-1,-1
267,2932,952.00,517.00,22.00,51.00,1,-1,-1,-1
267,3019,1076.00,349.00,145.00,283.00,1,-1,-1,-1
267,2925,1578.00,553.00,74.00,163.00,1,-1,-1,-1
267,3031,1524.00,581.00,75.00,178.00,1,-1,-1,-1
267,3085,1310.00,523.00,32.00,87.00,1,-1,-1,-1
267,3096,19.00,619.00,27.00,92.00,1,-1,-1,-1
267,3097,1222.00,543.00,37.00,105.00,1,-1,-1,-1
268,2931,163.00,602.00,38.00,103.00,1,-1,-1,-1
268,2932,960.00,517.00,23.00,53.00,1,-1,-1,-1
268,3019,1082.00,352.00,147.00,290.00,1,-1,-1,-1
268,2925,1583.00,545.00,78.00,171.00,1,-1,-1,-1
268,3031,1536.00,588.00,77.00,180.00,1,-1,-1,-1
268,3085,1317.00,522.00,34.00,91.00,1,-1,-1,-1
268,3096,21.00,617.00,29.00,93.00,1,-1,-1,-1
268,3097,1231.00,543.00,36.00,104.00,1,-1,-1,-1
268,3082,1057.00,508.00,41.00,99.00,1,-1,-1,-1
269,2931,164.00,599.00,38.00,105.00,1,-1,-1,-1
269,2932,962.00,517.00,24.00,56.00,1,-1,-1,-1
269,3019,1098.00,364.00,141.00,282.00,1,-1,-1,-1
269,2925,1588.00,553.00,76.00,165.00,1,-1,-1,-1
269,3031,1544.00,592.00,76.00,182.00,1,-1,-1,-1
269,3085,1326.00,524.00,33.00,91.00,1,-1,-1,-1
269,3096,21.00,616.00,29.00,94.00,1,-1,-1,-1
269,3097,1234.00,551.00,34.00,95.00,1,-1,-1,-1
270,2931,165.00,598.00,38.00,103.00,1,-1,-1,-1
270,2932,967.00,516.00,25.00,57.00,1,-1,-1,-1
270,3019,1115.00,358.00,149.00,291.00,1,-1,-1,-1
270,2925,1588.00,535.00,88.00,193.00,1,-1,-1,-1
270,3031,1550.00,586.00,80.00,195.00,1,-1,-1,-1
270,3085,1334.00,525.00,33.00,89.00,1,-1,-1,-1
270,3096,23.00,611.00,31.00,96.00,1,-1,-1,-1
271,2931,172.00,594.00,37.00,102.00,1,-1,-1,-1
271,2932,973.00,516.00,23.00,53.00,1,-1,-1,-1
271,3019,1125.00,350.00,149.00,295.00,1,-1,-1,-1
271,2925,1599.00,535.00,89.00,194.00,1,-1,-1,-1
271,3031,1569.00,589.00,78.00,195.00,1,-1,-1,-1
271,3085,1343.00,526.00,33.00,88.00,1,-1,-1,-1
271,3096,26.00,609.00,32.00,98.00,1,-1,-1,-1
272,2931,172.00,595.00,38.00,104.00,1,-1,-1,-1
272,2932,980.00,516.00,23.00,52.00,1,-1,-1,-1
272,3019,1133.00,351.00,148.00,294.00,1,-1,-1,-1
272,2925,1615.00,546.00,87.00,190.00,1,-1,-1,-1
272,3031,1586.00,591.00,81.00,203.00,1,-1,-1,-1
272,3085,1351.00,528.00,33.00,88.00,1,-1,-1,-1
272,3096,26.00,608.00,33.00,98.00,1,-1,-1,-1
273,2931,180.00,595.00,37.00,101.00,1,-1,-1,-1
273,2932,984.00,517.00,22.00,50.00,1,-1,-1,-1
273,3019,1151.00,342.00,156.00,308.00,1,-1,-1,-1
273,2925,1623.00,542.00,96.00,209.00,1,-1,-1,-1
273,3031,1601.00,590.00,81.00,206.00,1,-1,-1,-1
273,3085,1357.00,527.00,34.00,90.00,1,-1,-1,-1
273,3096,28.00,604.00,34.00,100.00,1,-1,-1,-1
274,2931,182.00,592.00,38.00,104.00,1,-1,-1,-1
274,2932,991.00,517.00,21.00,48.00,1,-1,-1,-1
274,3019,1178.00,348.00,151.00,297.00,1,-1,-1,-1
274,3031,1617.00,595.00,81.00,207.00,1,-1,-1,-1
274,3085,1365.00,526.00,32.00,88.00,1,-1,-1,-1
274,3096,30.00,603.00,34.00,99.00,1,-1,-1,-1
275,2931,186.00,591.00,38.00,106.00,1,-1,-1,-1
275,2932,995.00,516.00,21.00,46.00,1,-1,-1,-1
275,3019,1189.00,337.00,153.00,298.00,1,-1,-1,-1
275,3031,1634.00,598.00,80.00,209.00,1,-1,-1,-1
275,3085,1373.00,525.00,32.00,88.00,1,-1,-1,-1
275,3096,33.00,608.00,33.00,95.00,1,-1,-1,-1
276,2931,187.00,589.00,40.00,110.00,1,-1,-1,-1
276,2932,1000.00,514.00,23.00,51.00,1,-1,-1,-1
276,3019,1206.00,331.00,157.00,305.00,1,-1,-1,-1
276,3031,1649.00,607.00,80.00,207.00,1,-1,-1,-1
276,3085,1379.00,524.00,33.00,92.00,1,-1,-1,-1
276,3096,32.00,604.00,36.00,102.00,1,-1,-1,-1
277,2931,190.00,589.00,40.00,111.00,1,-1,-1,-1
277,2932,1006.00,516.00,22.00,47.00,1,-1,-1,-1
277,3019,1229.00,332.00,165.00,317.00,1,-1,-1,-1
277,3031,1672.00,606.00,83.00,216.00,1,-1,-1,-1
277,3085,1388.00,522.00,36.00,95.00,1,-1,-1,-1
277,3096,34.00,603.00,36.00,101.00,1,-1,-1,-1
278,2931,194.00,591.00,39.00,108.00,1,-1,-1,-1
278,2932,1011.00,515.00,21.00,46.00,1,-1,-1,-1
278,3019,1248.00,328.00,172.00,322.00,1,-1,-1,-1
278,3031,1691.00,608.00,87.00,223.00,1,-1,-1,-1
278,3096,37.00,602.00,37.00,105.00,1,-1,-1,-1
278,3102,1184.00,532.00,25.00,69.00,1,-1,-1,-1
278,2925,1667.00,554.00,79.00,177.00,1,-1,-1,-1
279,2931,195.00,594.00,39.00,106.00,1,-1,-1,-1
279,2932,1015.00,515.00,20.00,44.00,1,-1,-1,-1
279,3019,1267.00,330.00,179.00,330.00,1,-1,-1,-1
279,3031,1708.00,605.00,92.00,232.00,1,-1,-1,-1
279,3096,37.00,605.00,38.00,104.00,1,-1,-1,-1
279,3102,1193.00,533.00,24.00,67.00,1,-1,-1,-1
279,2925,1674.00,549.00,80.00,184.00,1,-1,-1,-1
280,2931,197.00,593.00,39.00,108.00,1,-1,-1,-1
280,2932,1020.00,514.00,21.00,46.00,1,-1,-1,-1
280,3019,1272.00,319.00,184.00,336.00,1,-1,-1,-1
280,3031,1724.00,611.00,91.00,226.00,1,-1,-1,-1
280,3096,38.00,605.00,39.00,107.00,1,-1,-1,-1
280,2925,1693.00,553.00,79.00,182.00,1,-1,-1,-1
280,3093,1224.00,550.00,43.00,107.00,1,-1,-1,-1
281,2931,202.00,596.00,39.00,108.00,1,-1,-1,-1
281,2932,1027.00,512.00,23.00,49.00,1,-1,-1,-1
281,3019,1280.00,312.00,195.00,354.00,1,-1,-1,-1
281,3031,1742.00,611.00,93.00,232.00,1,-1,-1,-1
281,3096,41.00,608.00,39.00,108.00,1,-1,-1,-1
281,2925,1696.00,545.00,80.00,190.00,1,-1,-1,-1
281,3093,1234.00,542.00,45.00,109.00,1,-1,-1,-1
282,2931,202.00,596.00,40.00,110.00,1,-1,-1,-1
282,2932,1033.00,515.00,20.00,42.00,1,-1,-1,-1
282,3019,1281.00,292.00,214.00,390.00,1,-1,-1,-1
282,3031,1771.00,620.00,90.00,220.00,1,-1,-1,-1
282,3096,44.00,610.00,37.00,100.00,1,-1,-1,-1
282,2925,1713.00,548.00,78.00,188.00,1,-1,-1,-1
283,2931,206.00,596.00,41.00,113.00,1,-1,-1,-1
283,2932,1039.00,516.00,19.00,42.00,1,-1,-1,-1
283,3019,1315.00,295.00,210.00,380.00,1,-1,-1,-1
283,3031,1786.00,617.00,98.00,232.00,1,-1,-1,-1
283,3096,43.00,610.00,39.00,105.00,1,-1,-1,-1
283,2925,1732.00,550.00,77.00,182.00,1,-1,-1,-1
283,3093,1239.00,543.00,44.00,111.00,1,-1,-1,-1
284,2931,204.00,597.00,41.00,115.00,1,-1,-1,-1
284,2932,1042.00,514.00,21.00,45.00,1,-1,-1,-1
284,3019,1332.00,282.00,225.00,406.00,1,-1,-1,-1
284,3031,1804.00,615.00,102.00,243.00,1,-1,-1,-1
284,3096,47.00,610.00,40.00,109.00,1,-1,-1,-1
284,2925,1745.00,548.00,78.00,187.00,1,-1,-1,-1
284,3093,1242.00,544.00,44.00,110.00,1,-1,-1,-1
284,3097,1296.00,540.00,40.00,112.00,1,-1,-1,-1
285,2931,209.00,599.00,40.00,111.00,1,-1,-1,-1
285,2932,1048.00,514.00,22.00,48.00,1,-1,-1,-1
285,3019,1352.00,287.00,222.00,400.00,1,-1,-1,-1
285,3031,1822.00,619.00,97.00,230.00,1,-1,-1,-1
285,3096,50.00,611.00,39.00,107.00,1,-1,-1,-1
285,2925,1755.00,544.00,80.00,195.00,1,-1,-1,-1
285,3093,1249.00,539.00,47.00,117.00,1,-1,-1,-1
285,3097,1308.00,540.00,41.00,112.00,1,-1,-1,-1
286,2931,214.00,602.00,39.00,109.00,1,-1,-1,-1
286,2932,1052.00,514.00,22.00,48.00,1,-1,-1,-1
286,3019,1369.00,274.00,242.00,432.00,1,-1,-1,-1
286,3031,1837.00,619.00,97.00,234.00,1,-1,-1,-1
286,3096,51.00,614.00,40.00,106.00,1,-1,-1,-1
286,2925,1771.00,545.00,83.00,198.00,1,-1,-1,-1
286,3093,1255.00,539.00,46.00,117.00,1,-1,-1,-1
287,2931,215.00,608.00,38.00,106.00,1,-1,-1,-1
287,2932,1059.00,513.00,23.00,49.00,1,-1,-1,-1
287,3019,1399.00,270.00,246.00,437.00,1,-1,-1,-1
287,3031,1847.00,628.00,96.00,238.00,1,-1,-1,-1
287,3096,50.00,615.00,41.00,110.00,1,-1,-1,-1
287,2925,1787.00,548.00,80.00,193.00,1,-1,-1,-1
287,3093,1261.00,547.00,45.00,112.00,1,-1,-1,-1
287,3082,1123.00,507.00,33.00,85.00,1,-1,-1,-1
288,2931,220.00,605.00,39.00,107.00,1,-1,-1,-1
288,2932,1066.00,515.00,22.00,44.00,1,-1,-1,-1
288,3019,1408.00,254.00,259.00,466.00,1,-1,-1,-1
288,3096,50.00,616.00,42.00,112.00,1,-1,-1,-1
288,2925,1797.00,545.00,79.00,193.00,1,-1,-1,-1
288,3093,1267.00,551.00,45.00,113.00,1,-1,-1,-1
288,3107,1198.00,519.00,31.00,86.00,1,-1,-1,-1
288,3097,1311.00,535.00,45.00,122.00,1,-1,-1,-1
289,2931,223.00,604.00,41.00,115.00,1,-1,-1,-1
289,2932,1068.00,515.00,22.00,45.00,1,-1,-1,-1
289,3019,1410.00,242.00,273.00,496.00,1,-1,-1,-1
289,3096,53.00,617.00,42.00,110.00,1,-1,-1,-1
289,2925,1812.00,541.00,84.00,204.00,1,-1,-1,-1
289,3093,1275.00,558.00,43.00,110.00,1,-1,-1,-1
289,3107,1205.00,525.00,30.00,82.00,1,-1,-1,-1
290,2931,227.00,607.00,40.00,109.00,1,-1,-1,-1
290,2932,1073.00,511.00,22.00,47.00,1,-1,-1,-1
290,3019,1446.00,231.00,276.00,506.00,1,-1,-1,-1
290,3096,54.00,616.00,41.00,111.00,1,-1,-1,-1
290,2925,1830.00,539.00,84.00,206.00,1,-1,-1,-1
290,3093,1282.00,560.00,40.00,105.00,1,-1,-1,-1
290,3107,1211.00,524.00,32.00,86.00,1,-1,-1,-1
291,2931,227.00,607.00,39.00,109.00,1,-1,-1,-1
291,2932,1077.00,511.00,25.00,49.00,1,-1,-1,-1
291,3019,1485.00,229.00,278.00,513.00,1,-1,-1,-1
291,3096,57.00,620.00,41.00,110.00,1,-1,-1,-1
291,2925,1845.00,541.00,83.00,204.00,1,-1,-1,-1
291,3093,1283.00,562.00,42.00,111.00,1,-1,-1,-1
291,3107,1220.00,525.00,31.00,86.00,1,-1,-1,-1
292,2931,228.00,609.00,41.00,113.00,1,-1,-1,-1
292,2932,1084.00,509.00,25.00,51.00,1,-1,-1,-1
292,3019,1520.00,228.00,286.00,525.00,1,-1,-1,-1
292,3096,62.00,625.00,40.00,106.00,1,-1,-1,-1
292,2925,1851.00,535.00,85.00,211.00,1,-1,-1,-1
292,3093,1293.00,564.00,43.00,109.00,1,-1,-1,-1
293,2931,232.00,610.00,41.00,112.00,1,-1,-1,-1
293,2932,1088.00,509.00,25.00,49.00,1,-1,-1,-1
293,3019,1559.00,217.00,290.00,532.00,1,-1,-1,-1
293,3096,63.00,627.00,42.00,109.00,1,-1,-1,-1
293,2925,1852.00,535.00,85.00,219.00,1,-1,-1,-1
293,3093,1297.00,560.00,43.00,112.00,1,-1,-1,-1
294,2931,233.00,612.00,42.00,115.00,1,-1,-1,-1
294,2932,1092.00,509.00,24.00,49.00,1,-1,-1,-1
294,3019,1581.00,204.00,311.00,572.00,1,-1,-1,-1
294,3096,61.00,626.00,43.00,113.00,1,-1,-1,-1
294,3093,1302.00,559.00,41.00,105.00,1,-1,-1,-1
295,2931,236.00,614.00,41.00,111.00,1,-1,-1,-1
295,2932,1097.00,509.00,25.00,51.00,1,-1,-1,-1
295,3019,1601.00,197.00,321.00,593.00,1,-1,-1,-1
295,3096,60.00,625.00,43.00,114.00,1,-1,-1,-1
295,3093,1305.00,556.00,46.00,119.00,1,-1,-1,-1
295,3107,1240.00,528.00,29.00,76.00,1,-1,-1,-1
296,2931,234.00,618.00,41.00,113.00,1,-1,-1,-1
296,2932,1103.00,513.00,25.00,53.00,1,-1,-1,-1
296,3019,1636.00,199.00,314.00,585.00,1,-1,-1,-1
296,3096,63.00,627.00,42.00,110.00,1,-1,-1,-1
296,3093,1308.00,574.00,48.00,124.00,1,-1,-1,-1
297,2931,235.00,620.00,40.00,113.00,1,-1,-1,-1
297,2932,1105.00,512.00,26.00,54.00,1,-1,-1,-1
297,3019,1656.00,194.00,321.00,607.00,1,-1,-1,-1
297,3096,64.00,631.00,42.00,109.00,1,-1,-1,-1
297,3093,1314.00,573.00,48.00,125.00,1,-1,-1,-1
298,2931,233.00,616.00,43.00,119.00,1,-1,-1,-1
298,2932,1110.00,514.00,26.00,55.00,1,-1,-1,-1
298,3019,1649.00,176.00,337.00,659.00,1,-1,-1,-1
298,3096,63.00,628.00,44.00,115.00,1,-1,-1,-1
299,2931,237.00,619.00,41.00,116.00,1,-1,-1,-1
299,2932,1114.00,513.00,26.00,55.00,1,-1,-1,-1
299,3096,64.00,626.00,44.00,114.00,1,-1,-1,-1
300,2931,235.00,618.00,42.00,120.00,1,-1,-1,-1
300,2932,1119.00,516.00,26.00,55.00,1,-1,-1,-1
300,3096,63.00,625.00,46.00,122.00,1,-1,-1,-1
301,2931,237.00,618.00,42.00,119.00,1,-1,-1,-1
301,2932,1122.00,515.00,26.00,57.00,1,-1,-1,-1
301,3096,63.00,625.00,48.00,125.00,1,-1,-1,-1
302,2931,237.00,618.00,42.00,119.00,1,-1,-1,-1
302,2932,1128.00,515.00,26.00,56.00,1,-1,-1,-1
302,3096,64.00,625.00,47.00,123.00,1,-1,-1,-1
303,2931,246.00,619.00,41.00,115.00,1,-1,-1,-1
303,2932,1133.00,516.00,25.00,56.00,1,-1,-1,-1
303,3096,64.00,631.00,45.00,117.00,1,-1,-1,-1
303,3085,1595.00,523.00,40.00,108.00,1,-1,-1,-1
304,2931,240.00,625.00,41.00,113.00,1,-1,-1,-1
304,2932,1138.00,519.00,26.00,57.00,1,-1,-1,-1
304,3096,64.00,629.00,46.00,120.00,1,-1,-1,-1
305,2931,236.00,628.00,43.00,120.00,1,-1,-1,-1
305,2932,1142.00,522.00,25.00,56.00,1,-1,-1,-1
305,3096,65.00,634.00,45.00,119.00,1,-1,-1,-1
305,3085,1612.00,526.00,44.00,118.00,1,-1,-1,-1
306,2931,239.00,636.00,41.00,114.00,1,-1,-1,-1
306,2932,1148.00,524.00,25.00,55.00,1,-1,-1,-1
306,3096,64.00,635.00,47.00,122.00,1,-1,-1,-1
306,3085,1619.00,535.00,44.00,115.00,1,-1,-1,-1
307,2931,237.00,636.00,41.00,117.00,1,-1,-1,-1
307,2932,1152.00,525.00,26.00,57.00,1,-1,-1,-1
307,3096,64.00,637.00,46.00,120.00,1,-1,-1,-1
308,2931,238.00,641.00,42.00,116.00,1,-1,-1,-1
308,2932,1156.00,527.00,25.00,56.00,1,-1,-1,-1
308,3096,63.00,641.00,47.00,121.00,1,-1,-1,-1
309,2931,238.00,639.00,43.00,121.00,1,-1,-1,-1
309,2932,1160.00,528.00,25.00,54.00,1,-1,-1,-1
309,3096,66.00,641.00,49.00,124.00,1,-1,-1,-1
309,3085,1643.00,534.00,45.00,121.00,1,-1,-1,-1
310,2931,239.00,641.00,42.00,116.00,1,-1,-1,-1
310,2932,1165.00,530.00,25.00,55.00,1,-1,-1,-1
310,3096,65.00,642.00,46.00,119.00,1,-1,-1,-1
310,3119,1235.00,521.00,24.00,61.00,1,-1,-1,-1
310,3120,1262.00,517.00,23.00,56.00,1,-1,-1,-1
310,3121,1291.00,562.00,24.00,58.00,1,-1,-1,-1
310,3085,1653.00,538.00,45.00,120.00,1,-1,-1,-1
311,2931,239.00,643.00,42.00,117.00,1,-1,-1,-1
311,2932,1168.00,527.00,26.00,59.00,1,-1,-1,-1
311,3096,58.00,639.00,50.00,130.00,1,-1,-1,-1
311,3119,1241.00,518.00,24.00,59.00,1,-1,-1,-1
311,3120,1263.00,514.00,23.00,57.00,1,-1,-1,-1
311,3085,1658.00,538.00,44.00,118.00,1,-1,-1,-1
312,2931,237.00,645.00,42.00,119.00,1,-1,-1,-1
312,2932,1172.00,528.00,24.00,54.00,1,-1,-1,-1
312,3096,56.00,647.00,47.00,121.00,1,-1,-1,-1
312,3119,1246.00,517.00,24.00,62.00,1,-1,-1,-1
312,3120,1265.00,513.00,24.00,59.00,1,-1,-1,-1
312,3085,1662.00,539.00,46.00,121.00,1,-1,-1,-1
312,3121,1286.00,554.00,26.00,65.00,1,-1,-1,-1
313,2931,236.00,647.00,42.00,119.00,1,-1,-1,-1
313,2932,1179.00,529.00,24.00,52.00,1,-1,-1,-1
313,3096,58.00,647.00,48.00,122.00,1,-1,-1,-1
313,3119,1252.00,523.00,23.00,58.00,1,-1,-1,-1
313,3120,1271.00,515.00,24.00,57.00,1,-1,-1,-1
313,3122,256.00,630.00,39.00,111.00,1,-1,-1,-1
313,3093,1373.00,595.00,52.00,136.00,1,-1,-1,-1
314,2931,236.00,647.00,43.00,119.00,1,-1,-1,-1
314,2932,1182.00,528.00,25.00,55.00,1,-1,-1,-1
314,3096,57.00,650.00,48.00,120.00,1,-1,-1,-1
314,3119,1256.00,521.00,23.00,56.00,1,-1,-1,-1
314,3120,1279.00,518.00,21.00,52.00,1,-1,-1,-1
315,2931,236.00,648.00,43.00,119.00,1,-1,-1,-1
315,2932,1187.00,531.00,25.00,53.00,1,-1,-1,-1
315,3096,52.00,649.00,48.00,122.00,1,-1,-1,-1
315,3119,1262.00,522.00,23.00,56.00,1,-1,-1,-1
315,3120,1287.00,519.00,20.00,49.00,1,-1,-1,-1
315,3093,1399.00,645.00,33.00,87.00,1,-1,-1,-1
316,2931,238.00,648.00,43.00,120.00,1,-1,-1,-1
316,2932,1188.00,527.00,28.00,61.00,1,-1,-1,-1
316,3096,51.00,647.00,48.00,125.00,1,-1,-1,-1
316,3119,1263.00,520.00,23.00,59.00,1,-1,-1,-1
316,3120,1289.00,520.00,21.00,50.00,1,-1,-1,-1
316,3093,1404.00,646.00,34.00,91.00,1,-1,-1,-1
317,2931,243.00,650.00,43.00,118.00,1,-1,-1,-1
317,2932,1189.00,526.00,27.00,61.00,1,-1,-1,-1
317,3096,50.00,647.00,50.00,127.00,1,-1,-1,-1
317,3119,1268.00,520.00,24.00,61.00,1,-1,-1,-1
317,3120,1293.00,520.00,21.00,51.00,1,-1,-1,-1
318,2931,238.00,650.00,44.00,122.00,1,-1,-1,-1
318,2932,1194.00,528.00,26.00,59.00,1,-1,-1,-1
318,3096,49.00,652.00,49.00,126.00,1,-1,-1,-1
318,3119,1274.00,520.00,24.00,59.00,1,-1,-1,-1
318,3120,1296.00,519.00,22.00,52.00,1,-1,-1,-1
318,3093,1395.00,602.00,51.00,137.00,1,-1,-1,-1
319,2931,234.00,650.00,44.00,122.00,1,-1,-1,-1
319,2932,1201.00,530.00,25.00,57.00,1,-1,-1,-1
319,3096,48.00,652.00,49.00,126.00,1,-1,-1,-1
319,3119,1279.00,521.00,22.00,56.00,1,-1,-1,-1
319,3120,1303.00,518.00,22.00,52.00,1,-1,-1,-1
320,2931,226.00,645.00,46.00,126.00,1,-1,-1,-1
320,2932,1203.00,529.00,25.00,56.00,1,-1,-1,-1
320,3096,48.00,653.00,48.00,124.00,1,-1,-1,-1
320,3119,1281.00,521.00,22.00,55.00,1,-1,-1,-1
320,3120,1305.00,518.00,23.00,54.00,1,-1,-1,-1
320,3122,247.00,651.00,43.00,121.00,1,-1,-1,-1
321,2931,230.00,649.00,45.00,127.00,1,-1,-1,-1
321,2932,1204.00,527.00,27.00,60.00,1,-1,-1,-1
321,3096,43.00,657.00,50.00,126.00,1,-1,-1,-1
321,3119,1284.00,521.00,23.00,56.00,1,-1,-1,-1
321,3120,1310.00,517.00,22.00,54.00,1,-1,-1,-1
321,3122,252.00,643.00,41.00,114.00,1,-1,-1,-1
321,3093,1414.00,603.00,45.00,113.00,1,-1,-1,-1
322,2931,235.00,646.00,44.00,126.00,1,-1,-1,-1
322,2932,1207.00,529.00,26.00,58.00,1,-1,-1,-1
322,3096,43.00,653.00,50.00,127.00,1,-1,-1,-1
322,3119,1290.00,521.00,23.00,58.00,1,-1,-1,-1
322,3120,1314.00,516.00,22.00,53.00,1,-1,-1,-1
323,2931,234.00,648.00,45.00,126.00,1,-1,-1,-1
323,2932,1212.00,528.00,25.00,57.00,1,-1,-1,-1
323,3096,38.00,652.00,52.00,132.00,1,-1,-1,-1
323,3119,1291.00,518.00,24.00,59.00,1,-1,-1,-1
323,3120,1318.00,518.00,21.00,52.00,1,-1,-1,-1
324,2931,238.00,650.00,43.00,123.00,1,-1,-1,-1
324,2932,1215.00,524.00,26.00,60.00,1,-1,-1,-1
324,3096,38.00,652.00,51.00,131.00,1,-1,-1,-1
324,3119,1294.00,517.00,24.00,60.00,1,-1,-1,-1
324,3120,1322.00,516.00,22.00,51.00,1,-1,-1,-1
324,3124,1498.00,548.00,30.00,81.00,1,-1,-1,-1
325,2931,225.00,643.00,45.00,129.00,1,-1,-1,-1
325,2932,1218.00,525.00,26.00,59.00,1,-1,-1,-1
325,3096,32.00,650.00,53.00,136.00,1,-1,-1,-1
325,3119,1296.00,518.00,24.00,58.00,1,-1,-1,-1
325,3120,1327.00,514.00,22.00,53.00,1,-1,-1,-1
325,3124,1504.00,548.00,28.00,78.00,1,-1,-1,-1
325,3122,243.00,647.00,45.00,124.00,1,-1,-1,-1
326,2931,230.00,649.00,44.00,123.00,1,-1,-1,-1
326,2932,1220.00,523.00,26.00,59.00,1,-1,-1,-1
326,3096,27.00,655.00,53.00,136.00,1,-1,-1,-1
326,3119,1300.00,519.00,24.00,59.00,1,-1,-1,-1
326,3120,1330.00,515.00,21.00,52.00,1,-1,-1,-1
326,3124,1510.00,547.00,29.00,79.00,1,-1,-1,-1
326,3125,1453.00,529.00,34.00,91.00,1,-1,-1,-1
327,2931,226.00,651.00,45.00,127.00,1,-1,-1,-1
327,2932,1223.00,523.00,26.00,57.00,1,-1,-1,-1
327,3096,24.00,650.00,54.00,138.00,1,-1,-1,-1
327,3119,1305.00,519.00,23.00,55.00,1,-1,-1,-1
327,3120,1332.00,513.00,21.00,52.00,1,-1,-1,-1
327,3124,1518.00,549.00,29.00,78.00,1,-1,-1,-1
327,3125,1461.00,527.00,33.00,91.00,1,-1,-1,-1
327,3127,1480.00,552.00,29.00,81.00,1,-1,-1,-1
327,3093,1427.00,608.00,53.00,128.00,1,-1,-1,-1
328,2931,224.00,653.00,45.00,126.00,1,-1,-1,-1
328,2932,1227.00,523.00,26.00,59.00,1,-1,-1,-1
328,3096,21.00,653.00,53.00,135.00,1,-1,-1,-1
328,3119,1307.00,518.00,23.00,56.00,1,-1,-1,-1
328,3120,1335.00,513.00,23.00,54.00,1,-1,-1,-1
328,3124,1524.00,549.00,30.00,79.00,1,-1,-1,-1
328,3125,1469.00,530.00,31.00,84.00,1,-1,-1,-1
328,3127,1485.00,554.00,29.00,79.00,1,-1,-1,-1
328,3093,1427.00,604.00,58.00,138.00,1,-1,-1,-1
329,2931,222.00,651.00,45.00,125.00,1,-1,-1,-1
329,2932,1228.00,521.00,26.00,60.00,1,-1,-1,-1
329,3096,17.00,656.00,51.00,132.00,1,-1,-1,-1
329,3119,1309.00,516.00,24.00,56.00,1,-1,-1,-1
329,3120,1338.00,512.00,21.00,50.00,1,-1,-1,-1
329,3124,1528.00,546.00,29.00,80.00,1,-1,-1,-1
329,3125,1476.00,527.00,31.00,85.00,1,-1,-1,-1
329,3127,1493.00,547.00,30.00,85.00,1,-1,-1,-1
329,3093,1427.00,610.00,57.00,135.00,1,-1,-1,-1
329,3130,1460.00,525.00,35.00,98.00,1,-1,-1,-1
330,2931,214.00,650.00,45.00,127.00,1,-1,-1,-1
330,2932,1232.00,521.00,25.00,59.00,1,-1,-1,-1
330,3096,12.00,657.00,49.00,126.00,1,-1,-1,-1
330,3119,1312.00,514.00,23.00,57.00,1,-1,-1,-1
330,3120,1340.00,509.00,22.00,52.00,1,-1,-1,-1
330,3124,1532.00,544.00,29.00,81.00,1,-1,-1,-1
330,3125,1477.00,528.00,30.00,82.00,1,-1,-1,-1
330,3127,1502.00,542.00,31.00,89.00,1,-1,-1,-1
330,3122,228.00,631.00,48.00,135.00,1,-1,-1,-1
331,2931,214.00,650.00,46.00,128.00,1,-1,-1,-1
331,2932,1235.00,518.00,26.00,59.00,1,-1,-1,-1
331,3096,14.00,654.00,49.00,129.00,1,-1,-1,-1
331,3119,1312.00,509.00,25.00,61.00,1,-1,-1,-1
331,3120,1339.00,505.00,23.00,57.00,1,-1,-1,-1
331,3124,1538.00,542.00,31.00,82.00,1,-1,-1,-1
331,3125,1473.00,519.00,34.00,92.00,1,-1,-1,-1
331,3127,1505.00,538.00,31.00,88.00,1,-1,-1,-1
331,3093,1432.00,605.00,57.00,130.00,1,-1,-1,-1
332,2931,210.00,644.00,46.00,131.00,1,-1,-1,-1
332,2932,1240.00,515.00,24.00,57.00,1,-1,-1,-1
332,3096,7.00,653.00,49.00,127.00,1,-1,-1,-1
332,3119,1317.00,506.00,24.00,58.00,1,-1,-1,-1
332,3120,1343.00,499.00,24.00,58.00,1,-1,-1,-1
332,3124,1544.00,539.00,32.00,86.00,1,-1,-1,-1
332,3125,1481.00,524.00,31.00,84.00,1,-1,-1,-1
332,3127,1510.00,538.00,30.00,81.00,1,-1,-1,-1
332,3130,1461.00,521.00,34.00,96.00,1,-1,-1,-1
333,2931,207.00,645.00,45.00,128.00,1,-1,-1,-1
333,2932,1237.00,510.00,26.00,60.00,1,-1,-1,-1
333,3096,2.00,651.00,49.00,128.00,1,-1,-1,-1
333,3119,1318.00,505.00,24.00,58.00,1,-1,-1,-1
333,3120,1344.00,498.00,25.00,58.00,1,-1,-1,-1
333,3124,1547.00,531.00,33.00,89.00,1,-1,-1,-1
333,3125,1484.00,520.00,33.00,89.00,1,-1,-1,-1
333,3127,1513.00,540.00,28.00,77.00,1,-1,-1,-1
333,3130,1454.00,523.00,31.00,86.00,1,-1,-1,-1
334,2931,203.00,639.00,48.00,134.00,1,-1,-1,-1
334,2932,1237.00,507.00,26.00,60.00,1,-1,-1,-1
334,3096,-5.00,652.00,48.00,129.00,1,-1,-1,-1
334,3119,1323.00,506.00,21.00,53.00,1,-1,-1,-1
334,3120,1347.00,494.00,24.00,56.00,1,-1,-1,-1
334,3124,1553.00,530.00,32.00,85.00,1,-1,-1,-1
334,3125,1490.00,517.00,32.00,88.00,1,-1,-1,-1
334,3127,1517.00,538.00,27.00,76.00,1,-1,-1,-1
334,3130,1452.00,516.00,30.00,85.00,1,-1,-1,-1
335,2931,203.00,635.00,48.00,137.00,1,-1,-1,-1
335,2932,1242.00,503.00,25.00,60.00,1,-1,-1,-1
335,3096,-12.00,653.00,49.00,132.00,1,-1,-1,-1
335,3119,1325.00,503.00,23.00,55.00,1,-1,-1,-1
335,3120,1346.00,493.00,24.00,56.00,1,-1,-1,-1
335,3124,1559.00,528.00,31.00,82.00,1,-1,-1,-1
335,3125,1494.00,515.00,33.00,89.00,1,-1,-1,-1
335,3127,1521.00,534.00,29.00,78.00,1,-1,-1,-1
335,3130,1457.00,515.00,30.00,83.00,1,-1,-1,-1
336,2931,197.00,637.00,48.00,139.00,1,-1,-1,-1
336,2932,1244.00,503.00,24.00,56.00,1,-1,-1,-1
336,3096,-18.00,650.00,47.00,136.00,1,-1,-1,-1
336,3119,1325.00,497.00,24.00,59.00,1,-1,-1,-1
336,3120,1348.00,490.00,25.00,58.00,1,-1,-1,-1
336,3124,1562.00,527.00,30.00,82.00,1,-1,-1,-1
336,3125,1494.00,508.00,34.00,93.00,1,-1,-1,-1
336,3127,1526.00,531.00,28.00,78.00,1,-1,-1,-1
336,3130,1458.00,515.00,29.00,80.00,1,-1,-1,-1
337,2931,193.00,642.00,47.00,133.00,1,-1,-1,-1
337,2932,1245.00,506.00,24.00,56.00,1,-1,-1,-1
337,3096,-21.00,648.00,48.00,143.00,1,-1,-1,-1
337,3119,1328.00,499.00,23.00,54.00,1,-1,-1,-1
337,3120,1351.00,489.00,24.00,57.00,1,-1,-1,-1
337,3124,1564.00,524.00,33.00,88.00,1,-1,-1,-1
337,3125,1497.00,510.00,34.00,92.00,1,-1,-1,-1
337,3130,1461.00,515.00,31.00,81.00,1,-1,-1,-1
338,2931,185.00,649.00,48.00,137.00,1,-1,-1,-1
338,2932,1249.00,505.00,24.00,56.00,1,-1,-1,-1
338,3096,-21.00,660.00,44.00,132.00,1,-1,-1,-1
338,3119,1328.00,495.00,25.00,58.00,1,-1,-1,-1
338,3120,1353.00,490.00,25.00,58.00,1,-1,-1,-1
338,3124,1570.00,524.00,36.00,95.00,1,-1,-1,-1
338,3125,1504.00,510.00,34.00,92.00,1,-1,-1,-1
338,3130,1464.00,514.00,29.00,77.00,1,-1,-1,-1
338,3122,211.00,637.00,41.00,114.00,1,-1,-1,-1
339,2931,178.00,652.00,48.00,137.00,1,-1,-1,-1
339,2932,1254.00,506.00,22.00,53.00,1,-1,-1,-1
339,3119,1331.00,497.00,23.00,55.00,1,-1,-1,-1
339,3120,1352.00,492.00,25.00,59.00,1,-1,-1,-1
339,3124,1572.00,521.00,37.00,99.00,1,-1,-1,-1
339,3125,1507.00,514.00,33.00,87.00,1,-1,-1,-1
339,3130,1464.00,513.00,31.00,81.00,1,-1,-1,-1
339,3122,202.00,637.00,47.00,128.00,1,-1,-1,-1
340,2931,172.00,656.00,47.00,136.00,1,-1,-1,-1
340,2932,1254.00,505.00,21.00,52.00,1,-1,-1,-1
340,3119,1333.00,497.00,24.00,56.00,1,-1,-1,-1
340,3120,1354.00,491.00,26.00,59.00,1,-1,-1,-1
340,3124,1582.00,528.00,33.00,88.00,1,-1,-1,-1
340,3125,1506.00,509.00,36.00,97.00,1,-1,-1,-1
340,3130,1465.00,509.00,33.00,87.00,1,-1,-1,-1
340,3122,199.00,638.00,45.00,124.00,1,-1,-1,-1
341,2931,163.00,661.00,48.00,137.00,1,-1,-1,-1
341,2932,1255.00,504.00,22.00,53.00,1,-1,-1,-1
341,3119,1335.00,498.00,24.00,55.00,1,-1,-1,-1
341,3120,1356.00,494.00,25.00,57.00,1,-1,-1,-1
341,3124,1589.00,537.00,29.00,78.00,1,-1,-1,-1
341,3125,1510.00,513.00,34.00,93.00,1,-1,-1,-1
341,3130,1469.00,517.00,32.00,83.00,1,-1,-1,-1
341,3122,186.00,644.00,50.00,136.00,1,-1,-1,-1
342,2931,160.00,663.00,47.00,138.00,1,-1,-1,-1
342,2932,1255.00,505.00,22.00,54.00,1,-1,-1,-1
342,3119,1334.00,498.00,25.00,59.00,1,-1,-1,-1
342,3120,1357.00,495.00,24.00,57.00,1,-1,-1,-1
342,3124,1593.00,534.00,31.00,84.00,1,-1,-1,-1
342,3125,1512.00,515.00,35.00,94.00,1,-1,-1,-1
342,3130,1470.00,514.00,34.00,89.00,1,-1,-1,-1
342,3122,180.00,644.00,52.00,140.00,1,-1,-1,-1
343,2931,154.00,668.00,47.00,136.00,1,-1,-1,-1
343,2932,1256.00,508.00,21.00,52.00,1,-1,-1,-1
343,3119,1336.00,500.00,24.00,59.00,1,-1,-1,-1
343,3120,1360.00,498.00,24.00,56.00,1,-1,-1,-1
343,3125,1516.00,520.00,33.00,90.00,1,-1,-1,-1
343,3130,1475.00,518.00,33.00,84.00,1,-1,-1,-1
343,3122,180.00,648.00,47.00,129.00,1,-1,-1,-1
344,2931,151.00,672.00,47.00,136.00,1,-1,-1,-1
344,2932,1257.00,516.00,21.00,51.00,1,-1,-1,-1
344,3119,1336.00,503.00,26.00,61.00,1,-1,-1,-1
344,3120,1360.00,499.00,25.00,58.00,1,-1,-1,-1
344,3125,1519.00,523.00,33.00,92.00,1,-1,-1,-1
344,3130,1475.00,520.00,34.00,83.00,1,-1,-1,-1
344,3122,174.00,656.00,47.00,131.00,1,-1,-1,-1
345,2931,140.00,674.00,48.00,140.00,1,-1,-1,-1
345,2932,1255.00,520.00,20.00,51.00,1,-1,-1,-1
345,3119,1335.00,505.00,27.00,63.00,1,-1,-1,-1
345,3120,1363.00,503.00,24.00,57.00,1,-1,-1,-1
345,3125,1518.00,525.00,35.00,97.00,1,-1,-1,-1
345,3130,1477.00,528.00,33.00,82.00,1,-1,-1,-1
345,3122,169.00,662.00,48.00,132.00,1,-1,-1,-1
346,2931,132.00,676.00,48.00,143.00,1,-1,-1,-1
346,2932,1257.00,522.00,20.00,50.00,1,-1,-1,-1
346,3119,1339.00,509.00,26.00,62.00,1,-1,-1,-1
346,3120,1362.00,506.00,26.00,60.00,1,-1,-1,-1
346,3125,1522.00,532.00,35.00,96.00,1,-1,-1,-1
346,3130,1479.00,531.00,34.00,84.00,1,-1,-1,-1
346,3122,168.00,665.00,44.00,118.00,1,-1,-1,-1
347,2931,126.00,684.00,46.00,134.00,1,-1,-1,-1
347,2932,1259.00,526.00,22.00,53.00,1,-1,-1,-1
347,3119,1340.00,514.00,25.00,57.00,1,-1,-1,-1
347,3120,1365.00,512.00,24.00,55.00,1,-1,-1,-1
347,3125,1525.00,534.00,34.00,94.00,1,-1,-1,-1
347,3130,1479.00,535.00,34.00,82.00,1,-1,-1,-1
347,3122,165.00,670.00,44.00,118.00,1,-1,-1,-1
348,2931,113.00,688.00,51.00,147.00,1,-1,-1,-1
348,2932,1260.00,531.00,21.00,54.00,1,-1,-1,-1
348,3119,1342.00,515.00,25.00,59.00,1,-1,-1,-1
348,3120,1366.00,515.00,25.00,57.00,1,-1,-1,-1
348,3125,1525.00,532.00,36.00,98.00,1,-1,-1,-1
348,3130,1481.00,536.00,34.00,85.00,1,-1,-1,-1
348,3122,150.00,665.00,52.00,143.00,1,-1,-1,-1
349,2931,111.00,689.00,48.00,140.00,1,-1,-1,-1
349,2932,1261.00,533.00,20.00,53.00,1,-1,-1,-1
349,3119,1342.00,516.00,26.00,61.00,1,-1,-1,-1
349,3120,1366.00,515.00,25.00,58.00,1,-1,-1,-1
349,3125,1527.00,533.00,37.00,102.00,1,-1,-1,-1
349,3130,1484.00,539.00,34.00,84.00,1,-1,-1,-1
349,3122,146.00,671.00,53.00,144.00,1,-1,-1,-1
350,2931,109.00,702.00,47.00,137.00,1,-1,-1,-1
350,2932,1261.00,533.00,20.00,53.00,1,-1,-1,-1
350,3119,1345.00,519.00,26.00,60.00,1,-1,-1,-1
350,3120,1368.00,516.00,26.00,61.00,1,-1,-1,-1
350,3125,1530.00,535.00,37.00,101.00,1,-1,-1,-1
350,3130,1485.00,537.00,39.00,95.00,1,-1,-1,-1
351,2931,106.00,698.00,46.00,133.00,1,-1,-1,-1
351,2932,1267.00,533.00,21.00,56.00,1,-1,-1,-1
351,3119,1348.00,518.00,25.00,58.00,1,-1,-1,-1
351,3120,1368.00,515.00,26.00,62.00,1,-1,-1,-1
351,3125,1534.00,536.00,36.00,101.00,1,-1,-1,-1
351,3130,1488.00,537.00,38.00,93.00,1,-1,-1,-1
352,2931,99.00,702.00,50.00,144.00,1,-1,-1,-1
352,2932,1269.00,534.00,22.00,56.00,1,-1,-1,-1
352,3119,1349.00,521.00,25.00,57.00,1,-1,-1,-1
352,3120,1371.00,518.00,24.00,57.00,1,-1,-1,-1
352,3125,1535.00,538.00,37.00,102.00,1,-1,-1,-1
352,3130,1494.00,541.00,36.00,90.00,1,-1,-1,-1
353,2931,90.00,705.00,51.00,145.00,1,-1,-1,-1
353,2932,1270.00,534.00,22.00,57.00,1,-1,-1,-1
353,3119,1349.00,522.00,27.00,62.00,1,-1,-1,-1
353,3120,1371.00,522.00,25.00,58.00,1,-1,-1,-1
353,3125,1539.00,540.00,36.00,99.00,1,-1,-1,-1
353,3130,1496.00,543.00,36.00,88.00,1,-1,-1,-1
354,2931,81.00,701.00,55.00,158.00,1,-1,-1,-1
354,2932,1272.00,537.00,21.00,56.00,1,-1,-1,-1
354,3119,1352.00,522.00,26.00,60.00,1,-1,-1,-1
354,3120,1374.00,522.00,25.00,60.00,1,-1,-1,-1
354,3125,1543.00,539.00,36.00,101.00,1,-1,-1,-1
354,3130,1499.00,545.00,36.00,91.00,1,-1,-1,-1
354,3122,121.00,674.00,54.00,150.00,1,-1,-1,-1
355,2931,78.00,700.00,58.00,162.00,1,-1,-1,-1
355,2932,1276.00,535.00,21.00,55.00,1,-1,-1,-1
355,3119,1354.00,523.00,26.00,59.00,1,-1,-1,-1
355,3120,1372.00,525.00,25.00,59.00,1,-1,-1,-1
355,3125,1545.00,540.00,36.00,102.00,1,-1,-1,-1
355,3130,1500.00,548.00,37.00,92.00,1,-1,-1,-1
355,3138,1480.00,545.00,35.00,92.00,1,-1,-1,-1
355,3122,116.00,671.00,56.00,156.00,1,-1,-1,-1
356,2931,63.00,704.00,57.00,161.00,1,-1,-1,-1
356,2932,1277.00,537.00,22.00,57.00,1,-1,-1,-1
356,3119,1351.00,522.00,27.00,61.00,1,-1,-1,-1
356,3120,1374.00,526.00,24.00,58.00,1,-1,-1,-1
356,3125,1549.00,545.00,35.00,99.00,1,-1,-1,-1
356,3130,1499.00,548.00,38.00,94.00,1,-1,-1,-1
356,3122,112.00,676.00,56.00,155.00,1,-1,-1,-1
357,2931,62.00,698.00,60.00,170.00,1,-1,-1,-1
357,2932,1275.00,542.00,22.00,55.00,1,-1,-1,-1
357,3119,1354.00,527.00,25.00,57.00,1,-1,-1,-1
357,3120,1373.00,526.00,25.00,59.00,1,-1,-1,-1
357,3125,1548.00,546.00,37.00,105.00,1,-1,-1,-1
357,3130,1505.00,552.00,36.00,89.00,1,-1,-1,-1
357,3138,1484.00,554.00,35.00,93.00,1,-1,-1,-1
358,2931,63.00,702.00,59.00,161.00,1,-1,-1,-1
358,2932,1277.00,543.00,20.00,55.00,1,-1,-1,-1
358,3119,1355.00,526.00,25.00,60.00,1,-1,-1,-1
358,3120,1373.00,525.00,26.00,62.00,1,-1,-1,-1
358,3125,1550.00,546.00,37.00,104.00,1,-1,-1,-1
358,3130,1508.00,548.00,37.00,92.00,1,-1,-1,-1
358,3138,1487.00,556.00,33.00,89.00,1,-1,-1,-1
358,3122,96.00,680.00,56.00,159.00,1,-1,-1,-1
359,2931,59.00,715.00,56.00,154.00,1,-1,-1,-1
359,2932,1277.00,542.00,22.00,57.00,1,-1,-1,-1
359,3119,1354.00,527.00,25.00,60.00,1,-1,-1,-1
359,3120,1375.00,530.00,24.00,58.00,1,-1,-1,-1
359,3125,1552.00,548.00,37.00,105.00,1,-1,-1,-1
359,3130,1508.00,548.00,39.00,96.00,1,-1,-1,-1
359,3138,1490.00,554.00,35.00,93.00,1,-1,-1,-1
359,3122,86.00,677.00,60.00,168.00,1,-1,-1,-1
360,2931,56.00,717.00,53.00,147.00,1,-1,-1,-1
360,2932,1274.00,546.00,21.00,55.00,1,-1,-1,-1
360,3119,1355.00,530.00,24.00,57.00,1,-1,-1,-1
360,3120,1375.00,529.00,24.00,59.00,1,-1,-1,-1
360,3125,1555.00,552.00,35.00,101.00,1,-1,-1,-1
360,3130,1509.00,549.00,40.00,99.00,1,-1,-1,-1
360,3138,1492.00,559.00,34.00,90.00,1,-1,-1,-1
360,3122,83.00,683.00,56.00,161.00,1,-1,-1,-1
361,2931,42.00,711.00,57.00,157.00,1,-1,-1,-1
361,2932,1275.00,546.00,22.00,56.00,1,-1,-1,-1
361,3119,1356.00,528.00,24.00,56.00,1,-1,-1,-1
361,3120,1374.00,531.00,24.00,58.00,1,-1,-1,-1
361,3125,1556.00,552.00,37.00,104.00,1,-1,-1,-1
361,3130,1511.00,554.00,36.00,90.00,1,-1,-1,-1
361,3138,1493.00,559.00,35.00,92.00,1,-1,-1,-1
361,3122,79.00,686.00,54.00,158.00,1,-1,-1,-1
361,3139,1291.00,546.00,18.00,59.00,1,-1,-1,-1
362,2932,1275.00,550.00,21.00,55.00,1,-1,-1,-1
362,3119,1355.00,533.00,24.00,58.00,1,-1,-1,-1
362,3120,1378.00,536.00,23.00,57.00,1,-1,-1,-1
362,3125,1557.00,555.00,35.00,99.00,1,-1,-1,-1
362,3130,1512.00,555.00,39.00,96.00,1,-1,-1,-1
362,3138,1495.00,562.00,33.00,89.00,1,-1,-1,-1
362,3122,70.00,681.00,60.00,174.00,1,-1,-1,-1
363,2932,1274.00,549.00,21.00,55.00,1,-1,-1,-1
363,3119,1356.00,537.00,24.00,57.00,1,-1,-1,-1
363,3120,1376.00,535.00,24.00,62.00,1,-1,-1,-1
363,3125,1560.00,555.00,35.00,98.00,1,-1,-1,-1
363,3130,1512.00,559.00,38.00,94.00,1,-1,-1,-1
363,3138,1495.00,565.00,32.00,86.00,1,-1,-1,-1
363,3122,66.00,687.00,57.00,164.00,1,-1,-1,-1
363,2931,18.00,719.00,61.00,168.00,1,-1,-1,-1
364,2932,1275.00,552.00,20.00,52.00,1,-1,-1,-1
364,3119,1357.00,537.00,24.00,57.00,1,-1,-1,-1
364,3120,1377.00,537.00,25.00,63.00,1,-1,-1,-1
364,3125,1564.00,559.00,35.00,100.00,1,-1,-1,-1
364,3130,1516.00,560.00,38.00,95.00,1,-1,-1,-1
364,3138,1497.00,569.00,33.00,90.00,1,-1,-1,-1
364,3122,62.00,686.00,58.00,169.00,1,-1,-1,-1
364,2931,9.00,717.00,63.00,171.00,1,-1,-1,-1
365,2932,1278.00,554.00,20.00,51.00,1,-1,-1,-1
365,3119,1358.00,539.00,23.00,56.00,1,-1,-1,-1
365,3120,1378.00,539.00,24.00,59.00,1,-1,-1,-1
365,3125,1566.00,562.00,36.00,100.00,1,-1,-1,-1
365,3130,1515.00,562.00,39.00,98.00,1,-1,-1,-1
365,3138,1497.00,572.00,35.00,93.00,1,-1,-1,-1
365,3122,60.00,692.00,49.00,141.00,1,-1,-1,-1
366,2932,1280.00,554.00,20.00,50.00,1,-1,-1,-1
366,3119,1359.00,543.00,23.00,56.00,1,-1,-1,-1
366,3120,1379.00,539.00,25.00,64.00,1,-1,-1,-1
366,3125,1569.00,566.00,35.00,99.00,1,-1,-1,-1
366,3130,1519.00,569.00,37.00,93.00,1,-1,-1,-1
366,3138,1500.00,573.00,34.00,92.00,1,-1,-1,-1
366,3122,46.00,692.00,55.00,158.00,1,-1,-1,-1
367,2932,1283.00,561.00,18.00,46.00,1,-1,-1,-1
367,3119,1358.00,545.00,24.00,56.00,1,-1,-1,-1
367,3120,1379.00,542.00,24.00,59.00,1,-1,-1,-1
367,3125,1568.00,566.00,38.00,104.00,1,-1,-1,-1
367,3130,1521.00,570.00,37.00,93.00,1,-1,-1,-1
367,3138,1502.00,575.00,34.00,94.00,1,-1,-1,-1
367,3122,38.00,703.00,59.00,168.00,1,-1,-1,-1
368,2932,1281.00,563.00,19.00,49.00,1,-1,-1,-1
368,3119,1362.00,547.00,23.00,54.00,1,-1,-1,-1
368,3120,1378.00,543.00,25.00,63.00,1,-1,-1,-1
368,3125,1571.00,572.00,36.00,100.00,1,-1,-1,-1
368,3130,1522.00,572.00,38.00,95.00,1,-1,-1,-1
368,3138,1504.00,576.00,36.00,94.00,1,-1,-1,-1
368,3122,33.00,704.00,61.00,171.00,1,-1,-1,-1
369,2932,1279.00,559.00,21.00,54.00,1,-1,-1,-1
369,3119,1361.00,547.00,24.00,56.00,1,-1,-1,-1
369,3120,1379.00,544.00,24.00,59.00,1,-1,-1,-1
369,3125,1570.00,572.00,37.00,102.00,1,-1,-1,-1
369,3130,1523.00,570.00,38.00,97.00,1,-1,-1,-1
369,3138,1505.00,577.00,36.00,94.00,1,-1,-1,-1
369,3122,24.00,709.00,62.00,173.00,1,-1,-1,-1
370,2932,1281.00,556.00,21.00,54.00,1,-1,-1,-1
370,3119,1362.00,550.00,23.00,54.00,1,-1,-1,-1
370,3120,1379.00,547.00,24.00,62.00,1,-1,-1,-1
370,3125,1573.00,572.00,37.00,102.00,1,-1,-1,-1
370,3130,1525.00,573.00,39.00,99.00,1,-1,-1,-1
370,3138,1507.00,579.00,36.00,96.00,1,-1,-1,-1
370,3122,16.00,702.00,66.00,188.00,1,-1,-1,-1
371,2932,1280.00,556.00,22.00,58.00,1,-1,-1,-1
371,3119,1363.00,550.00,23.00,54.00,1,-1,-1,-1
371,3120,1378.00,549.00,25.00,63.00,1,-1,-1,-1
371,3125,1571.00,573.00,37.00,104.00,1,-1,-1,-1
371,3130,1525.00,571.00,39.00,100.00,1,-1,-1,-1
371,3138,1507.00,579.00,36.00,96.00,1,-1,-1,-1
371,3122,7.00,712.00,67.00,189.00,1,-1,-1,-1
372,2932,1278.00,557.00,22.00,59.00,1,-1,-1,-1
372,3119,1362.00,549.00,23.00,56.00,1,-1,-1,-1
372,3120,1379.00,547.00,26.00,66.00,1,-1,-1,-1
372,3125,1574.00,573.00,37.00,103.00,1,-1,-1,-1
372,3130,1528.00,575.00,38.00,97.00,1,-1,-1,-1
372,3138,1509.00,580.00,34.00,92.00,1,-1,-1,-1
372,3122,0.00,710.00,67.00,198.00,1,-1,-1,-1
373,3119,1360.00,551.00,23.00,57.00,1,-1,-1,-1
373,3120,1379.00,547.00,24.00,64.00,1,-1,-1,-1
373,3125,1574.00,570.00,39.00,107.00,1,-1,-1,-1
373,3130,1528.00,575.00,38.00,95.00,1,-1,-1,-1
373,3138,1510.00,582.00,34.00,93.00,1,-1,-1,-1
373,3122,-3.00,721.00,64.00,189.00,1,-1,-1,-1
373,3139,1287.00,552.00,19.00,60.00,1,-1,-1,-1
374,3119,1361.00,548.00,24.00,59.00,1,-1,-1,-1
374,3120,1377.00,546.00,24.00,64.00,1,-1,-1,-1
374,3125,1575.00,567.00,40.00,111.00,1,-1,-1,-1
374,3130,1527.00,573.00,39.00,99.00,1,-1,-1,-1
374,3122,-10.00,717.00,65.00,193.00,1,-1,-1,-1
374,2932,1279.00,554.00,23.00,61.00,1,-1,-1,-1
375,3119,1360.00,547.00,25.00,59.00,1,-1,-1,-1
375,3120,1380.00,547.00,24.00,63.00,1,-1,-1,-1
375,3125,1577.00,566.00,41.00,112.00,1,-1,-1,-1
375,3130,1529.00,573.00,38.00,96.00,1,-1,-1,-1
375,3122,-16.00,729.00,60.00,181.00,1,-1,-1,-1
375,2932,1279.00,551.00,24.00,62.00,1,-1,-1,-1
375,3138,1512.00,579.00,37.00,99.00,1,-1,-1,-1
376,3119,1360.00,545.00,24.00,59.00,1,-1,-1,-1
376,3120,1378.00,544.00,25.00,65.00,1,-1,-1,-1
376,3125,1577.00,567.00,40.00,109.00,1,-1,-1,-1
376,3130,1531.00,570.00,37.00,93.00,1,-1,-1,-1
376,2932,1279.00,548.00,23.00,63.00,1,-1,-1,-1
376,3138,1513.00,575.00,37.00,100.00,1,-1,-1,-1
377,3119,1360.00,545.00,22.00,56.00,1,-1,-1,-1
377,3120,1376.00,541.00,24.00,65.00,1,-1,-1,-1
377,3125,1578.00,565.00,39.00,108.00,1,-1,-1,-1
377,3130,1528.00,568.00,39.00,99.00,1,-1,-1,-1
377,2932,1279.00,546.00,23.00,62.00,1,-1,-1,-1
377,3138,1512.00,575.00,36.00,97.00,1,-1,-1,-1
378,3119,1356.00,543.00,24.00,60.00,1,-1,-1,-1
378,3120,1377.00,542.00,24.00,63.00,1,-1,-1,-1
378,3125,1578.00,564.00,40.00,109.00,1,-1,-1,-1
378,3130,1533.00,570.00,38.00,97.00,1,-1,-1,-1
378,2932,1278.00,544.00,23.00,62.00,1,-1,-1,-1
378,3138,1515.00,572.00,37.00,98.00,1,-1,-1,-1
379,3119,1357.00,544.00,23.00,56.00,1,-1,-1,-1
379,3120,1373.00,540.00,24.00,65.00,1,-1,-1,-1
379,3125,1578.00,562.00,40.00,111.00,1,-1,-1,-1
379,3130,1538.00,604.00,33.00,83.00,1,-1,-1,-1
379,2932,1281.00,545.00,22.00,58.00,1,-1,-1,-1
379,3138,1515.00,570.00,38.00,97.00,1,-1,-1,-1
380,3119,1354.00,542.00,23.00,58.00,1,-1,-1,-1
380,3120,1370.00,540.00,24.00,65.00,1,-1,-1,-1
380,3125,1576.00,562.00,40.00,110.00,1,-1,-1,-1
380,3130,1533.00,577.00,36.00,91.00,1,-1,-1,-1
380,2932,1275.00,537.00,25.00,68.00,1,-1,-1,-1
380,3138,1512.00,570.00,38.00,101.00,1,-1,-1,-1
381,3119,1350.00,538.00,22.00,56.00,1,-1,-1,-1
381,3120,1369.00,537.00,24.00,65.00,1,-1,-1,-1
381,3125,1574.00,562.00,40.00,109.00,1,-1,-1,-1
381,3130,1535.00,599.00,34.00,87.00,1,-1,-1,-1
381,2932,1274.00,536.00,25.00,69.00,1,-1,-1,-1
381,3138,1510.00,565.00,40.00,105.00,1,-1,-1,-1
382,3119,1348.00,538.00,23.00,58.00,1,-1,-1,-1
382,3120,1368.00,538.00,24.00,64.00,1,-1,-1,-1
382,3125,1573.00,560.00,40.00,110.00,1,-1,-1,-1
382,3130,1528.00,572.00,38.00,96.00,1,-1,-1,-1
382,2932,1269.00,534.00,26.00,71.00,1,-1,-1,-1
382,3138,1508.00,568.00,40.00,104.00,1,-1,-1,-1
383,3119,1345.00,536.00,22.00,56.00,1,-1,-1,-1
383,3120,1364.00,534.00,24.00,65.00,1,-1,-1,-1
383,3125,1571.00,556.00,40.00,111.00,1,-1,-1,-1
383,2932,1270.00,534.00,25.00,66.00,1,-1,-1,-1
383,3138,1506.00,566.00,40.00,105.00,1,-1,-1,-1
384,3119,1342.00,534.00,24.00,61.00,1,-1,-1,-1
384,3120,1360.00,534.00,25.00,68.00,1,-1,-1,-1
384,3125,1570.00,557.00,40.00,108.00,1,-1,-1,-1
384,2932,1267.00,532.00,25.00,67.00,1,-1,-1,-1
384,3138,1505.00,563.00,41.00,105.00,1,-1,-1,-1
384,3130,1531.00,573.00,32.00,83.00,1,-1,-1,-1
385,3119,1337.00,532.00,25.00,63.00,1,-1,-1,-1
385,3120,1359.00,530.00,26.00,70.00,1,-1,-1,-1
385,3125,1566.00,558.00,38.00,108.00,1,-1,-1,-1
385,2932,1263.00,526.00,27.00,72.00,1,-1,-1,-1
385,3138,1499.00,562.00,41.00,106.00,1,-1,-1,-1
385,3130,1520.00,563.00,37.00,95.00,1,-1,-1,-1
386,3119,1334.00,532.00,25.00,63.00,1,-1,-1,-1
386,3120,1354.00,528.00,28.00,75.00,1,-1,-1,-1
386,3125,1563.00,557.00,41.00,112.00,1,-1,-1,-1
386,2932,1264.00,527.00,26.00,71.00,1,-1,-1,-1
386,3138,1499.00,562.00,42.00,108.00,1,-1,-1,-1
387,3119,1333.00,529.00,25.00,64.00,1,-1,-1,-1
387,3120,1350.00,529.00,26.00,71.00,1,-1,-1,-1
387,3125,1563.00,555.00,41.00,113.00,1,-1,-1,-1
387,2932,1261.00,530.00,24.00,65.00,1,-1,-1,-1
387,3138,1497.00,561.00,42.00,107.00,1,-1,-1,-1
387,3130,1518.00,563.00,36.00,92.00,1,-1,-1,-1
388,3119,1330.00,531.00,24.00,62.00,1,-1,-1,-1
388,3120,1346.00,530.00,27.00,72.00,1,-1,-1,-1
388,3125,1560.00,555.00,41.00,112.00,1,-1,-1,-1
388,2932,1255.00,530.00,25.00,68.00,1,-1,-1,-1
388,3138,1497.00,562.00,40.00,103.00,1,-1,-1,-1
388,3130,1518.00,561.00,37.00,92.00,1,-1,-1,-1
389,3119,1324.00,531.00,24.00,63.00,1,-1,-1,-1
389,3120,1345.00,532.00,26.00,71.00,1,-1,-1,-1
389,3125,1555.00,553.00,43.00,120.00,1,-1,-1,-1
389,2932,1250.00,531.00,25.00,68.00,1,-1,-1,-1
389,3138,1500.00,563.00,39.00,99.00,1,-1,-1,-1
390,3119,1319.00,530.00,26.00,67.00,1,-1,-1,-1
390,3120,1338.00,528.00,29.00,76.00,1,-1,-1,-1
390,3125,1552.00,552.00,44.00,121.00,1,-1,-1,-1
390,2932,1247.00,532.00,23.00,65.00,1,-1,-1,-1
390,3138,1491.00,564.00,39.00,100.00,1,-1,-1,-1
390,3130,1516.00,555.00,41.00,102.00,1,-1,-1,-1
391,3119,1316.00,532.00,26.00,66.00,1,-1,-1,-1
391,3120,1334.00,529.00,27.00,73.00,1,-1,-1,-1
391,3125,1549.00,554.00,44.00,121.00,1,-1,-1,-1
391,2932,1243.00,530.00,24.00,65.00,1,-1,-1,-1
391,3138,1494.00,561.00,40.00,102.00,1,-1,-1,-1
392,3119,1311.00,532.00,25.00,65.00,1,-1,-1,-1
392,3125,1542.00,555.00,43.00,117.00,1,-1,-1,-1
392,2932,1237.00,530.00,24.00,64.00,1,-1,-1,-1
392,3138,1482.00,562.00,42.00,109.00,1,-1,-1,-1
392,3130,1504.00,558.00,42.00,104.00,1,-1,-1,-1
393,3119,1304.00,530.00,26.00,67.00,1,-1,-1,-1
393,3125,1536.00,558.00,43.00,117.00,1,-1,-1,-1
393,2932,1228.00,532.00,23.00,61.00,1,-1,-1,-1
393,3138,1472.00,564.00,43.00,111.00,1,-1,-1,-1
393,3130,1496.00,559.00,41.00,103.00,1,-1,-1,-1
393,3120,1322.00,529.00,27.00,72.00,1,-1,-1,-1
394,3119,1295.00,529.00,27.00,72.00,1,-1,-1,-1
394,3125,1534.00,555.00,43.00,117.00,1,-1,-1,-1
394,2932,1218.00,530.00,23.00,62.00,1,-1,-1,-1
394,3138,1467.00,564.00,42.00,109.00,1,-1,-1,-1
394,3130,1493.00,561.00,41.00,102.00,1,-1,-1,-1
394,3120,1316.00,530.00,25.00,68.00,1,-1,-1,-1
395,3119,1290.00,532.00,27.00,70.00,1,-1,-1,-1
395,3125,1526.00,554.00,44.00,121.00,1,-1,-1,-1
395,2932,1213.00,531.00,22.00,61.00,1,-1,-1,-1
395,3138,1465.00,566.00,41.00,105.00,1,-1,-1,-1
395,3120,1311.00,529.00,25.00,69.00,1,-1,-1,-1
396,3119,1283.00,530.00,26.00,67.00,1,-1,-1,-1
396,3125,1519.00,556.00,43.00,119.00,1,-1,-1,-1
396,2932,1204.00,531.00,23.00,61.00,1,-1,-1,-1
396,3138,1456.00,566.00,42.00,107.00,1,-1,-1,-1
396,3120,1304.00,525.00,27.00,72.00,1,-1,-1,-1
396,3130,1477.00,561.00,40.00,99.00,1,-1,-1,-1
397,3119,1276.00,531.00,24.00,64.00,1,-1,-1,-1
397,3125,1511.00,558.00,44.00,119.00,1,-1,-1,-1
397,2932,1192.00,524.00,25.00,67.00,1,-1,-1,-1
397,3138,1449.00,566.00,43.00,109.00,1,-1,-1,-1
397,3120,1296.00,527.00,27.00,71.00,1,-1,-1,-1
397,3130,1469.00,559.00,42.00,103.00,1,-1,-1,-1
398,3119,1267.00,531.00,24.00,64.00,1,-1,-1,-1
398,3125,1508.00,559.00,43.00,120.00,1,-1,-1,-1
398,2932,1185.00,529.00,24.00,64.00,1,-1,-1,-1
398,3138,1438.00,565.00,44.00,112.00,1,-1,-1,-1
398,3120,1290.00,525.00,27.00,74.00,1,-1,-1,-1
398,3130,1458.00,557.00,43.00,105.00,1,-1,-1,-1
399,3119,1259.00,527.00,25.00,67.00,1,-1,-1,-1
399,3125,1498.00,558.00,44.00,121.00,1,-1,-1,-1
399,2932,1176.00,523.00,27.00,73.00,1,-1,-1,-1
399,3138,1433.00,558.00,46.00,117.00,1,-1,-1,-1
399,3120,1281.00,523.00,28.00,76.00,1,-1,-1,-1
399,3130,1460.00,560.00,43.00,104.00,1,-1,-1,-1
400,3119,1254.00,527.00,25.00,67.00,1,-1,-1,-1
400,3125,1491.00,558.00,45.00,121.00,1,-1,-1,-1
400,2932,1166.00,529.00,24.00,65.00,1,-1,-1,-1
400,3138,1429.00,559.00,45.00,113.00,1,-1,-1,-1
400,3120,1274.00,522.00,27.00,74.00,1,-1,-1,-1
401,3119,1247.00,526.00,26.00,69.00,1,-1,-1,-1
401,3125,1482.00,555.00,44.00,121.00,1,-1,-1,-1
401,2932,1156.00,529.00,24.00,65.00,1,-1,-1,-1
401,3138,1428.00,556.00,45.00,115.00,1,-1,-1,-1
401,3120,1268.00,524.00,26.00,72.00,1,-1,-1,-1
402,3119,1238.00,527.00,24.00,65.00,1,-1,-1,-1
402,3125,1478.00,557.00,43.00,116.00,1,-1,-1,-1
402,2932,1145.00,532.00,23.00,63.00,1,-1,-1,-1
402,3138,1426.00,560.00,42.00,104.00,1,-1,-1,-1
402,3120,1261.00,528.00,24.00,65.00,1,-1,-1,-1
403,3119,1228.00,526.00,26.00,68.00,1,-1,-1,-1
403,3125,1465.00,555.00,44.00,118.00,1,-1,-1,-1
403,3138,1409.00,562.00,41.00,105.00,1,-1,-1,-1
403,3120,1249.00,528.00,23.00,63.00,1,-1,-1,-1
404,3119,1218.00,524.00,26.00,70.00,1,-1,-1,-1
404,3125,1454.00,555.00,44.00,120.00,1,-1,-1,-1
404,3138,1404.00,558.00,45.00,111.00,1,-1,-1,-1
404,3120,1238.00,527.00,24.00,67.00,1,-1,-1,-1
405,3119,1208.00,524.00,27.00,70.00,1,-1,-1,-1
405,3125,1444.00,554.00,46.00,124.00,1,-1,-1,-1
405,3138,1405.00,558.00,44.00,109.00,1,-1,-1,-1
405,3152,1384.00,561.00,42.00,115.00,1,-1,-1,-1
406,3119,1200.00,523.00,26.00,68.00,1,-1,-1,-1
406,3138,1392.00,555.00,44.00,112.00,1,-1,-1,-1
406,3152,1372.00,562.00,42.00,113.00,1,-1,-1,-1
406,3130,1427.00,556.00,49.00,121.00,1,-1,-1,-1
406,3120,1218.00,527.00,24.00,65.00,1,-1,-1,-1
407,3119,1188.00,524.00,28.00,72.00,1,-1,-1,-1
407,3152,1367.00,557.00,42.00,113.00,1,-1,-1,-1
407,3130,1417.00,552.00,51.00,127.00,1,-1,-1,-1
407,3120,1208.00,525.00,26.00,69.00,1,-1,-1,-1
408,3119,1177.00,523.00,29.00,74.00,1,-1,-1,-1
408,3152,1351.00,561.00,43.00,117.00,1,-1,-1,-1
408,3130,1411.00,552.00,51.00,129.00,1,-1,-1,-1
408,3120,1198.00,524.00,25.00,68.00,1,-1,-1,-1
408,3138,1376.00,557.00,44.00,111.00,1,-1,-1,-1
409,3119,1169.00,525.00,28.00,72.00,1,-1,-1,-1
409,3152,1344.00,559.00,44.00,118.00,1,-1,-1,-1
409,3130,1399.00,551.00,50.00,126.00,1,-1,-1,-1
409,3120,1188.00,525.00,24.00,65.00,1,-1,-1,-1
409,3155,1139.00,516.00,25.00,67.00,1,-1,-1,-1
410,3119,1156.00,523.00,28.00,74.00,1,-1,-1,-1
410,3152,1342.00,559.00,42.00,112.00,1,-1,-1,-1
410,3130,1388.00,553.00,48.00,124.00,1,-1,-1,-1
410,3155,1128.00,515.00,26.00,71.00,1,-1,-1,-1
411,3119,1146.00,523.00,28.00,71.00,1,-1,-1,-1
411,3152,1331.00,554.00,43.00,114.00,1,-1,-1,-1
411,3130,1375.00,554.00,49.00,124.00,1,-1,-1,-1
411,3155,1115.00,517.00,25.00,68.00,1,-1,-1,-1
411,3156,1308.00,555.00,45.00,117.00,1,-1,-1,-1
412,3119,1132.00,523.00,29.00,72.00,1,-1,-1,-1
412,3152,1320.00,555.00,42.00,113.00,1,-1,-1,-1
412,3130,1363.00,554.00,48.00,122.00,1,-1,-1,-1
412,3155,1101.00,524.00,24.00,64.00,1,-1,-1,-1
412,3156,1296.00,559.00,44.00,116.00,1,-1,-1,-1
412,3120,1155.00,528.00,22.00,58.00,1,-1,-1,-1
413,3119,1119.00,521.00,29.00,74.00,1,-1,-1,-1
413,3152,1309.00,553.00,44.00,116.00,1,-1,-1,-1
413,3130,1350.00,554.00,49.00,123.00,1,-1,-1,-1
413,3155,1089.00,522.00,23.00,63.00,1,-1,-1,-1
413,3156,1285.00,559.00,46.00,122.00,1,-1,-1,-1
413,3120,1139.00,525.00,23.00,61.00,1,-1,-1,-1
414,3119,1105.00,518.00,30.00,76.00,1,-1,-1,-1
414,3152,1296.00,552.00,44.00,117.00,1,-1,-1,-1
414,3155,1073.00,520.00,25.00,67.00,1,-1,-1,-1
414,3156,1270.00,560.00,46.00,121.00,1,-1,-1,-1
414,3120,1127.00,527.00,21.00,57.00,1,-1,-1,-1
414,3138,1332.00,554.00,49.00,122.00,1,-1,-1,-1
415,3119,1092.00,519.00,29.00,74.00,1,-1,-1,-1
415,3152,1281.00,555.00,44.00,116.00,1,-1,-1,-1
415,3155,1063.00,519.00,25.00,66.00,1,-1,-1,-1
415,3156,1256.00,558.00,45.00,119.00,1,-1,-1,-1
415,3138,1324.00,551.00,48.00,124.00,1,-1,-1,-1
416,3119,1079.00,517.00,30.00,76.00,1,-1,-1,-1
416,3152,1270.00,556.00,43.00,115.00,1,-1,-1,-1
416,3155,1049.00,519.00,24.00,62.00,1,-1,-1,-1
416,3156,1243.00,554.00,47.00,123.00,1,-1,-1,-1
416,3138,1308.00,547.00,49.00,128.00,1,-1,-1,-1
417,3119,1064.00,518.00,31.00,77.00,1,-1,-1,-1
417,3152,1257.00,554.00,44.00,116.00,1,-1,-1,-1
417,3155,1035.00,516.00,25.00,65.00,1,-1,-1,-1
417,3156,1225.00,549.00,50.00,133.00,1,-1,-1,-1
417,3138,1291.00,548.00,49.00,130.00,1,-1,-1,-1
418,3119,1051.00,518.00,29.00,73.00,1,-1,-1,-1
418,3152,1239.00,550.00,47.00,124.00,1,-1,-1,-1
418,3155,1021.00,520.00,25.00,65.00,1,-1,-1,-1
418,3156,1214.00,553.00,47.00,126.00,1,-1,-1,-1
418,3138,1279.00,546.00,48.00,129.00,1,-1,-1,-1
418,3160,873.00,376.00,121.00,234.00,1,-1,-1,-1
419,3119,1036.00,516.00,30.00,74.00,1,-1,-1,-1
419,3152,1225.00,547.00,47.00,125.00,1,-1,-1,-1
419,3155,1007.00,515.00,26.00,68.00,1,-1,-1,-1
419,3156,1196.00,549.00,48.00,129.00,1,-1,-1,-1
419,3138,1266.00,546.00,47.00,126.00,1,-1,-1,-1
420,3119,1021.00,515.00,31.00,79.00,1,-1,-1,-1
420,3152,1204.00,544.00,50.00,136.00,1,-1,-1,-1
420,3155,993.00,514.00,25.00,66.00,1,-1,-1,-1
420,3156,1179.00,545.00,49.00,133.00,1,-1,-1,-1
420,3138,1252.00,549.00,46.00,122.00,1,-1,-1,-1
421,3119,1006.00,513.00,30.00,75.00,1,-1,-1,-1
421,3152,1193.00,547.00,50.00,131.00,1,-1,-1,-1
421,3155,977.00,514.00,25.00,66.00,1,-1,-1,-1
421,3156,1164.00,551.00,47.00,128.00,1,-1,-1,-1
421,3138,1237.00,547.00,47.00,124.00,1,-1,-1,-1
422,3119,990.00,511.00,29.00,75.00,1,-1,-1,-1
422,3152,1174.00,549.00,48.00,128.00,1,-1,-1,-1
422,3155,960.00,510.00,25.00,67.00,1,-1,-1,-1
422,3156,1150.00,551.00,46.00,125.00,1,-1,-1,-1
422,3138,1216.00,541.00,50.00,132.00,1,-1,-1,-1
423,3119,973.00,512.00,29.00,70.00,1,-1,-1,-1
423,3152,1159.00,545.00,49.00,129.00,1,-1,-1,-1
423,3155,944.00,510.00,25.00,66.00,1,-1,-1,-1
423,3156,1131.00,545.00,49.00,132.00,1,-1,-1,-1
423,3138,1196.00,542.00,49.00,132.00,1,-1,-1,-1
424,3119,956.00,508.00,27.00,69.00,1,-1,-1,-1
424,3152,1139.00,549.00,46.00,122.00,1,-1,-1,-1
424,3155,928.00,507.00,25.00,68.00,1,-1,-1,-1
424,3156,1110.00,549.00,48.00,130.00,1,-1,-1,-1
424,3138,1183.00,545.00,46.00,123.00,1,-1,-1,-1
425,3152,1124.00,548.00,48.00,128.00,1,-1,-1,-1
425,3155,911.00,508.00,25.00,65.00,1,-1,-1,-1
425,3156,1094.00,552.00,46.00,125.00,1,-1,-1,-1
425,3138,1163.00,545.00,46.00,125.00,1,-1,-1,-1
426,3152,1105.00,545.00,48.00,130.00,1,-1,-1,-1
426,3155,893.00,507.00,25.00,67.00,1,-1,-1,-1
426,3156,1080.00,553.00,46.00,124.00,1,-1,-1,-1
426,3138,1146.00,540.00,49.00,132.00,1,-1,-1,-1
427,3152,1088.00,542.00,49.00,131.00,1,-1,-1,-1
427,3155,874.00,508.00,25.00,66.00,1,-1,-1,-1
427,3156,1055.00,547.00,48.00,130.00,1,-1,-1,-1
427,3138,1126.00,544.00,48.00,127.00,1,-1,-1,-1
428,3152,1070.00,544.00,48.00,130.00,1,-1,-1,-1
428,3155,858.00,509.00,27.00,69.00,1,-1,-1,-1
428,3156,1040.00,550.00,47.00,130.00,1,-1,-1,-1
428,3138,1105.00,546.00,47.00,127.00,1,-1,-1,-1
429,3152,1055.00,550.00,46.00,124.00,1,-1,-1,-1
429,3155,840.00,513.00,24.00,63.00,1,-1,-1,-1
429,3156,1020.00,555.00,47.00,126.00,1,-1,-1,-1
429,3138,1086.00,549.00,46.00,124.00,1,-1,-1,-1
430,3152,1028.00,550.00,50.00,136.00,1,-1,-1,-1
430,3155,821.00,513.00,25.00,64.00,1,-1,-1,-1
430,3156,999.00,564.00,50.00,137.00,1,-1,-1,-1
430,3138,1065.00,547.00,47.00,126.00,1,-1,-1,-1
430,3163,1000.00,561.00,37.00,100.00,1,-1,-1,-1
431,3152,1008.00,553.00,50.00,134.00,1,-1,-1,-1
431,3155,799.00,513.00,27.00,69.00,1,-1,-1,-1
431,3156,980.00,562.00,47.00,131.00,1,-1,-1,-1
431,3138,1043.00,553.00,48.00,126.00,1,-1,-1,-1
432,3152,988.00,555.00,50.00,132.00,1,-1,-1,-1
432,3155,780.00,516.00,26.00,68.00,1,-1,-1,-1
432,3156,962.00,563.00,45.00,125.00,1,-1,-1,-1
432,3138,1032.00,554.00,47.00,123.00,1,-1,-1,-1
432,3165,934.00,569.00,39.00,97.00,1,-1,-1,-1
433,3152,964.00,561.00,51.00,136.00,1,-1,-1,-1
433,3155,763.00,518.00,26.00,67.00,1,-1,-1,-1
433,3156,941.00,571.00,46.00,128.00,1,-1,-1,-1
433,3138,1009.00,555.00,47.00,125.00,1,-1,-1,-1
433,3165,916.00,569.00,43.00,105.00,1,-1,-1,-1
434,3155,744.00,518.00,25.00,67.00,1,-1,-1,-1
434,3156,917.00,567.00,49.00,137.00,1,-1,-1,-1
434,3138,988.00,558.00,51.00,131.00,1,-1,-1,-1
434,3165,889.00,569.00,45.00,111.00,1,-1,-1,-1
435,3155,723.00,520.00,26.00,66.00,1,-1,-1,-1
435,3156,895.00,567.00,51.00,140.00,1,-1,-1,-1
435,3138,963.00,554.00,54.00,140.00,1,-1,-1,-1
435,3165,863.00,567.00,48.00,120.00,1,-1,-1,-1
436,3155,704.00,521.00,25.00,66.00,1,-1,-1,-1
436,3156,873.00,566.00,53.00,145.00,1,-1,-1,-1
436,3138,946.00,559.00,51.00,131.00,1,-1,-1,-1
436,3165,836.00,576.00,48.00,119.00,1,-1,-1,-1
437,3155,684.00,520.00,26.00,67.00,1,-1,-1,-1
437,3156,847.00,567.00,53.00,147.00,1,-1,-1,-1
437,3138,922.00,561.00,52.00,134.00,1,-1,-1,-1
437,3165,812.00,589.00,46.00,116.00,1,-1,-1,-1
437,3152,883.00,565.00,49.00,132.00,1,-1,-1,-1
438,3155,661.00,519.00,26.00,67.00,1,-1,-1,-1
438,3156,826.00,572.00,50.00,138.00,1,-1,-1,-1
438,3138,902.00,561.00,51.00,133.00,1,-1,-1,-1
438,3165,794.00,580.00,47.00,118.00,1,-1,-1,-1
438,3152,860.00,562.00,50.00,133.00,1,-1,-1,-1
439,3155,639.00,520.00,26.00,67.00,1,-1,-1,-1
439,3156,804.00,571.00,51.00,144.00,1,-1,-1,-1
439,3138,881.00,559.00,52.00,137.00,1,-1,-1,-1
439,3165,774.00,582.00,47.00,120.00,1,-1,-1,-1
440,3155,618.00,519.00,27.00,67.00,1,-1,-1,-1
440,3156,778.00,571.00,52.00,143.00,1,-1,-1,-1
440,3138,860.00,560.00,52.00,136.00,1,-1,-1,-1
440,3165,749.00,584.00,45.00,117.00,1,-1,-1,-1
441,3155,597.00,519.00,26.00,66.00,1,-1,-1,-1
441,3156,758.00,570.00,53.00,147.00,1,-1,-1,-1
441,3138,835.00,559.00,53.00,138.00,1,-1,-1,-1
441,3165,725.00,571.00,48.00,127.00,1,-1,-1,-1
442,3155,574.00,522.00,25.00,62.00,1,-1,-1,-1
442,3156,739.00,568.00,57.00,157.00,1,-1,-1,-1
442,3138,815.00,556.00,56.00,145.00,1,-1,-1,-1
442,3165,706.00,573.00,46.00,121.00,1,-1,-1,-1
443,3155,549.00,522.00,24.00,61.00,1,-1,-1,-1
443,3156,717.00,576.00,54.00,146.00,1,-1,-1,-1
443,3138,799.00,560.00,55.00,140.00,1,-1,-1,-1
443,3165,684.00,569.00,46.00,122.00,1,-1,-1,-1
444,3155,526.00,520.00,25.00,62.00,1,-1,-1,-1
444,3156,691.00,574.00,59.00,154.00,1,-1,-1,-1
444,3138,780.00,557.00,55.00,140.00,1,-1,-1,-1
445,3155,501.00,519.00,25.00,62.00,1,-1,-1,-1
445,3156,665.00,571.00,61.00,157.00,1,-1,-1,-1
445,3138,754.00,560.00,54.00,135.00,1,-1,-1,-1
446,3155,475.00,517.00,28.00,67.00,1,-1,-1,-1
446,3156,644.00,576.00,62.00,157.00,1,-1,-1,-1
446,3138,721.00,559.00,58.00,145.00,1,-1,-1,-1
446,3165,610.00,573.00,49.00,131.00,1,-1,-1,-1
447,3155,451.00,518.00,27.00,64.00,1,-1,-1,-1
447,3156,612.00,576.00,61.00,157.00,1,-1,-1,-1
447,3138,702.00,566.00,55.00,137.00,1,-1,-1,-1
448,3155,429.00,523.00,23.00,56.00,1,-1,-1,-1
448,3156,587.00,573.00,64.00,163.00,1,-1,-1,-1
448,3138,680.00,560.00,59.00,148.00,1,-1,-1,-1
449,3155,400.00,523.00,25.00,58.00,1,-1,-1,-1
449,3156,553.00,570.00,67.00,170.00,1,-1,-1,-1
449,3138,657.00,562.00,60.00,148.00,1,-1,-1,-1
450,3156,525.00,563.00,68.00,171.00,1,-1,-1,-1
450,3138,631.00,562.00,60.00,146.00,1,-1,-1,-1
451,3156,498.00,558.00,71.00,183.00,1,-1,-1,-1
451,3138,606.00,557.00,61.00,147.00,1,-1,-1,-1
451,3165,479.00,619.00,56.00,150.00,1,-1,-1,-1
452,3156,474.00,568.00,67.00,169.00,1,-1,-1,-1
452,3138,584.00,555.00,62.00,151.00,1,-1,-1,-1
453,3156,447.00,570.00,64.00,164.00,1,-1,-1,-1
453,3138,554.00,552.00,66.00,158.00,1,-1,-1,-1
453,3181,1729.00,785.00,201.00,400.00,1,-1,-1,-1
454,3156,418.00,571.00,62.00,158.00,1,-1,-1,-1
454,3138,532.00,555.00,65.00,154.00,1,-1,-1,-1
454,3181,1702.00,785.00,198.00,395.00,1,-1,-1,-1
455,3156,389.00,571.00,62.00,160.00,1,-1,-1,-1
455,3138,504.00,553.00,67.00,158.00,1,-1,-1,-1
455,3181,1661.00,775.00,212.00,426.00,1,-1,-1,-1
456,3156,360.00,573.00,62.00,162.00,1,-1,-1,-1
456,3138,482.00,558.00,67.00,155.00,1,-1,-1,-1
456,3181,1616.00,756.00,223.00,451.00,1,-1,-1,-1
457,3156,329.00,573.00,65.00,171.00,1,-1,-1,-1
457,3138,449.00,554.00,73.00,169.00,1,-1,-1,-1
457,3181,1584.00,759.00,222.00,450.00,1,-1,-1,-1
458,3156,300.00,571.00,65.00,171.00,1,-1,-1,-1
458,3138,424.00,557.00,73.00,167.00,1,-1,-1,-1
458,3181,1551.00,756.00,212.00,434.00,1,-1,-1,-1
459,3156,270.00,569.00,66.00,177.00,1,-1,-1,-1
459,3138,399.00,559.00,75.00,166.00,1,-1,-1,-1
459,3181,1536.00,760.00,215.00,436.00,1,-1,-1,-1
460,3156,244.00,577.00,65.00,174.00,1,-1,-1,-1
460,3138,365.00,564.00,72.00,158.00,1,-1,-1,-1
460,3181,1501.00,758.00,216.00,443.00,1,-1,-1,-1
461,3156,208.00,578.00,68.00,181.00,1,-1,-1,-1
461,3138,335.00,569.00,76.00,162.00,1,-1,-1,-1
461,3181,1464.00,770.00,212.00,437.00,1,-1,-1,-1
462,3156,179.00,578.00,66.00,179.00,1,-1,-1,-1
462,3138,293.00,565.00,80.00,169.00,1,-1,-1,-1
462,3181,1420.00,767.00,215.00,447.00,1,-1,-1,-1
462,3184,452.00,756.00,106.00,282.00,1,-1,-1,-1
463,3156,140.00,581.00,65.00,177.00,1,-1,-1,-1
463,3138,267.00,569.00,78.00,162.00,1,-1,-1,-1
463,3181,1386.00,778.00,218.00,454.00,1,-1,-1,-1
464,3156,109.00,581.00,68.00,184.00,1,-1,-1,-1
464,3138,230.00,569.00,82.00,168.00,1,-1,-1,-1
464,3181,1363.00,801.00,197.00,407.00,1,-1,-1,-1
465,3156,73.00,578.00,73.00,196.00,1,-1,-1,-1
465,3138,195.00,566.00,84.00,171.00,1,-1,-1,-1
465,3181,1324.00,810.00,189.00,396.00,1,-1,-1,-1
466,3156,39.00,589.00,69.00,183.00,1,-1,-1,-1
466,3138,166.00,573.00,83.00,169.00,1,-1,-1,-1
466,3181,1307.00,825.00,186.00,382.00,1,-1,-1,-1
467,3156,0.00,588.00,69.00,185.00,1,-1,-1,-1
467,3138,129.00,567.00,85.00,174.00,1,-1,-1,-1
467,3181,1273.00,825.00,181.00,371.00,1,-1,-1,-1
468,3138,95.00,569.00,87.00,178.00,1,-1,-1,-1
469,3138,65.00,567.00,87.00,177.00,1,-1,-1,-1
470,3138,34.00,572.00,86.00,178.00,1,-1,-1,-1
471,3138,-9.00,564.00,86.00,182.00,1,-1,-1,-1
481,3187,1831.00,648.00,105.00,267.00,1,-1,-1,-1
482,3187,1823.00,650.00,102.00,257.00,1,-1,-1,-1
483,3187,1811.00,657.00,96.00,245.00,1,-1,-1,-1
484,3187,1759.00,666.00,95.00,241.00,1,-1,-1,-1
484,3190,1677.00,660.00,89.00,231.00,1,-1,-1,-1
485,3187,1711.00,662.00,96.00,242.00,1,-1,-1,-1
485,3190,1639.00,654.00,90.00,232.00,1,-1,-1,-1
486,3187,1674.00,661.00,98.00,249.00,1,-1,-1,-1
486,3190,1590.00,662.00,89.00,232.00,1,-1,-1,-1
487,3187,1635.00,657.00,100.00,253.00,1,-1,-1,-1
487,3190,1540.00,653.00,93.00,243.00,1,-1,-1,-1
488,3187,1591.00,661.00,93.00,237.00,1,-1,-1,-1
488,3190,1505.00,655.00,91.00,236.00,1,-1,-1,-1
489,3187,1548.00,662.00,93.00,238.00,1,-1,-1,-1
489,3190,1454.00,654.00,94.00,242.00,1,-1,-1,-1
490,3187,1500.00,670.00,92.00,237.00,1,-1,-1,-1
490,3190,1418.00,666.00,91.00,233.00,1,-1,-1,-1
491,3187,1452.00,670.00,94.00,244.00,1,-1,-1,-1
491,3190,1372.00,665.00,94.00,240.00,1,-1,-1,-1
492,3187,1408.00,671.00,94.00,246.00,1,-1,-1,-1
492,3190,1330.00,678.00,92.00,233.00,1,-1,-1,-1
493,3187,1362.00,679.00,95.00,251.00,1,-1,-1,-1
493,3190,1285.00,674.00,98.00,247.00,1,-1,-1,-1
494,3187,1324.00,685.00,91.00,240.00,1,-1,-1,-1
494,3190,1241.00,674.00,100.00,253.00,1,-1,-1,-1
495,3187,1279.00,689.00,90.00,239.00,1,-1,-1,-1
495,3190,1201.00,681.00,100.00,256.00,1,-1,-1,-1
496,3187,1232.00,696.00,93.00,246.00,1,-1,-1,-1
496,3190,1160.00,690.00,99.00,253.00,1,-1,-1,-1
497,3187,1184.00,703.00,97.00,257.00,1,-1,-1,-1
497,3190,1106.00,680.00,103.00,265.00,1,-1,-1,-1
498,3187,1142.00,700.00,96.00,256.00,1,-1,-1,-1
498,3190,1061.00,689.00,99.00,258.00,1,-1,-1,-1
499,3187,1090.00,694.00,96.00,258.00,1,-1,-1,-1
499,3190,1016.00,688.00,98.00,257.00,1,-1,-1,-1
500,3187,1047.00,686.00,107.00,286.00,1,-1,-1,-1
500,3190,973.00,687.00,98.00,259.00,1,-1,-1,-1
501,3187,999.00,691.00,101.00,270.00,1,-1,-1,-1
501,3190,927.00,686.00,99.00,258.00,1,-1,-1,-1
502,3187,955.00,689.00,101.00,269.00,1,-1,-1,-1
502,3190,872.00,686.00,101.00,267.00,1,-1,-1,-1
503,3187,909.00,695.00,105.00,282.00,1,-1,-1,-1
503,3190,820.00,682.00,106.00,280.00,1,-1,-1,-1
504,3187,855.00,690.00,111.00,301.00,1,-1,-1,-1
504,3190,780.00,693.00,98.00,257.00,1,-1,-1,-1
504,3191,1843.00,650.00,69.00,176.00,1,-1,-1,-1
505,3187,802.00,692.00,117.00,319.00,1,-1,-1,-1
505,3190,729.00,685.00,106.00,277.00,1,-1,-1,-1
505,3191,1864.00,655.00,70.00,178.00,1,-1,-1,-1
505,3192,1882.00,547.00,39.00,99.00,1,-1,-1,-1
506,3187,746.00,694.00,116.00,316.00,1,-1,-1,-1
506,3190,688.00,691.00,106.00,277.00,1,-1,-1,-1
506,3191,1855.00,650.00,75.00,191.00,1,-1,-1,-1
506,3192,1871.00,549.00,35.00,90.00,1,-1,-1,-1
506,3193,1771.00,651.00,77.00,182.00,1,-1,-1,-1
507,3187,701.00,701.00,116.00,321.00,1,-1,-1,-1
507,3190,625.00,693.00,110.00,289.00,1,-1,-1,-1
507,3191,1822.00,642.00,81.00,207.00,1,-1,-1,-1
507,3193,1735.00,651.00,76.00,178.00,1,-1,-1,-1
508,3187,648.00,708.00,115.00,322.00,1,-1,-1,-1
508,3190,578.00,706.00,100.00,266.00,1,-1,-1,-1
508,3191,1792.00,648.00,81.00,207.00,1,-1,-1,-1
508,3193,1705.00,658.00,74.00,175.00,1,-1,-1,-1
508,3196,1802.00,551.00,35.00,93.00,1,-1,-1,-1
509,3187,600.00,720.00,114.00,319.00,1,-1,-1,-1
509,3190,520.00,717.00,102.00,273.00,1,-1,-1,-1
509,3191,1752.00,653.00,80.00,203.00,1,-1,-1,-1
509,3193,1666.00,664.00,72.00,171.00,1,-1,-1,-1
509,3198,1772.00,556.00,34.00,86.00,1,-1,-1,-1
510,3187,540.00,720.00,121.00,341.00,1,-1,-1,-1
510,3190,473.00,714.00,109.00,297.00,1,-1,-1,-1
510,3191,1719.00,659.00,79.00,202.00,1,-1,-1,-1
510,3193,1632.00,670.00,73.00,171.00,1,-1,-1,-1
510,3199,1743.00,558.00,33.00,82.00,1,-1,-1,-1
511,3187,489.00,729.00,120.00,343.00,1,-1,-1,-1
511,3190,421.00,724.00,107.00,292.00,1,-1,-1,-1
511,3191,1680.00,659.00,80.00,204.00,1,-1,-1,-1
511,3193,1594.00,668.00,77.00,179.00,1,-1,-1,-1
511,3200,1714.00,555.00,35.00,91.00,1,-1,-1,-1
512,3187,437.00,727.00,125.00,357.00,1,-1,-1,-1
512,3190,367.00,731.00,108.00,295.00,1,-1,-1,-1
512,3191,1645.00,668.00,78.00,199.00,1,-1,-1,-1
512,3193,1559.00,673.00,77.00,181.00,1,-1,-1,-1
512,3201,1685.00,560.00,36.00,89.00,1,-1,-1,-1
513,3187,385.00,738.00,123.00,356.00,1,-1,-1,-1
513,3190,313.00,738.00,112.00,300.00,1,-1,-1,-1
513,3191,1612.00,664.00,79.00,201.00,1,-1,-1,-1
513,3193,1528.00,670.00,79.00,184.00,1,-1,-1,-1
513,3202,1658.00,557.00,34.00,94.00,1,-1,-1,-1
514,3187,331.00,739.00,124.00,358.00,1,-1,-1,-1
514,3190,247.00,735.00,125.00,327.00,1,-1,-1,-1
514,3191,1574.00,670.00,79.00,202.00,1,-1,-1,-1
514,3193,1494.00,675.00,78.00,182.00,1,-1,-1,-1
514,3203,1626.00,561.00,36.00,93.00,1,-1,-1,-1
515,3187,278.00,757.00,121.00,351.00,1,-1,-1,-1
515,3190,189.00,741.00,124.00,319.00,1,-1,-1,-1
515,3191,1535.00,667.00,81.00,208.00,1,-1,-1,-1
515,3193,1456.00,673.00,79.00,185.00,1,-1,-1,-1
515,3204,1600.00,563.00,34.00,84.00,1,-1,-1,-1
516,3187,209.00,762.00,121.00,353.00,1,-1,-1,-1
516,3190,122.00,753.00,128.00,330.00,1,-1,-1,-1
516,3191,1500.00,665.00,83.00,214.00,1,-1,-1,-1
516,3193,1422.00,670.00,81.00,186.00,1,-1,-1,-1
516,3205,1572.00,561.00,36.00,89.00,1,-1,-1,-1
517,3187,154.00,774.00,121.00,347.00,1,-1,-1,-1
517,3190,59.00,747.00,127.00,331.00,1,-1,-1,-1
517,3191,1472.00,668.00,85.00,218.00,1,-1,-1,-1
517,3193,1387.00,672.00,83.00,192.00,1,-1,-1,-1
517,3206,1514.00,575.00,42.00,107.00,1,-1,-1,-1
518,3187,91.00,777.00,126.00,354.00,1,-1,-1,-1
518,3190,-1.00,762.00,123.00,325.00,1,-1,-1,-1
518,3191,1442.00,667.00,84.00,216.00,1,-1,-1,-1
518,3193,1352.00,673.00,84.00,195.00,1,-1,-1,-1
518,3206,1519.00,561.00,36.00,93.00,1,-1,-1,-1
518,3208,1797.00,716.00,125.00,292.00,1,-1,-1,-1
519,3187,24.00,774.00,132.00,368.00,1,-1,-1,-1
519,3191,1410.00,675.00,82.00,209.00,1,-1,-1,-1
519,3193,1316.00,673.00,84.00,195.00,1,-1,-1,-1
519,3208,1767.00,718.00,124.00,290.00,1,-1,-1,-1
519,3209,1488.00,560.00,37.00,89.00,1,-1,-1,-1
520,3187,-23.00,785.00,127.00,356.00,1,-1,-1,-1
520,3191,1379.00,677.00,83.00,211.00,1,-1,-1,-1
520,3193,1283.00,673.00,88.00,202.00,1,-1,-1,-1
520,3208,1736.00,718.00,129.00,300.00,1,-1,-1,-1
520,3210,1441.00,574.00,43.00,102.00,1,-1,-1,-1
521,3191,1341.00,681.00,84.00,215.00,1,-1,-1,-1
521,3193,1255.00,681.00,84.00,192.00,1,-1,-1,-1
521,3208,1692.00,716.00,129.00,298.00,1,-1,-1,-1
521,3210,1437.00,554.00,37.00,88.00,1,-1,-1,-1
522,3191,1306.00,686.00,81.00,207.00,1,-1,-1,-1
522,3193,1225.00,683.00,81.00,185.00,1,-1,-1,-1
522,3208,1659.00,728.00,122.00,284.00,1,-1,-1,-1
522,3212,1384.00,568.00,44.00,107.00,1,-1,-1,-1
523,3191,1275.00,681.00,84.00,217.00,1,-1,-1,-1
523,3193,1192.00,678.00,83.00,189.00,1,-1,-1,-1
523,3208,1629.00,728.00,121.00,281.00,1,-1,-1,-1
523,3212,1365.00,568.00,44.00,105.00,1,-1,-1,-1
524,3191,1240.00,681.00,85.00,218.00,1,-1,-1,-1
524,3193,1157.00,683.00,86.00,195.00,1,-1,-1,-1
524,3208,1609.00,727.00,119.00,277.00,1,-1,-1,-1
524,3212,1361.00,546.00,39.00,93.00,1,-1,-1,-1
525,3191,1206.00,682.00,86.00,222.00,1,-1,-1,-1
525,3193,1113.00,672.00,93.00,215.00,1,-1,-1,-1
525,3208,1573.00,723.00,122.00,282.00,1,-1,-1,-1
525,3212,1341.00,541.00,37.00,88.00,1,-1,-1,-1
525,3215,1317.00,570.00,41.00,107.00,1,-1,-1,-1
526,3191,1173.00,683.00,85.00,219.00,1,-1,-1,-1
526,3193,1080.00,670.00,91.00,212.00,1,-1,-1,-1
526,3208,1540.00,724.00,122.00,285.00,1,-1,-1,-1
526,3212,1319.00,540.00,35.00,86.00,1,-1,-1,-1
526,3215,1295.00,566.00,41.00,108.00,1,-1,-1,-1
527,3191,1144.00,681.00,87.00,225.00,1,-1,-1,-1
527,3193,1048.00,670.00,89.00,212.00,1,-1,-1,-1
527,3208,1498.00,724.00,122.00,287.00,1,-1,-1,-1
527,3212,1298.00,542.00,34.00,84.00,1,-1,-1,-1
527,3215,1269.00,567.00,42.00,109.00,1,-1,-1,-1
528,3191,1110.00,686.00,91.00,233.00,1,-1,-1,-1
528,3193,1019.00,676.00,89.00,211.00,1,-1,-1,-1
528,3208,1477.00,723.00,119.00,281.00,1,-1,-1,-1
528,3212,1273.00,542.00,35.00,84.00,1,-1,-1,-1
528,3215,1242.00,568.00,43.00,110.00,1,-1,-1,-1
529,3191,1070.00,691.00,90.00,229.00,1,-1,-1,-1
529,3193,983.00,686.00,87.00,204.00,1,-1,-1,-1
529,3208,1446.00,731.00,118.00,280.00,1,-1,-1,-1
529,3212,1251.00,546.00,32.00,79.00,1,-1,-1,-1
529,3215,1215.00,570.00,44.00,113.00,1,-1,-1,-1
530,3191,1038.00,683.00,96.00,244.00,1,-1,-1,-1
530,3193,952.00,684.00,90.00,214.00,1,-1,-1,-1
530,3208,1413.00,734.00,117.00,276.00,1,-1,-1,-1
530,3212,1228.00,545.00,34.00,83.00,1,-1,-1,-1
530,3215,1190.00,569.00,45.00,115.00,1,-1,-1,-1
531,3191,1006.00,694.00,98.00,245.00,1,-1,-1,-1
531,3193,917.00,693.00,93.00,218.00,1,-1,-1,-1
531,3208,1378.00,730.00,121.00,287.00,1,-1,-1,-1
531,3212,1205.00,546.00,32.00,80.00,1,-1,-1,-1
531,3215,1165.00,571.00,45.00,113.00,1,-1,-1,-1
532,3191,971.00,693.00,102.00,254.00,1,-1,-1,-1
532,3193,882.00,690.00,102.00,242.00,1,-1,-1,-1
532,3208,1344.00,727.00,127.00,299.00,1,-1,-1,-1
532,3212,1183.00,547.00,33.00,81.00,1,-1,-1,-1
532,3215,1145.00,574.00,42.00,105.00,1,-1,-1,-1
533,3191,940.00,702.00,100.00,248.00,1,-1,-1,-1
533,3193,852.00,693.00,99.00,233.00,1,-1,-1,-1
533,3208,1317.00,730.00,127.00,296.00,1,-1,-1,-1
533,3212,1162.00,548.00,33.00,82.00,1,-1,-1,-1
533,3215,1122.00,574.00,43.00,109.00,1,-1,-1,-1
534,3191,905.00,704.00,99.00,246.00,1,-1,-1,-1
534,3193,816.00,699.00,98.00,233.00,1,-1,-1,-1
534,3208,1296.00,735.00,127.00,296.00,1,-1,-1,-1
534,3212,1141.00,548.00,33.00,84.00,1,-1,-1,-1
534,3215,1097.00,574.00,45.00,113.00,1,-1,-1,-1
535,3191,870.00,711.00,96.00,242.00,1,-1,-1,-1
535,3193,782.00,702.00,97.00,228.00,1,-1,-1,-1
535,3208,1261.00,728.00,128.00,295.00,1,-1,-1,-1
535,3212,1120.00,546.00,34.00,86.00,1,-1,-1,-1
535,3215,1078.00,573.00,45.00,113.00,1,-1,-1,-1
535,3196,1817.00,548.00,27.00,70.00,1,-1,-1,-1
536,3191,838.00,712.00,98.00,249.00,1,-1,-1,-1
536,3193,748.00,700.00,100.00,236.00,1,-1,-1,-1
536,3208,1237.00,728.00,131.00,302.00,1,-1,-1,-1
536,3212,1100.00,546.00,35.00,86.00,1,-1,-1,-1
536,3215,1059.00,576.00,46.00,112.00,1,-1,-1,-1
536,3196,1806.00,544.00,27.00,71.00,1,-1,-1,-1
537,3191,809.00,718.00,98.00,246.00,1,-1,-1,-1
537,3193,721.00,709.00,100.00,235.00,1,-1,-1,-1
537,3208,1208.00,739.00,128.00,297.00,1,-1,-1,-1
537,3212,1081.00,541.00,33.00,84.00,1,-1,-1,-1
537,3215,1036.00,573.00,48.00,118.00,1,-1,-1,-1
537,3198,1779.00,533.00,30.00,75.00,1,-1,-1,-1
538,3191,765.00,720.00,102.00,255.00,1,-1,-1,-1
538,3193,687.00,709.00,102.00,241.00,1,-1,-1,-1
538,3208,1174.00,742.00,123.00,287.00,1,-1,-1,-1
538,3212,1059.00,543.00,34.00,86.00,1,-1,-1,-1
538,3215,1015.00,579.00,46.00,113.00,1,-1,-1,-1
538,3199,1758.00,547.00,29.00,71.00,1,-1,-1,-1
539,3191,732.00,721.00,103.00,262.00,1,-1,-1,-1
539,3193,646.00,711.00,101.00,242.00,1,-1,-1,-1
539,3208,1143.00,747.00,120.00,284.00,1,-1,-1,-1
539,3212,1039.00,545.00,35.00,87.00,1,-1,-1,-1
539,3215,994.00,579.00,48.00,117.00,1,-1,-1,-1
539,3199,1745.00,542.00,30.00,76.00,1,-1,-1,-1
540,3191,689.00,710.00,115.00,292.00,1,-1,-1,-1
540,3193,607.00,719.00,104.00,248.00,1,-1,-1,-1
540,3208,1125.00,745.00,124.00,292.00,1,-1,-1,-1
540,3212,1022.00,545.00,35.00,85.00,1,-1,-1,-1
540,3215,977.00,580.00,46.00,115.00,1,-1,-1,-1
540,3200,1721.00,544.00,30.00,76.00,1,-1,-1,-1
541,3191,662.00,721.00,110.00,278.00,1,-1,-1,-1
541,3193,577.00,720.00,106.00,250.00,1,-1,-1,-1
541,3208,1097.00,745.00,130.00,307.00,1,-1,-1,-1
541,3212,1000.00,543.00,38.00,92.00,1,-1,-1,-1
541,3215,958.00,581.00,47.00,114.00,1,-1,-1,-1
541,3201,1703.00,545.00,30.00,75.00,1,-1,-1,-1
542,3191,631.00,734.00,108.00,271.00,1,-1,-1,-1
542,3193,544.00,724.00,108.00,252.00,1,-1,-1,-1
542,3208,1067.00,759.00,128.00,302.00,1,-1,-1,-1
542,3212,979.00,542.00,39.00,96.00,1,-1,-1,-1
542,3215,933.00,583.00,50.00,119.00,1,-1,-1,-1
542,3201,1691.00,550.00,30.00,76.00,1,-1,-1,-1
543,3191,593.00,741.00,112.00,283.00,1,-1,-1,-1
543,3193,501.00,739.00,106.00,246.00,1,-1,-1,-1
543,3208,1044.00,762.00,127.00,295.00,1,-1,-1,-1
543,3212,961.00,542.00,37.00,94.00,1,-1,-1,-1
543,3215,916.00,584.00,49.00,116.00,1,-1,-1,-1
543,3202,1668.00,554.00,27.00,69.00,1,-1,-1,-1
544,3191,545.00,740.00,116.00,297.00,1,-1,-1,-1
544,3193,464.00,743.00,112.00,257.00,1,-1,-1,-1
544,3208,1010.00,758.00,134.00,314.00,1,-1,-1,-1
544,3212,941.00,545.00,36.00,91.00,1,-1,-1,-1
544,3215,900.00,581.00,49.00,119.00,1,-1,-1,-1
544,3203,1648.00,552.00,28.00,71.00,1,-1,-1,-1
545,3191,518.00,751.00,114.00,289.00,1,-1,-1,-1
545,3193,430.00,745.00,112.00,253.00,1,-1,-1,-1
545,3208,982.00,755.00,134.00,318.00,1,-1,-1,-1
545,3212,923.00,541.00,37.00,96.00,1,-1,-1,-1
545,3215,879.00,582.00,51.00,120.00,1,-1,-1,-1
545,3203,1637.00,550.00,29.00,75.00,1,-1,-1,-1
546,3191,475.00,753.00,117.00,295.00,1,-1,-1,-1
546,3193,389.00,743.00,121.00,273.00,1,-1,-1,-1
546,3208,967.00,759.00,128.00,298.00,1,-1,-1,-1
546,3212,906.00,540.00,38.00,96.00,1,-1,-1,-1
546,3215,860.00,581.00,50.00,116.00,1,-1,-1,-1
546,3204,1614.00,546.00,31.00,75.00,1,-1,-1,-1
547,3191,439.00,756.00,115.00,291.00,1,-1,-1,-1
547,3193,351.00,752.00,120.00,270.00,1,-1,-1,-1
547,3208,934.00,749.00,139.00,318.00,1,-1,-1,-1
547,3212,891.00,538.00,37.00,96.00,1,-1,-1,-1
547,3215,837.00,584.00,50.00,117.00,1,-1,-1,-1
547,3204,1606.00,542.00,32.00,78.00,1,-1,-1,-1
548,3191,392.00,747.00,122.00,311.00,1,-1,-1,-1
548,3193,314.00,758.00,119.00,267.00,1,-1,-1,-1
548,3208,889.00,751.00,142.00,328.00,1,-1,-1,-1
548,3212,874.00,540.00,36.00,91.00,1,-1,-1,-1
548,3215,822.00,585.00,50.00,114.00,1,-1,-1,-1
548,3204,1595.00,544.00,30.00,73.00,1,-1,-1,-1
549,3191,353.00,749.00,127.00,327.00,1,-1,-1,-1
549,3193,266.00,760.00,124.00,275.00,1,-1,-1,-1
549,3208,874.00,755.00,131.00,305.00,1,-1,-1,-1
549,3212,855.00,539.00,37.00,95.00,1,-1,-1,-1
549,3215,803.00,587.00,51.00,114.00,1,-1,-1,-1
550,3191,321.00,763.00,122.00,315.00,1,-1,-1,-1
550,3193,212.00,769.00,130.00,285.00,1,-1,-1,-1
550,3208,848.00,745.00,138.00,319.00,1,-1,-1,-1
550,3212,838.00,537.00,38.00,97.00,1,-1,-1,-1
550,3215,780.00,582.00,54.00,123.00,1,-1,-1,-1
550,3221,1556.00,536.00,34.00,78.00,1,-1,-1,-1
551,3191,283.00,762.00,128.00,333.00,1,-1,-1,-1
551,3193,158.00,758.00,143.00,316.00,1,-1,-1,-1
551,3208,819.00,752.00,138.00,323.00,1,-1,-1,-1
551,3212,823.00,536.00,38.00,98.00,1,-1,-1,-1
551,3215,760.00,584.00,56.00,124.00,1,-1,-1,-1
551,3221,1546.00,537.00,31.00,75.00,1,-1,-1,-1
552,3191,236.00,767.00,130.00,341.00,1,-1,-1,-1
552,3193,112.00,754.00,151.00,335.00,1,-1,-1,-1
552,3208,798.00,752.00,144.00,332.00,1,-1,-1,-1
552,3212,806.00,534.00,38.00,98.00,1,-1,-1,-1
552,3215,741.00,585.00,56.00,124.00,1,-1,-1,-1
552,3221,1529.00,533.00,34.00,80.00,1,-1,-1,-1
553,3191,195.00,772.00,138.00,354.00,1,-1,-1,-1
553,3193,77.00,773.00,147.00,324.00,1,-1,-1,-1
553,3208,758.00,743.00,147.00,344.00,1,-1,-1,-1
553,3212,789.00,532.00,39.00,102.00,1,-1,-1,-1
553,3215,725.00,584.00,57.00,127.00,1,-1,-1,-1
553,3221,1515.00,531.00,34.00,81.00,1,-1,-1,-1
554,3191,150.00,791.00,134.00,344.00,1,-1,-1,-1
554,3193,21.00,772.00,151.00,334.00,1,-1,-1,-1
554,3208,738.00,757.00,145.00,338.00,1,-1,-1,-1
554,3212,777.00,536.00,37.00,98.00,1,-1,-1,-1
554,3215,701.00,588.00,55.00,124.00,1,-1,-1,-1
554,3221,1504.00,531.00,32.00,76.00,1,-1,-1,-1
555,3191,96.00,791.00,144.00,365.00,1,-1,-1,-1
555,3193,-20.00,786.00,149.00,337.00,1,-1,-1,-1
555,3208,714.00,757.00,147.00,342.00,1,-1,-1,-1
555,3212,762.00,537.00,38.00,97.00,1,-1,-1,-1
555,3215,682.00,586.00,56.00,127.00,1,-1,-1,-1
555,3221,1490.00,530.00,31.00,74.00,1,-1,-1,-1
556,3191,38.00,808.00,147.00,369.00,1,-1,-1,-1
556,3208,686.00,756.00,146.00,339.00,1,-1,-1,-1
556,3212,749.00,535.00,36.00,93.00,1,-1,-1,-1
556,3215,665.00,583.00,57.00,130.00,1,-1,-1,-1
556,3221,1477.00,527.00,32.00,78.00,1,-1,-1,-1
557,3191,-9.00,818.00,142.00,360.00,1,-1,-1,-1
557,3208,666.00,758.00,142.00,331.00,1,-1,-1,-1
557,3212,735.00,540.00,33.00,86.00,1,-1,-1,-1
557,3215,647.00,579.00,57.00,130.00,1,-1,-1,-1
557,3221,1463.00,524.00,34.00,82.00,1,-1,-1,-1
558,3191,-46.00,809.00,136.00,355.00,1,-1,-1,-1
558,3208,649.00,768.00,139.00,319.00,1,-1,-1,-1
558,3212,719.00,536.00,34.00,90.00,1,-1,-1,-1
558,3215,628.00,581.00,56.00,130.00,1,-1,-1,-1
558,3221,1451.00,526.00,32.00,78.00,1,-1,-1,-1
559,3208,617.00,766.00,140.00,318.00,1,-1,-1,-1
559,3212,702.00,532.00,36.00,95.00,1,-1,-1,-1
559,3215,607.00,580.00,58.00,132.00,1,-1,-1,-1
559,3221,1439.00,524.00,33.00,79.00,1,-1,-1,-1
560,3208,586.00,761.00,142.00,325.00,1,-1,-1,-1
560,3212,690.00,531.00,37.00,96.00,1,-1,-1,-1
560,3215,595.00,582.00,56.00,127.00,1,-1,-1,-1
560,3221,1426.00,521.00,33.00,81.00,1,-1,-1,-1
561,3208,564.00,765.00,145.00,329.00,1,-1,-1,-1
561,3212,675.00,535.00,35.00,88.00,1,-1,-1,-1
561,3215,579.00,578.00,58.00,133.00,1,-1,-1,-1
561,3221,1417.00,523.00,33.00,79.00,1,-1,-1,-1
562,3208,532.00,757.00,153.00,344.00,1,-1,-1,-1
562,3212,664.00,537.00,35.00,87.00,1,-1,-1,-1
562,3215,563.00,577.00,59.00,134.00,1,-1,-1,-1
562,3221,1406.00,524.00,33.00,79.00,1,-1,-1,-1
563,3208,509.00,761.00,153.00,340.00,1,-1,-1,-1
563,3212,651.00,536.00,34.00,86.00,1,-1,-1,-1
563,3215,543.00,582.00,59.00,137.00,1,-1,-1,-1
563,3221,1396.00,526.00,32.00,78.00,1,-1,-1,-1
564,3208,470.00,762.00,154.00,342.00,1,-1,-1,-1
564,3212,635.00,537.00,34.00,85.00,1,-1,-1,-1
564,3215,527.00,586.00,61.00,137.00,1,-1,-1,-1
564,3221,1385.00,525.00,33.00,80.00,1,-1,-1,-1
565,3208,460.00,765.00,151.00,336.00,1,-1,-1,-1
565,3212,623.00,536.00,36.00,91.00,1,-1,-1,-1
565,3215,515.00,582.00,60.00,135.00,1,-1,-1,-1
565,3221,1376.00,525.00,33.00,81.00,1,-1,-1,-1
566,3208,434.00,769.00,159.00,343.00,1,-1,-1,-1
566,3212,611.00,538.00,36.00,90.00,1,-1,-1,-1
566,3215,498.00,586.00,61.00,135.00,1,-1,-1,-1
566,3221,1366.00,524.00,32.00,80.00,1,-1,-1,-1
567,3208,411.00,782.00,157.00,336.00,1,-1,-1,-1
567,3212,596.00,540.00,35.00,88.00,1,-1,-1,-1
567,3215,483.00,584.00,63.00,137.00,1,-1,-1,-1
567,3221,1356.00,523.00,32.00,82.00,1,-1,-1,-1
568,3208,374.00,789.00,164.00,347.00,1,-1,-1,-1
568,3212,581.00,541.00,36.00,88.00,1,-1,-1,-1
568,3215,462.00,581.00,65.00,141.00,1,-1,-1,-1
568,3221,1348.00,524.00,32.00,81.00,1,-1,-1,-1
569,3208,339.00,785.00,170.00,360.00,1,-1,-1,-1
569,3212,568.00,544.00,36.00,87.00,1,-1,-1,-1
569,3215,444.00,588.00,67.00,142.00,1,-1,-1,-1
569,3221,1341.00,525.00,31.00,78.00,1,-1,-1,-1
570,3208,319.00,790.00,170.00,355.00,1,-1,-1,-1
570,3212,555.00,542.00,35.00,86.00,1,-1,-1,-1
570,3215,423.00,583.00,69.00,150.00,1,-1,-1,-1
570,3221,1333.00,523.00,32.00,81.00,1,-1,-1,-1
571,3208,300.00,792.00,171.00,353.00,1,-1,-1,-1
571,3212,544.00,538.00,37.00,91.00,1,-1,-1,-1
571,3215,415.00,590.00,66.00,141.00,1,-1,-1,-1
571,3221,1326.00,523.00,33.00,81.00,1,-1,-1,-1
572,3208,271.00,797.00,177.00,357.00,1,-1,-1,-1
572,3212,533.00,538.00,37.00,91.00,1,-1,-1,-1
572,3215,395.00,593.00,68.00,142.00,1,-1,-1,-1
572,3221,1318.00,522.00,33.00,82.00,1,-1,-1,-1
572,3223,1874.00,594.00,47.00,142.00,1,-1,-1,-1
573,3208,222.00,792.00,183.00,374.00,1,-1,-1,-1
573,3212,521.00,537.00,38.00,92.00,1,-1,-1,-1
573,3215,381.00,593.00,69.00,147.00,1,-1,-1,-1
573,3221,1310.00,525.00,30.00,77.00,1,-1,-1,-1
573,3223,1872.00,593.00,50.00,148.00,1,-1,-1,-1
574,3208,198.00,794.00,190.00,382.00,1,-1,-1,-1
574,3212,506.00,534.00,38.00,93.00,1,-1,-1,-1
574,3215,364.00,590.00,70.00,149.00,1,-1,-1,-1
574,3221,1302.00,525.00,30.00,76.00,1,-1,-1,-1
574,3223,1863.00,589.00,50.00,151.00,1,-1,-1,-1
575,3208,179.00,812.00,181.00,356.00,1,-1,-1,-1
575,3212,494.00,534.00,39.00,96.00,1,-1,-1,-1
575,3215,346.00,593.00,71.00,149.00,1,-1,-1,-1
575,3221,1298.00,527.00,30.00,75.00,1,-1,-1,-1
575,3223,1853.00,590.00,53.00,158.00,1,-1,-1,-1
576,3208,145.00,811.00,188.00,370.00,1,-1,-1,-1
576,3212,484.00,537.00,39.00,95.00,1,-1,-1,-1
576,3215,325.00,599.00,71.00,150.00,1,-1,-1,-1
576,3221,1289.00,526.00,32.00,81.00,1,-1,-1,-1
576,3223,1841.00,588.00,56.00,165.00,1,-1,-1,-1
577,3208,114.00,813.00,192.00,377.00,1,-1,-1,-1
577,3212,473.00,534.00,39.00,96.00,1,-1,-1,-1
577,3215,307.00,596.00,73.00,154.00,1,-1,-1,-1
577,3221,1282.00,529.00,32.00,80.00,1,-1,-1,-1
577,3223,1834.00,587.00,57.00,167.00,1,-1,-1,-1
577,3225,510.00,526.00,41.00,107.00,1,-1,-1,-1
578,3208,72.00,815.00,199.00,390.00,1,-1,-1,-1
578,3212,464.00,536.00,39.00,94.00,1,-1,-1,-1
578,3215,291.00,595.00,75.00,156.00,1,-1,-1,-1
578,3221,1276.00,528.00,31.00,80.00,1,-1,-1,-1
578,3223,1824.00,583.00,58.00,170.00,1,-1,-1,-1
578,3225,494.00,522.00,39.00,104.00,1,-1,-1,-1
579,3208,48.00,819.00,202.00,396.00,1,-1,-1,-1
579,3212,453.00,536.00,39.00,96.00,1,-1,-1,-1
579,3215,277.00,602.00,71.00,148.00,1,-1,-1,-1
579,3221,1267.00,524.00,35.00,87.00,1,-1,-1,-1
579,3223,1813.00,577.00,60.00,176.00,1,-1,-1,-1
579,3225,476.00,524.00,40.00,106.00,1,-1,-1,-1
580,3208,10.00,825.00,202.00,397.00,1,-1,-1,-1
580,3212,443.00,538.00,39.00,97.00,1,-1,-1,-1
580,3215,252.00,597.00,77.00,162.00,1,-1,-1,-1
580,3221,1262.00,526.00,35.00,87.00,1,-1,-1,-1
580,3223,1809.00,582.00,56.00,164.00,1,-1,-1,-1
580,3225,467.00,535.00,39.00,103.00,1,-1,-1,-1
581,3208,-9.00,839.00,193.00,381.00,1,-1,-1,-1
581,3212,433.00,533.00,41.00,101.00,1,-1,-1,-1
581,3215,238.00,599.00,75.00,161.00,1,-1,-1,-1
581,3221,1259.00,523.00,34.00,88.00,1,-1,-1,-1
581,3223,1805.00,592.00,55.00,159.00,1,-1,-1,-1
582,3208,-22.00,832.00,195.00,387.00,1,-1,-1,-1
582,3212,425.00,538.00,38.00,96.00,1,-1,-1,-1
582,3215,225.00,601.00,73.00,156.00,1,-1,-1,-1
582,3221,1255.00,527.00,32.00,81.00,1,-1,-1,-1
582,3223,1800.00,589.00,57.00,167.00,1,-1,-1,-1
583,3208,-37.00,836.00,186.00,377.00,1,-1,-1,-1
583,3212,413.00,533.00,40.00,98.00,1,-1,-1,-1
583,3215,210.00,602.00,73.00,157.00,1,-1,-1,-1
583,3221,1247.00,523.00,33.00,83.00,1,-1,-1,-1
583,3223,1796.00,590.00,58.00,165.00,1,-1,-1,-1
584,3208,-58.00,842.00,179.00,373.00,1,-1,-1,-1
584,3212,404.00,529.00,41.00,101.00,1,-1,-1,-1
584,3215,197.00,602.00,75.00,159.00,1,-1,-1,-1
584,3221,1246.00,522.00,34.00,87.00,1,-1,-1,-1
584,3223,1786.00,592.00,58.00,167.00,1,-1,-1,-1
585,3208,-63.00,858.00,150.00,325.00,1,-1,-1,-1
585,3212,395.00,521.00,44.00,109.00,1,-1,-1,-1
585,3215,182.00,600.00,81.00,169.00,1,-1,-1,-1
585,3221,1240.00,522.00,34.00,88.00,1,-1,-1,-1
585,3223,1782.00,598.00,55.00,157.00,1,-1,-1,-1
586,3212,390.00,530.00,39.00,96.00,1,-1,-1,-1
586,3215,166.00,602.00,82.00,172.00,1,-1,-1,-1
586,3221,1238.00,522.00,34.00,86.00,1,-1,-1,-1
586,3223,1779.00,596.00,54.00,156.00,1,-1,-1,-1
587,3212,384.00,534.00,39.00,93.00,1,-1,-1,-1
587,3215,149.00,603.00,85.00,176.00,1,-1,-1,-1
587,3221,1238.00,521.00,32.00,85.00,1,-1,-1,-1
587,3223,1774.00,589.00,58.00,165.00,1,-1,-1,-1
588,3212,373.00,536.00,39.00,95.00,1,-1,-1,-1
588,3215,139.00,609.00,84.00,170.00,1,-1,-1,-1
588,3221,1233.00,524.00,32.00,81.00,1,-1,-1,-1
588,3223,1775.00,589.00,58.00,167.00,1,-1,-1,-1
589,3212,362.00,533.00,43.00,105.00,1,-1,-1,-1
589,3215,123.00,612.00,86.00,170.00,1,-1,-1,-1
589,3221,1228.00,523.00,32.00,85.00,1,-1,-1,-1
589,3223,1769.00,583.00,60.00,171.00,1,-1,-1,-1
590,3212,354.00,532.00,44.00,107.00,1,-1,-1,-1
590,3215,113.00,613.00,90.00,175.00,1,-1,-1,-1
590,3221,1226.00,523.00,31.00,81.00,1,-1,-1,-1
590,3223,1767.00,585.00,59.00,169.00,1,-1,-1,-1
591,3212,345.00,530.00,44.00,108.00,1,-1,-1,-1
591,3215,95.00,612.00,90.00,175.00,1,-1,-1,-1
591,3221,1225.00,522.00,33.00,86.00,1,-1,-1,-1
591,3223,1758.00,583.00,60.00,170.00,1,-1,-1,-1
592,3212,342.00,534.00,42.00,103.00,1,-1,-1,-1
592,3215,79.00,618.00,90.00,172.00,1,-1,-1,-1
592,3221,1226.00,523.00,32.00,82.00,1,-1,-1,-1
592,3223,1761.00,580.00,60.00,169.00,1,-1,-1,-1
593,3212,332.00,529.00,46.00,110.00,1,-1,-1,-1
593,3215,58.00,617.00,95.00,181.00,1,-1,-1,-1
593,3221,1223.00,523.00,33.00,84.00,1,-1,-1,-1
593,3223,1762.00,576.00,63.00,177.00,1,-1,-1,-1
594,3212,328.00,531.00,44.00,106.00,1,-1,-1,-1
594,3215,46.00,620.00,98.00,188.00,1,-1,-1,-1
594,3221,1223.00,522.00,34.00,85.00,1,-1,-1,-1
594,3223,1764.00,578.00,64.00,177.00,1,-1,-1,-1
595,3212,322.00,536.00,42.00,102.00,1,-1,-1,-1
595,3215,30.00,616.00,102.00,195.00,1,-1,-1,-1
595,3221,1222.00,521.00,34.00,88.00,1,-1,-1,-1
595,3223,1760.00,581.00,64.00,176.00,1,-1,-1,-1
596,3212,316.00,534.00,44.00,106.00,1,-1,-1,-1
596,3215,15.00,626.00,102.00,192.00,1,-1,-1,-1
596,3221,1222.00,519.00,36.00,92.00,1,-1,-1,-1
596,3223,1765.00,578.00,67.00,181.00,1,-1,-1,-1
597,3212,312.00,533.00,44.00,105.00,1,-1,-1,-1
597,3215,12.00,626.00,99.00,188.00,1,-1,-1,-1
597,3221,1225.00,521.00,33.00,87.00,1,-1,-1,-1
597,3223,1768.00,582.00,63.00,172.00,1,-1,-1,-1
597,3226,814.00,474.00,22.00,58.00,1,-1,-1,-1
598,3212,305.00,535.00,46.00,113.00,1,-1,-1,-1
598,3215,-10.00,636.00,100.00,193.00,1,-1,-1,-1
598,3221,1226.00,522.00,32.00,83.00,1,-1,-1,-1
598,3223,1772.00,583.00,64.00,172.00,1,-1,-1,-1
598,3226,811.00,477.00,20.00,54.00,1,-1,-1,-1
599,3212,303.00,538.00,45.00,108.00,1,-1,-1,-1
599,3215,-24.00,638.00,102.00,199.00,1,-1,-1,-1
599,3221,1223.00,520.00,35.00,90.00,1,-1,-1,-1
599,3223,1777.00,584.00,62.00,168.00,1,-1,-1,-1
599,3226,812.00,477.00,20.00,55.00,1,-1,-1,-1
599,3227,293.00,494.00,21.00,56.00,1,-1,-1,-1
600,3212,300.00,537.00,47.00,113.00,1,-1,-1,-1
600,3215,-34.00,639.00,101.00,201.00,1,-1,-1,-1
600,3221,1227.00,520.00,35.00,91.00,1,-1,-1,-1
600,3223,1779.00,582.00,65.00,175.00,1,-1,-1,-1
600,3226,811.00,476.00,21.00,58.00,1,-1,-1,-1
600,3227,292.00,495.00,20.00,56.00,1,-1,-1,-1
601,3212,300.00,543.00,43.00,105.00,1,-1,-1,-1
601,3215,-45.00,645.00,98.00,201.00,1,-1,-1,-1
601,3221,1229.00,523.00,34.00,91.00,1,-1,-1,-1
601,3223,1788.00,582.00,62.00,167.00,1,-1,-1,-1
601,3226,808.00,477.00,22.00,58.00,1,-1,-1,-1
601,3227,289.00,496.00,22.00,60.00,1,-1,-1,-1
602,3212,296.00,541.00,43.00,105.00,1,-1,-1,-1
602,3215,-43.00,662.00,91.00,194.00,1,-1,-1,-1
602,3221,1230.00,522.00,34.00,88.00,1,-1,-1,-1
602,3223,1788.00,580.00,62.00,169.00,1,-1,-1,-1
602,3226,809.00,476.00,22.00,59.00,1,-1,-1,-1
602,3227,286.00,501.00,21.00,57.00,1,-1,-1,-1
603,3212,295.00,542.00,44.00,107.00,1,-1,-1,-1
603,3221,1233.00,522.00,35.00,90.00,1,-1,-1,-1
603,3223,1787.00,579.00,65.00,175.00,1,-1,-1,-1
603,3226,807.00,476.00,21.00,59.00,1,-1,-1,-1
603,3227,285.00,504.00,19.00,53.00,1,-1,-1,-1
604,3212,291.00,546.00,45.00,106.00,1,-1,-1,-1
604,3221,1234.00,522.00,35.00,92.00,1,-1,-1,-1
604,3223,1792.00,575.00,64.00,177.00,1,-1,-1,-1
604,3226,809.00,478.00,21.00,57.00,1,-1,-1,-1
604,3227,281.00,504.00,21.00,56.00,1,-1,-1,-1
605,3212,288.00,546.00,46.00,106.00,1,-1,-1,-1
605,3221,1239.00,521.00,34.00,89.00,1,-1,-1,-1
605,3223,1792.00,570.00,67.00,188.00,1,-1,-1,-1
605,3226,807.00,478.00,20.00,55.00,1,-1,-1,-1
605,3227,279.00,502.00,22.00,58.00,1,-1,-1,-1
605,3228,342.00,482.00,20.00,48.00,1,-1,-1,-1
606,3212,286.00,542.00,46.00,107.00,1,-1,-1,-1
606,3221,1239.00,520.00,34.00,89.00,1,-1,-1,-1
606,3223,1791.00,567.00,67.00,189.00,1,-1,-1,-1
606,3226,805.00,477.00,20.00,55.00,1,-1,-1,-1
606,3227,276.00,504.00,22.00,57.00,1,-1,-1,-1
606,3228,341.00,481.00,18.00,44.00,1,-1,-1,-1
607,3212,286.00,544.00,46.00,107.00,1,-1,-1,-1
607,3221,1245.00,519.00,34.00,89.00,1,-1,-1,-1
607,3223,1797.00,562.00,67.00,191.00,1,-1,-1,-1
607,3226,806.00,476.00,22.00,57.00,1,-1,-1,-1
607,3227,274.00,501.00,22.00,57.00,1,-1,-1,-1
607,3228,337.00,478.00,20.00,49.00,1,-1,-1,-1
608,3212,281.00,540.00,49.00,112.00,1,-1,-1,-1
608,3221,1247.00,521.00,34.00,89.00,1,-1,-1,-1
608,3223,1803.00,568.00,67.00,196.00,1,-1,-1,-1
608,3226,806.00,478.00,20.00,54.00,1,-1,-1,-1
608,3227,271.00,498.00,24.00,60.00,1,-1,-1,-1
608,3228,340.00,480.00,17.00,41.00,1,-1,-1,-1
609,3212,281.00,543.00,47.00,107.00,1,-1,-1,-1
609,3221,1247.00,519.00,35.00,92.00,1,-1,-1,-1
609,3223,1812.00,580.00,63.00,184.00,1,-1,-1,-1
609,3226,807.00,477.00,21.00,54.00,1,-1,-1,-1
609,3227,270.00,498.00,23.00,58.00,1,-1,-1,-1
609,3228,341.00,475.00,18.00,44.00,1,-1,-1,-1
610,3212,275.00,539.00,49.00,111.00,1,-1,-1,-1
610,3221,1249.00,519.00,36.00,95.00,1,-1,-1,-1
610,3223,1815.00,593.00,60.00,176.00,1,-1,-1,-1
610,3226,807.00,474.00,22.00,56.00,1,-1,-1,-1
610,3227,268.00,495.00,23.00,57.00,1,-1,-1,-1
610,3228,341.00,474.00,19.00,45.00,1,-1,-1,-1
611,3212,274.00,540.00,47.00,107.00,1,-1,-1,-1
611,3221,1253.00,521.00,35.00,94.00,1,-1,-1,-1
611,3223,1818.00,587.00,64.00,187.00,1,-1,-1,-1
611,3226,805.00,474.00,22.00,56.00,1,-1,-1,-1
611,3227,266.00,491.00,25.00,60.00,1,-1,-1,-1
611,3228,340.00,472.00,20.00,47.00,1,-1,-1,-1
612,3212,272.00,538.00,49.00,110.00,1,-1,-1,-1
612,3221,1258.00,522.00,35.00,96.00,1,-1,-1,-1
612,3223,1825.00,593.00,63.00,184.00,1,-1,-1,-1
612,3226,805.00,471.00,22.00,56.00,1,-1,-1,-1
612,3227,263.00,492.00,25.00,60.00,1,-1,-1,-1
612,3228,338.00,470.00,20.00,49.00,1,-1,-1,-1
613,3212,269.00,534.00,50.00,111.00,1,-1,-1,-1
613,3221,1259.00,520.00,37.00,99.00,1,-1,-1,-1
613,3223,1837.00,595.00,64.00,184.00,1,-1,-1,-1
613,3226,805.00,471.00,21.00,55.00,1,-1,-1,-1
613,3227,262.00,487.00,26.00,64.00,1,-1,-1,-1
613,3228,337.00,470.00,20.00,47.00,1,-1,-1,-1
614,3212,263.00,532.00,51.00,114.00,1,-1,-1,-1
614,3221,1261.00,522.00,35.00,96.00,1,-1,-1,-1
614,3223,1842.00,595.00,67.00,189.00,1,-1,-1,-1
614,3226,807.00,474.00,20.00,52.00,1,-1,-1,-1
614,3227,261.00,489.00,24.00,59.00,1,-1,-1,-1
614,3228,338.00,471.00,19.00,45.00,1,-1,-1,-1
614,3231,316.00,471.00,20.00,45.00,1,-1,-1,-1
615,3212,259.00,528.00,51.00,113.00,1,-1,-1,-1
615,3221,1264.00,523.00,36.00,100.00,1,-1,-1,-1
615,3223,1841.00,596.00,72.00,201.00,1,-1,-1,-1
615,3226,809.00,478.00,18.00,44.00,1,-1,-1,-1
615,3227,262.00,490.00,24.00,59.00,1,-1,-1,-1
615,3228,337.00,472.00,18.00,42.00,1,-1,-1,-1
615,3231,315.00,471.00,20.00,44.00,1,-1,-1,-1
616,3212,259.00,529.00,51.00,115.00,1,-1,-1,-1
616,3221,1270.00,529.00,35.00,96.00,1,-1,-1,-1
616,3223,1843.00,602.00,73.00,203.00,1,-1,-1,-1
616,3226,806.00,479.00,19.00,46.00,1,-1,-1,-1
616,3227,257.00,488.00,25.00,61.00,1,-1,-1,-1
616,3228,337.00,470.00,18.00,43.00,1,-1,-1,-1
616,3231,313.00,470.00,22.00,46.00,1,-1,-1,-1
617,3212,256.00,530.00,52.00,115.00,1,-1,-1,-1
617,3221,1272.00,530.00,35.00,96.00,1,-1,-1,-1
617,3223,1838.00,597.00,74.00,210.00,1,-1,-1,-1
617,3226,806.00,480.00,18.00,45.00,1,-1,-1,-1
617,3227,255.00,490.00,24.00,58.00,1,-1,-1,-1
617,3228,336.00,469.00,20.00,46.00,1,-1,-1,-1
617,3231,312.00,468.00,21.00,44.00,1,-1,-1,-1
618,3212,251.00,527.00,52.00,116.00,1,-1,-1,-1
618,3221,1274.00,530.00,36.00,100.00,1,-1,-1,-1
618,3223,1845.00,598.00,75.00,213.00,1,-1,-1,-1
618,3226,805.00,481.00,19.00,46.00,1,-1,-1,-1
618,3227,252.00,487.00,26.00,63.00,1,-1,-1,-1
618,3228,336.00,470.00,20.00,46.00,1,-1,-1,-1
618,3231,312.00,470.00,19.00,42.00,1,-1,-1,-1
619,3212,247.00,531.00,52.00,118.00,1,-1,-1,-1
619,3221,1277.00,531.00,34.00,97.00,1,-1,-1,-1
619,3223,1850.00,603.00,73.00,209.00,1,-1,-1,-1
619,3226,804.00,479.00,20.00,49.00,1,-1,-1,-1
619,3227,249.00,490.00,24.00,59.00,1,-1,-1,-1
619,3228,335.00,473.00,19.00,44.00,1,-1,-1,-1
619,3231,310.00,470.00,20.00,43.00,1,-1,-1,-1
620,3212,246.00,533.00,51.00,115.00,1,-1,-1,-1
620,3221,1280.00,531.00,36.00,101.00,1,-1,-1,-1
620,3223,1854.00,604.00,74.00,212.00,1,-1,-1,-1
620,3226,804.00,477.00,22.00,51.00,1,-1,-1,-1
620,3227,248.00,490.00,25.00,61.00,1,-1,-1,-1
620,3228,335.00,475.00,18.00,40.00,1,-1,-1,-1
620,3231,307.00,470.00,20.00,43.00,1,-1,-1,-1
621,3212,245.00,532.00,52.00,116.00,1,-1,-1,-1
621,3221,1281.00,529.00,37.00,104.00,1,-1,-1,-1
621,3223,1853.00,605.00,76.00,222.00,1,-1,-1,-1
621,3226,805.00,479.00,20.00,47.00,1,-1,-1,-1
621,3227,248.00,493.00,26.00,62.00,1,-1,-1,-1
621,3228,333.00,474.00,19.00,42.00,1,-1,-1,-1
621,3231,307.00,472.00,21.00,44.00,1,-1,-1,-1
622,3212,242.00,534.00,53.00,118.00,1,-1,-1,-1
622,3221,1286.00,531.00,37.00,103.00,1,-1,-1,-1
622,3223,1864.00,608.00,72.00,211.00,1,-1,-1,-1
622,3226,805.00,481.00,20.00,45.00,1,-1,-1,-1
622,3227,245.00,493.00,27.00,63.00,1,-1,-1,-1
622,3228,333.00,474.00,19.00,44.00,1,-1,-1,-1
623,3212,236.00,534.00,55.00,125.00,1,-1,-1,-1
623,3221,1290.00,531.00,37.00,102.00,1,-1,-1,-1
623,3223,1872.00,609.00,66.00,198.00,1,-1,-1,-1
623,3226,806.00,482.00,21.00,48.00,1,-1,-1,-1
623,3227,242.00,492.00,28.00,68.00,1,-1,-1,-1
623,3228,334.00,477.00,19.00,44.00,1,-1,-1,-1
623,3231,304.00,476.00,20.00,43.00,1,-1,-1,-1
624,3212,235.00,533.00,53.00,122.00,1,-1,-1,-1
624,3221,1295.00,533.00,38.00,102.00,1,-1,-1,-1
624,3226,807.00,486.00,19.00,44.00,1,-1,-1,-1
624,3227,240.00,493.00,27.00,64.00,1,-1,-1,-1
624,3228,334.00,475.00,20.00,46.00,1,-1,-1,-1
625,3212,231.00,534.00,56.00,129.00,1,-1,-1,-1
625,3221,1297.00,534.00,39.00,105.00,1,-1,-1,-1
625,3226,809.00,488.00,19.00,43.00,1,-1,-1,-1
625,3227,242.00,501.00,25.00,58.00,1,-1,-1,-1
625,3228,334.00,479.00,19.00,43.00,1,-1,-1,-1
626,3212,233.00,534.00,54.00,124.00,1,-1,-1,-1
626,3221,1301.00,532.00,40.00,109.00,1,-1,-1,-1
626,3226,811.00,486.00,19.00,40.00,1,-1,-1,-1
626,3227,242.00,499.00,26.00,60.00,1,-1,-1,-1
626,3228,335.00,478.00,20.00,45.00,1,-1,-1,-1
627,3212,230.00,538.00,53.00,124.00,1,-1,-1,-1
627,3221,1310.00,532.00,39.00,107.00,1,-1,-1,-1
627,3226,814.00,486.00,18.00,38.00,1,-1,-1,-1
627,3227,242.00,503.00,28.00,64.00,1,-1,-1,-1
627,3228,337.00,481.00,19.00,44.00,1,-1,-1,-1
628,3212,232.00,539.00,52.00,121.00,1,-1,-1,-1
628,3221,1319.00,535.00,40.00,108.00,1,-1,-1,-1
628,3226,814.00,487.00,19.00,40.00,1,-1,-1,-1
628,3227,242.00,506.00,25.00,58.00,1,-1,-1,-1
628,3228,338.00,482.00,19.00,43.00,1,-1,-1,-1
629,3212,232.00,543.00,54.00,125.00,1,-1,-1,-1
629,3221,1324.00,533.00,40.00,108.00,1,-1,-1,-1
629,3226,813.00,485.00,20.00,42.00,1,-1,-1,-1
629,3227,242.00,507.00,26.00,61.00,1,-1,-1,-1
629,3228,339.00,489.00,18.00,41.00,1,-1,-1,-1
630,3212,238.00,552.00,49.00,116.00,1,-1,-1,-1
630,3221,1330.00,531.00,40.00,107.00,1,-1,-1,-1
630,3226,815.00,481.00,22.00,44.00,1,-1,-1,-1
630,3227,248.00,511.00,24.00,58.00,1,-1,-1,-1
630,3228,342.00,486.00,19.00,43.00,1,-1,-1,-1
631,3212,239.00,550.00,51.00,119.00,1,-1,-1,-1
631,3221,1336.00,533.00,41.00,110.00,1,-1,-1,-1
631,3226,820.00,483.00,20.00,43.00,1,-1,-1,-1
631,3227,247.00,507.00,26.00,61.00,1,-1,-1,-1
631,3228,345.00,488.00,18.00,42.00,1,-1,-1,-1
632,3212,240.00,550.00,52.00,120.00,1,-1,-1,-1
632,3221,1343.00,537.00,41.00,110.00,1,-1,-1,-1
632,3226,822.00,481.00,22.00,44.00,1,-1,-1,-1
632,3227,247.00,508.00,28.00,66.00,1,-1,-1,-1
632,3228,348.00,489.00,18.00,41.00,1,-1,-1,-1
633,3212,238.00,555.00,52.00,118.00,1,-1,-1,-1
633,3221,1353.00,535.00,41.00,111.00,1,-1,-1,-1
633,3226,829.00,482.00,20.00,40.00,1,-1,-1,-1
633,3227,246.00,507.00,28.00,67.00,1,-1,-1,-1
633,3228,351.00,490.00,19.00,41.00,1,-1,-1,-1
634,3212,240.00,559.00,52.00,120.00,1,-1,-1,-1
634,3221,1362.00,537.00,42.00,113.00,1,-1,-1,-1
634,3226,829.00,481.00,22.00,43.00,1,-1,-1,-1
634,3227,250.00,512.00,27.00,64.00,1,-1,-1,-1
634,3228,353.00,492.00,19.00,42.00,1,-1,-1,-1
635,3212,244.00,554.00,52.00,120.00,1,-1,-1,-1
635,3221,1365.00,532.00,45.00,119.00,1,-1,-1,-1
635,3226,836.00,483.00,21.00,42.00,1,-1,-1,-1
635,3227,253.00,512.00,27.00,63.00,1,-1,-1,-1
635,3228,356.00,490.00,19.00,44.00,1,-1,-1,-1
636,3212,248.00,558.00,51.00,116.00,1,-1,-1,-1
636,3221,1379.00,535.00,44.00,119.00,1,-1,-1,-1
636,3226,841.00,486.00,21.00,42.00,1,-1,-1,-1
636,3227,255.00,513.00,27.00,63.00,1,-1,-1,-1
636,3228,359.00,494.00,18.00,42.00,1,-1,-1,-1
637,3212,249.00,557.00,52.00,119.00,1,-1,-1,-1
637,3221,1388.00,541.00,44.00,118.00,1,-1,-1,-1
637,3226,844.00,487.00,21.00,42.00,1,-1,-1,-1
637,3227,257.00,517.00,27.00,63.00,1,-1,-1,-1
637,3228,360.00,492.00,20.00,45.00,1,-1,-1,-1
638,3212,245.00,555.00,56.00,128.00,1,-1,-1,-1
638,3221,1398.00,542.00,46.00,120.00,1,-1,-1,-1
638,3226,846.00,489.00,23.00,45.00,1,-1,-1,-1
638,3227,258.00,520.00,26.00,61.00,1,-1,-1,-1
638,3228,364.00,495.00,20.00,46.00,1,-1,-1,-1
639,3212,249.00,560.00,54.00,125.00,1,-1,-1,-1
639,3221,1405.00,544.00,47.00,125.00,1,-1,-1,-1
639,3227,260.00,522.00,25.00,59.00,1,-1,-1,-1
639,3228,366.00,494.00,21.00,46.00,1,-1,-1,-1
640,3212,250.00,558.00,55.00,126.00,1,-1,-1,-1
640,3221,1416.00,547.00,46.00,120.00,1,-1,-1,-1
640,3227,261.00,523.00,27.00,62.00,1,-1,-1,-1
640,3228,368.00,495.00,21.00,47.00,1,-1,-1,-1
641,3212,248.00,561.00,57.00,132.00,1,-1,-1,-1
641,3221,1424.00,552.00,46.00,121.00,1,-1,-1,-1
641,3227,262.00,525.00,26.00,62.00,1,-1,-1,-1
641,3228,371.00,495.00,20.00,47.00,1,-1,-1,-1
642,3212,254.00,568.00,55.00,128.00,1,-1,-1,-1
642,3221,1435.00,554.00,47.00,122.00,1,-1,-1,-1
642,3227,264.00,523.00,27.00,64.00,1,-1,-1,-1
642,3228,377.00,496.00,20.00,47.00,1,-1,-1,-1
643,3212,255.00,568.00,54.00,125.00,1,-1,-1,-1
643,3221,1446.00,558.00,47.00,122.00,1,-1,-1,-1
643,3227,270.00,522.00,26.00,61.00,1,-1,-1,-1
643,3228,383.00,499.00,18.00,43.00,1,-1,-1,-1
644,3212,261.00,569.00,53.00,124.00,1,-1,-1,-1
644,3221,1459.00,564.00,45.00,119.00,1,-1,-1,-1
644,3227,274.00,520.00,26.00,62.00,1,-1,-1,-1
644,3228,388.00,498.00,17.00,42.00,1,-1,-1,-1
645,3212,263.00,567.00,53.00,126.00,1,-1,-1,-1
645,3221,1465.00,559.00,48.00,127.00,1,-1,-1,-1
645,3227,278.00,522.00,26.00,61.00,1,-1,-1,-1
645,3228,391.00,499.00,18.00,41.00,1,-1,-1,-1
646,3212,265.00,568.00,53.00,126.00,1,-1,-1,-1
646,3221,1482.00,566.00,45.00,118.00,1,-1,-1,-1
646,3227,279.00,525.00,26.00,61.00,1,-1,-1,-1
646,3228,397.00,502.00,17.00,40.00,1,-1,-1,-1
647,3212,268.00,571.00,54.00,130.00,1,-1,-1,-1
647,3221,1496.00,571.00,47.00,121.00,1,-1,-1,-1
647,3227,283.00,524.00,26.00,62.00,1,-1,-1,-1
647,3228,402.00,500.00,17.00,40.00,1,-1,-1,-1
648,3212,271.00,567.00,57.00,136.00,1,-1,-1,-1
648,3221,1510.00,567.00,50.00,131.00,1,-1,-1,-1
648,3227,288.00,524.00,25.00,61.00,1,-1,-1,-1
648,3228,407.00,502.00,18.00,43.00,1,-1,-1,-1
649,3212,278.00,564.00,54.00,132.00,1,-1,-1,-1
649,3221,1524.00,572.00,50.00,130.00,1,-1,-1,-1
649,3227,290.00,519.00,27.00,65.00,1,-1,-1,-1
649,3228,413.00,499.00,18.00,44.00,1,-1,-1,-1
650,3212,283.00,568.00,51.00,125.00,1,-1,-1,-1
650,3221,1532.00,569.00,51.00,130.00,1,-1,-1,-1
650,3227,292.00,520.00,29.00,69.00,1,-1,-1,-1
650,3228,418.00,498.00,19.00,47.00,1,-1,-1,-1
650,3234,915.00,492.00,23.00,56.00,1,-1,-1,-1
651,3212,287.00,569.00,53.00,129.00,1,-1,-1,-1
651,3221,1546.00,564.00,55.00,142.00,1,-1,-1,-1
651,3227,297.00,525.00,29.00,68.00,1,-1,-1,-1
651,3228,422.00,500.00,19.00,46.00,1,-1,-1,-1
651,3234,923.00,494.00,25.00,59.00,1,-1,-1,-1
652,3212,294.00,560.00,53.00,131.00,1,-1,-1,-1
652,3221,1559.00,567.00,50.00,131.00,1,-1,-1,-1
652,3227,301.00,518.00,28.00,68.00,1,-1,-1,-1
652,3228,431.00,493.00,18.00,44.00,1,-1,-1,-1
652,3234,931.00,494.00,23.00,55.00,1,-1,-1,-1
653,3212,298.00,558.00,52.00,132.00,1,-1,-1,-1
653,3221,1573.00,563.00,53.00,139.00,1,-1,-1,-1
653,3227,306.00,515.00,30.00,70.00,1,-1,-1,-1
653,3228,436.00,491.00,19.00,46.00,1,-1,-1,-1
653,3234,937.00,489.00,26.00,61.00,1,-1,-1,-1
654,3212,303.00,562.00,53.00,132.00,1,-1,-1,-1
654,3221,1591.00,558.00,53.00,139.00,1,-1,-1,-1
654,3227,314.00,519.00,30.00,71.00,1,-1,-1,-1
654,3228,445.00,492.00,18.00,44.00,1,-1,-1,-1
654,3234,946.00,486.00,24.00,57.00,1,-1,-1,-1
655,3212,316.00,566.00,50.00,126.00,1,-1,-1,-1
655,3221,1611.00,562.00,50.00,133.00,1,-1,-1,-1
655,3227,318.00,514.00,31.00,74.00,1,-1,-1,-1
655,3228,450.00,491.00,18.00,45.00,1,-1,-1,-1
655,3234,954.00,486.00,24.00,56.00,1,-1,-1,-1
655,3238,414.00,492.00,26.00,47.00,1,-1,-1,-1
656,3212,323.00,572.00,51.00,128.00,1,-1,-1,-1
656,3221,1627.00,558.00,51.00,135.00,1,-1,-1,-1
656,3227,322.00,520.00,32.00,75.00,1,-1,-1,-1
656,3228,458.00,494.00,18.00,44.00,1,-1,-1,-1
656,3234,962.00,487.00,26.00,60.00,1,-1,-1,-1
656,3238,421.00,497.00,26.00,47.00,1,-1,-1,-1
657,3212,335.00,577.00,51.00,127.00,1,-1,-1,-1
657,3221,1652.00,564.00,51.00,137.00,1,-1,-1,-1
657,3227,328.00,525.00,31.00,75.00,1,-1,-1,-1
657,3228,468.00,498.00,17.00,44.00,1,-1,-1,-1
657,3234,974.00,489.00,25.00,60.00,1,-1,-1,-1
657,3238,432.00,499.00,26.00,48.00,1,-1,-1,-1
658,3212,341.00,580.00,52.00,129.00,1,-1,-1,-1
658,3221,1671.00,564.00,54.00,145.00,1,-1,-1,-1
658,3227,335.00,525.00,31.00,76.00,1,-1,-1,-1
658,3228,478.00,501.00,16.00,42.00,1,-1,-1,-1
658,3234,981.00,490.00,26.00,62.00,1,-1,-1,-1
658,3238,440.00,502.00,26.00,47.00,1,-1,-1,-1
659,3212,347.00,594.00,52.00,125.00,1,-1,-1,-1
659,3221,1692.00,577.00,55.00,147.00,1,-1,-1,-1
659,3227,344.00,538.00,30.00,72.00,1,-1,-1,-1
659,3228,486.00,511.00,17.00,43.00,1,-1,-1,-1
659,3234,990.00,501.00,26.00,63.00,1,-1,-1,-1
659,3238,448.00,514.00,25.00,46.00,1,-1,-1,-1
660,3212,354.00,595.00,52.00,128.00,1,-1,-1,-1
660,3221,1707.00,586.00,57.00,154.00,1,-1,-1,-1
660,3227,348.00,536.00,31.00,72.00,1,-1,-1,-1
660,3228,489.00,514.00,17.00,44.00,1,-1,-1,-1
660,3234,996.00,504.00,26.00,65.00,1,-1,-1,-1
660,3238,453.00,515.00,25.00,47.00,1,-1,-1,-1
661,3212,362.00,597.00,53.00,130.00,1,-1,-1,-1
661,3221,1729.00,592.00,58.00,156.00,1,-1,-1,-1
661,3227,350.00,535.00,32.00,76.00,1,-1,-1,-1
661,3228,495.00,512.00,18.00,47.00,1,-1,-1,-1
661,3234,1002.00,503.00,27.00,67.00,1,-1,-1,-1
661,3238,460.00,515.00,25.00,47.00,1,-1,-1,-1
661,3244,1742.00,588.00,89.00,236.00,1,-1,-1,-1
662,3212,372.00,598.00,51.00,126.00,1,-1,-1,-1
662,3221,1750.00,596.00,56.00,152.00,1,-1,-1,-1
662,3227,356.00,536.00,31.00,76.00,1,-1,-1,-1
662,3228,502.00,513.00,17.00,44.00,1,-1,-1,-1
662,3234,1011.00,506.00,26.00,66.00,1,-1,-1,-1
662,3238,465.00,514.00,25.00,46.00,1,-1,-1,-1
663,3212,381.00,595.00,51.00,124.00,1,-1,-1,-1
663,3221,1768.00,604.00,56.00,155.00,1,-1,-1,-1
663,3227,362.00,538.00,29.00,72.00,1,-1,-1,-1
663,3228,508.00,515.00,17.00,42.00,1,-1,-1,-1
663,3234,1020.00,506.00,26.00,67.00,1,-1,-1,-1
663,3238,470.00,510.00,26.00,49.00,1,-1,-1,-1
664,3212,388.00,593.00,50.00,124.00,1,-1,-1,-1
664,3221,1789.00,619.00,53.00,145.00,1,-1,-1,-1
664,3227,366.00,533.00,30.00,72.00,1,-1,-1,-1
664,3228,516.00,511.00,16.00,42.00,1,-1,-1,-1
664,3234,1029.00,509.00,25.00,63.00,1,-1,-1,-1
664,3238,476.00,506.00,26.00,50.00,1,-1,-1,-1
665,3212,391.00,593.00,55.00,133.00,1,-1,-1,-1
665,3221,1810.00,623.00,53.00,146.00,1,-1,-1,-1
665,3227,370.00,532.00,31.00,73.00,1,-1,-1,-1
665,3228,519.00,511.00,17.00,43.00,1,-1,-1,-1
665,3234,1038.00,510.00,25.00,62.00,1,-1,-1,-1
665,3238,485.00,505.00,25.00,48.00,1,-1,-1,-1
666,3212,406.00,592.00,54.00,130.00,1,-1,-1,-1
666,3221,1831.00,634.00,53.00,145.00,1,-1,-1,-1
666,3227,372.00,525.00,33.00,81.00,1,-1,-1,-1
666,3228,527.00,508.00,17.00,41.00,1,-1,-1,-1
666,3234,1046.00,509.00,25.00,64.00,1,-1,-1,-1
666,3238,493.00,504.00,24.00,46.00,1,-1,-1,-1
667,3212,417.00,591.00,55.00,129.00,1,-1,-1,-1
667,3221,1852.00,635.00,53.00,143.00,1,-1,-1,-1
667,3227,380.00,525.00,32.00,79.00,1,-1,-1,-1
667,3228,536.00,507.00,16.00,41.00,1,-1,-1,-1
667,3234,1055.00,511.00,23.00,59.00,1,-1,-1,-1
667,3238,499.00,502.00,24.00,47.00,1,-1,-1,-1
668,3212,421.00,587.00,59.00,132.00,1,-1,-1,-1
668,3221,1869.00,639.00,56.00,156.00,1,-1,-1,-1
668,3227,383.00,520.00,34.00,85.00,1,-1,-1,-1
668,3228,542.00,503.00,17.00,43.00,1,-1,-1,-1
668,3234,1061.00,508.00,25.00,63.00,1,-1,-1,-1
668,3238,506.00,504.00,23.00,45.00,1,-1,-1,-1
668,3246,522.00,505.00,17.00,43.00,1,-1,-1,-1
669,3212,434.00,587.00,62.00,134.00,1,-1,-1,-1
669,3221,1881.00,651.00,50.00,141.00,1,-1,-1,-1
669,3227,390.00,522.00,32.00,79.00,1,-1,-1,-1
669,3228,548.00,498.00,18.00,46.00,1,-1,-1,-1
669,3234,1070.00,505.00,26.00,67.00,1,-1,-1,-1
669,3238,513.00,498.00,24.00,47.00,1,-1,-1,-1
670,3212,447.00,584.00,65.00,136.00,1,-1,-1,-1
670,3227,395.00,517.00,33.00,82.00,1,-1,-1,-1
670,3228,557.00,500.00,16.00,41.00,1,-1,-1,-1
670,3234,1079.00,506.00,25.00,64.00,1,-1,-1,-1
670,3238,520.00,495.00,24.00,48.00,1,-1,-1,-1
671,3212,454.00,580.00,68.00,139.00,1,-1,-1,-1
671,3227,401.00,511.00,34.00,86.00,1,-1,-1,-1
671,3228,563.00,495.00,17.00,43.00,1,-1,-1,-1
671,3234,1086.00,502.00,26.00,68.00,1,-1,-1,-1
671,3238,527.00,493.00,24.00,48.00,1,-1,-1,-1
672,3212,460.00,578.00,70.00,142.00,1,-1,-1,-1
672,3227,406.00,509.00,34.00,86.00,1,-1,-1,-1
672,3228,571.00,492.00,17.00,42.00,1,-1,-1,-1
672,3234,1094.00,504.00,25.00,63.00,1,-1,-1,-1
672,3238,532.00,492.00,23.00,46.00,1,-1,-1,-1
672,3249,546.00,493.00,19.00,47.00,1,-1,-1,-1
673,3212,475.00,581.00,69.00,138.00,1,-1,-1,-1
673,3227,413.00,506.00,34.00,85.00,1,-1,-1,-1
673,3228,577.00,491.00,17.00,43.00,1,-1,-1,-1
673,3234,1105.00,505.00,24.00,62.00,1,-1,-1,-1
673,3238,538.00,487.00,25.00,49.00,1,-1,-1,-1
674,3212,488.00,571.00,69.00,136.00,1,-1,-1,-1
674,3227,418.00,502.00,34.00,83.00,1,-1,-1,-1
674,3228,585.00,488.00,16.00,43.00,1,-1,-1,-1
674,3234,1113.00,499.00,25.00,64.00,1,-1,-1,-1
674,3238,548.00,483.00,25.00,50.00,1,-1,-1,-1
675,3212,506.00,570.00,68.00,132.00,1,-1,-1,-1
675,3227,424.00,496.00,35.00,87.00,1,-1,-1,-1
675,3228,590.00,484.00,17.00,43.00,1,-1,-1,-1
675,3234,1120.00,495.00,26.00,66.00,1,-1,-1,-1
675,3238,555.00,478.00,25.00,49.00,1,-1,-1,-1
675,3251,570.00,486.00,18.00,43.00,1,-1,-1,-1
676,3212,520.00,576.00,66.00,127.00,1,-1,-1,-1
676,3227,426.00,498.00,35.00,87.00,1,-1,-1,-1
676,3228,596.00,484.00,17.00,43.00,1,-1,-1,-1
676,3234,1127.00,494.00,25.00,63.00,1,-1,-1,-1
676,3238,561.00,479.00,24.00,49.00,1,-1,-1,-1
676,3251,574.00,487.00,18.00,42.00,1,-1,-1,-1
677,3212,530.00,577.00,69.00,131.00,1,-1,-1,-1
677,3227,432.00,490.00,37.00,95.00,1,-1,-1,-1
677,3228,603.00,480.00,17.00,44.00,1,-1,-1,-1
677,3234,1137.00,494.00,26.00,67.00,1,-1,-1,-1
677,3238,569.00,476.00,25.00,51.00,1,-1,-1,-1
678,3212,540.00,577.00,69.00,131.00,1,-1,-1,-1
678,3227,438.00,495.00,36.00,92.00,1,-1,-1,-1
678,3228,610.00,482.00,17.00,43.00,1,-1,-1,-1
678,3234,1147.00,494.00,27.00,70.00,1,-1,-1,-1
678,3238,584.00,483.00,21.00,45.00,1,-1,-1,-1
678,3251,577.00,481.00,20.00,48.00,1,-1,-1,-1
679,3212,549.00,576.00,73.00,139.00,1,-1,-1,-1
679,3227,446.00,503.00,36.00,90.00,1,-1,-1,-1
679,3228,618.00,489.00,17.00,44.00,1,-1,-1,-1
679,3234,1154.00,495.00,28.00,73.00,1,-1,-1,-1
679,3238,587.00,487.00,23.00,48.00,1,-1,-1,-1
680,3212,561.00,572.00,77.00,146.00,1,-1,-1,-1
680,3227,452.00,500.00,35.00,90.00,1,-1,-1,-1
680,3228,624.00,491.00,17.00,43.00,1,-1,-1,-1
680,3234,1163.00,502.00,28.00,71.00,1,-1,-1,-1
680,3238,591.00,485.00,25.00,51.00,1,-1,-1,-1
680,3253,606.00,495.00,16.00,39.00,1,-1,-1,-1
681,3212,568.00,586.00,79.00,154.00,1,-1,-1,-1
681,3227,452.00,521.00,37.00,93.00,1,-1,-1,-1
681,3228,628.00,504.00,17.00,44.00,1,-1,-1,-1
681,3234,1171.00,516.00,26.00,66.00,1,-1,-1,-1
681,3238,602.00,504.00,22.00,46.00,1,-1,-1,-1
682,3212,595.00,607.00,76.00,147.00,1,-1,-1,-1
682,3227,456.00,542.00,37.00,93.00,1,-1,-1,-1
682,3228,633.00,522.00,18.00,45.00,1,-1,-1,-1
682,3234,1177.00,519.00,26.00,67.00,1,-1,-1,-1
682,3254,597.00,526.00,23.00,52.00,1,-1,-1,-1
683,3212,609.00,600.00,73.00,142.00,1,-1,-1,-1
683,3227,461.00,532.00,35.00,88.00,1,-1,-1,-1
683,3228,637.00,509.00,18.00,47.00,1,-1,-1,-1
683,3234,1184.00,517.00,26.00,65.00,1,-1,-1,-1
683,3253,606.00,505.00,18.00,44.00,1,-1,-1,-1
683,3238,617.00,510.00,21.00,45.00,1,-1,-1,-1
684,3212,621.00,591.00,72.00,141.00,1,-1,-1,-1
684,3227,463.00,522.00,36.00,89.00,1,-1,-1,-1
684,3228,642.00,498.00,18.00,46.00,1,-1,-1,-1
684,3234,1189.00,507.00,27.00,67.00,1,-1,-1,-1
684,3253,610.00,499.00,20.00,47.00,1,-1,-1,-1
684,3238,625.00,505.00,18.00,41.00,1,-1,-1,-1
685,3212,646.00,589.00,71.00,139.00,1,-1,-1,-1
685,3227,468.00,520.00,34.00,85.00,1,-1,-1,-1
685,3228,650.00,494.00,18.00,48.00,1,-1,-1,-1
685,3234,1194.00,494.00,29.00,72.00,1,-1,-1,-1
685,3253,615.00,494.00,20.00,48.00,1,-1,-1,-1
685,3238,631.00,503.00,19.00,42.00,1,-1,-1,-1
686,3212,657.00,579.00,71.00,140.00,1,-1,-1,-1
686,3227,472.00,510.00,33.00,83.00,1,-1,-1,-1
686,3228,655.00,486.00,19.00,50.00,1,-1,-1,-1
686,3234,1203.00,488.00,29.00,73.00,1,-1,-1,-1
686,3253,619.00,488.00,20.00,47.00,1,-1,-1,-1
686,3238,641.00,497.00,19.00,43.00,1,-1,-1,-1
687,3212,669.00,572.00,76.00,148.00,1,-1,-1,-1
687,3227,480.00,506.00,35.00,86.00,1,-1,-1,-1
687,3228,661.00,482.00,19.00,50.00,1,-1,-1,-1
687,3234,1213.00,484.00,30.00,76.00,1,-1,-1,-1
687,3253,628.00,483.00,20.00,48.00,1,-1,-1,-1
687,3238,645.00,492.00,19.00,43.00,1,-1,-1,-1
688,3212,683.00,571.00,77.00,147.00,1,-1,-1,-1
688,3227,483.00,505.00,37.00,89.00,1,-1,-1,-1
688,3228,666.00,479.00,20.00,53.00,1,-1,-1,-1
688,3234,1220.00,482.00,29.00,74.00,1,-1,-1,-1
688,3253,637.00,483.00,20.00,48.00,1,-1,-1,-1
688,3238,651.00,490.00,19.00,43.00,1,-1,-1,-1
689,3212,691.00,562.00,82.00,157.00,1,-1,-1,-1
689,3227,488.00,503.00,37.00,91.00,1,-1,-1,-1
689,3228,672.00,478.00,19.00,48.00,1,-1,-1,-1
689,3234,1229.00,482.00,29.00,73.00,1,-1,-1,-1
689,3253,641.00,480.00,20.00,48.00,1,-1,-1,-1
689,3238,657.00,486.00,19.00,43.00,1,-1,-1,-1
690,3212,709.00,561.00,83.00,158.00,1,-1,-1,-1
690,3227,492.00,500.00,38.00,92.00,1,-1,-1,-1
690,3228,680.00,476.00,19.00,47.00,1,-1,-1,-1
690,3234,1240.00,486.00,28.00,73.00,1,-1,-1,-1
690,3253,647.00,476.00,21.00,48.00,1,-1,-1,-1
690,3238,665.00,483.00,19.00,45.00,1,-1,-1,-1
691,3212,725.00,559.00,83.00,155.00,1,-1,-1,-1
691,3227,498.00,495.00,38.00,96.00,1,-1,-1,-1
691,3228,683.00,473.00,20.00,52.00,1,-1,-1,-1
691,3234,1248.00,483.00,29.00,77.00,1,-1,-1,-1
691,3253,650.00,474.00,23.00,52.00,1,-1,-1,-1
691,3238,667.00,482.00,20.00,45.00,1,-1,-1,-1
692,3212,737.00,564.00,83.00,156.00,1,-1,-1,-1
692,3227,503.00,497.00,37.00,90.00,1,-1,-1,-1
692,3228,690.00,470.00,21.00,54.00,1,-1,-1,-1
692,3234,1255.00,487.00,29.00,76.00,1,-1,-1,-1
692,3253,658.00,473.00,23.00,53.00,1,-1,-1,-1
692,3238,675.00,482.00,18.00,43.00,1,-1,-1,-1
693,3212,752.00,573.00,79.00,150.00,1,-1,-1,-1
693,3227,508.00,495.00,38.00,93.00,1,-1,-1,-1
693,3228,696.00,472.00,20.00,52.00,1,-1,-1,-1
693,3234,1264.00,490.00,27.00,72.00,1,-1,-1,-1
693,3253,665.00,471.00,23.00,51.00,1,-1,-1,-1
693,3238,682.00,481.00,19.00,44.00,1,-1,-1,-1
694,3212,772.00,579.00,81.00,153.00,1,-1,-1,-1
694,3227,514.00,500.00,36.00,90.00,1,-1,-1,-1
694,3228,705.00,476.00,19.00,50.00,1,-1,-1,-1
694,3234,1272.00,494.00,28.00,75.00,1,-1,-1,-1
694,3253,670.00,475.00,23.00,51.00,1,-1,-1,-1
694,3238,686.00,480.00,19.00,47.00,1,-1,-1,-1
695,3212,784.00,578.00,79.00,153.00,1,-1,-1,-1
695,3227,518.00,501.00,37.00,89.00,1,-1,-1,-1
695,3228,710.00,476.00,20.00,52.00,1,-1,-1,-1
695,3234,1280.00,499.00,27.00,70.00,1,-1,-1,-1
695,3253,678.00,480.00,21.00,47.00,1,-1,-1,-1
695,3238,692.00,482.00,20.00,47.00,1,-1,-1,-1
696,3212,806.00,583.00,78.00,151.00,1,-1,-1,-1
696,3227,521.00,498.00,39.00,94.00,1,-1,-1,-1
696,3228,717.00,475.00,21.00,54.00,1,-1,-1,-1
696,3234,1291.00,505.00,26.00,68.00,1,-1,-1,-1
696,3253,685.00,481.00,20.00,46.00,1,-1,-1,-1
696,3238,700.00,485.00,17.00,43.00,1,-1,-1,-1
697,3212,825.00,586.00,78.00,146.00,1,-1,-1,-1
697,3227,528.00,499.00,39.00,93.00,1,-1,-1,-1
697,3228,722.00,478.00,20.00,52.00,1,-1,-1,-1
697,3234,1298.00,508.00,27.00,70.00,1,-1,-1,-1
697,3253,688.00,478.00,22.00,50.00,1,-1,-1,-1
697,3238,704.00,484.00,18.00,44.00,1,-1,-1,-1
698,3212,847.00,589.00,80.00,146.00,1,-1,-1,-1
698,3227,530.00,498.00,41.00,98.00,1,-1,-1,-1
698,3228,726.00,476.00,22.00,56.00,1,-1,-1,-1
698,3234,1306.00,513.00,25.00,66.00,1,-1,-1,-1
698,3253,694.00,480.00,21.00,48.00,1,-1,-1,-1
698,3238,710.00,484.00,19.00,47.00,1,-1,-1,-1
699,3212,863.00,588.00,84.00,149.00,1,-1,-1,-1
699,3227,534.00,499.00,40.00,96.00,1,-1,-1,-1
699,3228,733.00,477.00,20.00,54.00,1,-1,-1,-1
699,3234,1313.00,518.00,25.00,65.00,1,-1,-1,-1
699,3253,698.00,482.00,21.00,48.00,1,-1,-1,-1
699,3238,716.00,484.00,19.00,48.00,1,-1,-1,-1
700,3212,876.00,591.00,86.00,150.00,1,-1,-1,-1
700,3227,537.00,499.00,42.00,99.00,1,-1,-1,-1
700,3228,738.00,478.00,21.00,55.00,1,-1,-1,-1
700,3234,1322.00,519.00,24.00,63.00,1,-1,-1,-1
700,3253,704.00,484.00,21.00,48.00,1,-1,-1,-1
700,3238,722.00,486.00,19.00,49.00,1,-1,-1,-1
701,3212,891.00,593.00,87.00,152.00,1,-1,-1,-1
701,3227,539.00,498.00,44.00,104.00,1,-1,-1,-1
701,3228,742.00,480.00,21.00,54.00,1,-1,-1,-1
701,3234,1331.00,522.00,25.00,63.00,1,-1,-1,-1
701,3253,710.00,482.00,22.00,50.00,1,-1,-1,-1
701,3238,729.00,488.00,18.00,45.00,1,-1,-1,-1
702,3212,909.00,598.00,87.00,152.00,1,-1,-1,-1
702,3227,543.00,503.00,42.00,100.00,1,-1,-1,-1
702,3228,749.00,482.00,21.00,53.00,1,-1,-1,-1
702,3234,1340.00,524.00,25.00,65.00,1,-1,-1,-1
702,3253,715.00,480.00,23.00,51.00,1,-1,-1,-1
702,3238,736.00,488.00,18.00,45.00,1,-1,-1,-1
703,3212,929.00,609.00,84.00,147.00,1,-1,-1,-1
703,3227,549.00,498.00,43.00,102.00,1,-1,-1,-1
703,3228,755.00,484.00,21.00,55.00,1,-1,-1,-1
703,3234,1346.00,524.00,27.00,69.00,1,-1,-1,-1
703,3253,721.00,484.00,22.00,48.00,1,-1,-1,-1
703,3238,737.00,486.00,19.00,49.00,1,-1,-1,-1
704,3212,944.00,614.00,88.00,154.00,1,-1,-1,-1
704,3227,550.00,499.00,43.00,102.00,1,-1,-1,-1
704,3228,759.00,484.00,22.00,57.00,1,-1,-1,-1
704,3234,1352.00,530.00,27.00,70.00,1,-1,-1,-1
704,3253,726.00,486.00,22.00,50.00,1,-1,-1,-1
704,3238,741.00,488.00,20.00,50.00,1,-1,-1,-1
705,3212,961.00,614.00,90.00,158.00,1,-1,-1,-1
705,3227,555.00,504.00,42.00,98.00,1,-1,-1,-1
705,3228,763.00,485.00,23.00,57.00,1,-1,-1,-1
705,3234,1359.00,532.00,26.00,68.00,1,-1,-1,-1
705,3253,730.00,487.00,23.00,51.00,1,-1,-1,-1
705,3238,746.00,490.00,20.00,49.00,1,-1,-1,-1
706,3212,974.00,614.00,93.00,166.00,1,-1,-1,-1
706,3227,557.00,505.00,44.00,102.00,1,-1,-1,-1
706,3228,768.00,485.00,22.00,56.00,1,-1,-1,-1
706,3234,1368.00,541.00,26.00,65.00,1,-1,-1,-1
706,3253,735.00,489.00,23.00,50.00,1,-1,-1,-1
706,3238,751.00,494.00,19.00,49.00,1,-1,-1,-1
707,3212,985.00,607.00,100.00,177.00,1,-1,-1,-1
707,3227,559.00,508.00,44.00,102.00,1,-1,-1,-1
707,3228,771.00,487.00,21.00,55.00,1,-1,-1,-1
707,3234,1373.00,539.00,26.00,67.00,1,-1,-1,-1
707,3253,739.00,490.00,22.00,49.00,1,-1,-1,-1
707,3238,755.00,497.00,19.00,50.00,1,-1,-1,-1
708,3212,1000.00,608.00,104.00,182.00,1,-1,-1,-1
708,3227,561.00,515.00,44.00,101.00,1,-1,-1,-1
708,3228,774.00,492.00,21.00,55.00,1,-1,-1,-1
708,3234,1382.00,539.00,27.00,69.00,1,-1,-1,-1
708,3253,740.00,491.00,23.00,54.00,1,-1,-1,-1
708,3238,759.00,497.00,21.00,52.00,1,-1,-1,-1
709,3212,1020.00,613.00,103.00,179.00,1,-1,-1,-1
709,3227,563.00,518.00,43.00,99.00,1,-1,-1,-1
709,3228,778.00,492.00,22.00,58.00,1,-1,-1,-1
709,3234,1389.00,537.00,26.00,67.00,1,-1,-1,-1
709,3253,744.00,496.00,23.00,52.00,1,-1,-1,-1
709,3238,763.00,499.00,20.00,52.00,1,-1,-1,-1
710,3212,1035.00,620.00,106.00,186.00,1,-1,-1,-1
710,3227,564.00,523.00,44.00,102.00,1,-1,-1,-1
710,3228,784.00,496.00,22.00,57.00,1,-1,-1,-1
710,3234,1393.00,544.00,27.00,69.00,1,-1,-1,-1
710,3253,748.00,500.00,23.00,53.00,1,-1,-1,-1
710,3238,768.00,505.00,19.00,47.00,1,-1,-1,-1
711,3212,1056.00,619.00,105.00,182.00,1,-1,-1,-1
711,3227,567.00,526.00,45.00,105.00,1,-1,-1,-1
711,3228,789.00,500.00,22.00,58.00,1,-1,-1,-1
711,3234,1401.00,539.00,27.00,69.00,1,-1,-1,-1
711,3253,752.00,501.00,23.00,54.00,1,-1,-1,-1
711,3238,772.00,507.00,20.00,50.00,1,-1,-1,-1
712,3212,1073.00,628.00,106.00,187.00,1,-1,-1,-1
712,3227,569.00,528.00,47.00,111.00,1,-1,-1,-1
712,3228,791.00,502.00,22.00,59.00,1,-1,-1,-1
712,3234,1409.00,542.00,26.00,68.00,1,-1,-1,-1
712,3253,756.00,504.00,24.00,55.00,1,-1,-1,-1
712,3238,774.00,511.00,19.00,48.00,1,-1,-1,-1
713,3212,1095.00,630.00,103.00,181.00,1,-1,-1,-1
713,3227,573.00,531.00,45.00,107.00,1,-1,-1,-1
713,3228,793.00,501.00,22.00,57.00,1,-1,-1,-1
713,3234,1413.00,536.00,28.00,70.00,1,-1,-1,-1
713,3253,757.00,503.00,24.00,55.00,1,-1,-1,-1
713,3238,778.00,510.00,20.00,49.00,1,-1,-1,-1
714,3212,1120.00,640.00,102.00,180.00,1,-1,-1,-1
714,3227,573.00,538.00,46.00,107.00,1,-1,-1,-1
714,3228,799.00,507.00,22.00,59.00,1,-1,-1,-1
714,3234,1418.00,531.00,28.00,72.00,1,-1,-1,-1
714,3253,762.00,510.00,22.00,51.00,1,-1,-1,-1
714,3238,781.00,516.00,19.00,47.00,1,-1,-1,-1
715,3212,1141.00,641.00,100.00,177.00,1,-1,-1,-1
715,3227,574.00,541.00,45.00,106.00,1,-1,-1,-1
715,3228,801.00,507.00,23.00,62.00,1,-1,-1,-1
715,3234,1424.00,531.00,28.00,71.00,1,-1,-1,-1
715,3253,764.00,509.00,24.00,55.00,1,-1,-1,-1
715,3238,783.00,517.00,19.00,49.00,1,-1,-1,-1
716,3212,1156.00,635.00,104.00,182.00,1,-1,-1,-1
716,3227,576.00,540.00,48.00,113.00,1,-1,-1,-1
716,3228,801.00,507.00,23.00,59.00,1,-1,-1,-1
716,3234,1431.00,529.00,27.00,69.00,1,-1,-1,-1
716,3253,766.00,510.00,24.00,56.00,1,-1,-1,-1
716,3238,783.00,518.00,19.00,48.00,1,-1,-1,-1
717,3212,1173.00,631.00,105.00,185.00,1,-1,-1,-1
717,3227,574.00,541.00,48.00,112.00,1,-1,-1,-1
717,3228,805.00,506.00,24.00,63.00,1,-1,-1,-1
717,3234,1436.00,530.00,26.00,65.00,1,-1,-1,-1
717,3253,769.00,513.00,24.00,54.00,1,-1,-1,-1
717,3238,789.00,519.00,18.00,45.00,1,-1,-1,-1
718,3212,1193.00,632.00,108.00,189.00,1,-1,-1,-1
718,3227,578.00,547.00,45.00,107.00,1,-1,-1,-1
718,3228,809.00,510.00,24.00,62.00,1,-1,-1,-1
718,3234,1443.00,524.00,28.00,71.00,1,-1,-1,-1
718,3253,771.00,512.00,25.00,56.00,1,-1,-1,-1
718,3238,789.00,520.00,19.00,48.00,1,-1,-1,-1
719,3212,1217.00,635.00,110.00,190.00,1,-1,-1,-1
719,3227,576.00,541.00,48.00,115.00,1,-1,-1,-1
719,3228,812.00,508.00,26.00,66.00,1,-1,-1,-1
719,3234,1452.00,530.00,27.00,70.00,1,-1,-1,-1
719,3253,778.00,512.00,24.00,56.00,1,-1,-1,-1
719,3238,794.00,518.00,20.00,52.00,1,-1,-1,-1
720,3212,1241.00,635.00,115.00,192.00,1,-1,-1,-1
720,3227,579.00,547.00,48.00,112.00,1,-1,-1,-1
720,3228,815.00,510.00,25.00,65.00,1,-1,-1,-1
720,3234,1456.00,528.00,29.00,74.00,1,-1,-1,-1
720,3253,779.00,515.00,24.00,56.00,1,-1,-1,-1
720,3238,798.00,521.00,19.00,50.00,1,-1,-1,-1
721,3212,1247.00,634.00,117.00,201.00,1,-1,-1,-1
721,3227,580.00,546.00,48.00,113.00,1,-1,-1,-1
721,3228,818.00,513.00,24.00,61.00,1,-1,-1,-1
721,3234,1462.00,526.00,29.00,74.00,1,-1,-1,-1
721,3253,780.00,515.00,25.00,58.00,1,-1,-1,-1
721,3238,802.00,521.00,20.00,50.00,1,-1,-1,-1
722,3212,1269.00,648.00,111.00,195.00,1,-1,-1,-1
722,3227,585.00,547.00,47.00,113.00,1,-1,-1,-1
722,3228,821.00,511.00,24.00,62.00,1,-1,-1,-1
722,3234,1471.00,530.00,29.00,72.00,1,-1,-1,-1
722,3253,786.00,514.00,24.00,57.00,1,-1,-1,-1
722,3238,803.00,520.00,20.00,53.00,1,-1,-1,-1
723,3212,1296.00,655.00,114.00,200.00,1,-1,-1,-1
723,3227,588.00,550.00,46.00,108.00,1,-1,-1,-1
723,3228,828.00,511.00,24.00,62.00,1,-1,-1,-1
723,3234,1477.00,532.00,29.00,73.00,1,-1,-1,-1
723,3253,789.00,515.00,24.00,56.00,1,-1,-1,-1
723,3238,808.00,523.00,20.00,52.00,1,-1,-1,-1
724,3212,1324.00,668.00,109.00,196.00,1,-1,-1,-1
724,3227,587.00,556.00,48.00,113.00,1,-1,-1,-1
724,3228,830.00,518.00,25.00,64.00,1,-1,-1,-1
724,3234,1483.00,537.00,29.00,74.00,1,-1,-1,-1
724,3253,792.00,522.00,23.00,54.00,1,-1,-1,-1
724,3238,812.00,530.00,18.00,47.00,1,-1,-1,-1
725,3212,1354.00,665.00,111.00,199.00,1,-1,-1,-1
725,3227,588.00,560.00,48.00,113.00,1,-1,-1,-1
725,3228,834.00,521.00,25.00,64.00,1,-1,-1,-1
725,3234,1488.00,537.00,29.00,74.00,1,-1,-1,-1
725,3253,797.00,524.00,24.00,56.00,1,-1,-1,-1
725,3238,814.00,528.00,20.00,52.00,1,-1,-1,-1
726,3212,1379.00,677.00,110.00,197.00,1,-1,-1,-1
726,3227,589.00,561.00,49.00,116.00,1,-1,-1,-1
726,3228,837.00,520.00,24.00,62.00,1,-1,-1,-1
726,3234,1497.00,542.00,29.00,73.00,1,-1,-1,-1
726,3253,800.00,522.00,24.00,57.00,1,-1,-1,-1
726,3238,819.00,531.00,20.00,51.00,1,-1,-1,-1
727,3212,1402.00,681.00,114.00,201.00,1,-1,-1,-1
727,3227,592.00,569.00,48.00,116.00,1,-1,-1,-1
727,3228,839.00,523.00,24.00,64.00,1,-1,-1,-1
727,3234,1504.00,544.00,27.00,70.00,1,-1,-1,-1
727,3253,804.00,529.00,23.00,55.00,1,-1,-1,-1
727,3238,821.00,534.00,20.00,50.00,1,-1,-1,-1
728,3212,1426.00,691.00,110.00,191.00,1,-1,-1,-1
728,3227,592.00,563.00,50.00,123.00,1,-1,-1,-1
728,3228,842.00,526.00,24.00,61.00,1,-1,-1,-1
728,3234,1509.00,548.00,30.00,75.00,1,-1,-1,-1
728,3253,806.00,528.00,25.00,58.00,1,-1,-1,-1
728,3238,826.00,536.00,19.00,48.00,1,-1,-1,-1
729,3212,1445.00,684.00,119.00,205.00,1,-1,-1,-1
729,3227,592.00,562.00,50.00,123.00,1,-1,-1,-1
729,3228,846.00,528.00,24.00,61.00,1,-1,-1,-1
729,3234,1516.00,548.00,30.00,74.00,1,-1,-1,-1
729,3253,808.00,529.00,24.00,56.00,1,-1,-1,-1
729,3238,830.00,537.00,19.00,48.00,1,-1,-1,-1
730,3212,1480.00,700.00,114.00,196.00,1,-1,-1,-1
730,3227,598.00,562.00,50.00,121.00,1,-1,-1,-1
730,3228,850.00,529.00,24.00,63.00,1,-1,-1,-1
730,3234,1523.00,553.00,30.00,75.00,1,-1,-1,-1
730,3253,813.00,531.00,24.00,57.00,1,-1,-1,-1
730,3238,832.00,537.00,20.00,51.00,1,-1,-1,-1
731,3212,1500.00,706.00,120.00,207.00,1,-1,-1,-1
731,3227,599.00,566.00,50.00,120.00,1,-1,-1,-1
731,3228,854.00,529.00,25.00,63.00,1,-1,-1,-1
731,3234,1532.00,554.00,31.00,74.00,1,-1,-1,-1
731,3253,815.00,528.00,24.00,57.00,1,-1,-1,-1
731,3238,833.00,536.00,21.00,54.00,1,-1,-1,-1
732,3212,1524.00,711.00,126.00,221.00,1,-1,-1,-1
732,3227,600.00,565.00,50.00,120.00,1,-1,-1,-1
732,3228,855.00,526.00,25.00,65.00,1,-1,-1,-1
732,3234,1540.00,555.00,30.00,73.00,1,-1,-1,-1
732,3253,818.00,527.00,26.00,60.00,1,-1,-1,-1
732,3238,838.00,537.00,20.00,52.00,1,-1,-1,-1
733,3212,1542.00,713.00,131.00,235.00,1,-1,-1,-1
733,3227,602.00,564.00,52.00,124.00,1,-1,-1,-1
733,3228,858.00,525.00,26.00,66.00,1,-1,-1,-1
733,3234,1543.00,555.00,31.00,75.00,1,-1,-1,-1
733,3253,821.00,528.00,25.00,59.00,1,-1,-1,-1
733,3238,841.00,534.00,21.00,54.00,1,-1,-1,-1
734,3212,1575.00,705.00,130.00,237.00,1,-1,-1,-1
734,3227,600.00,563.00,51.00,123.00,1,-1,-1,-1
734,3228,863.00,521.00,26.00,67.00,1,-1,-1,-1
734,3234,1548.00,557.00,32.00,77.00,1,-1,-1,-1
734,3253,826.00,526.00,25.00,59.00,1,-1,-1,-1
734,3238,846.00,531.00,21.00,55.00,1,-1,-1,-1
735,3212,1612.00,704.00,132.00,239.00,1,-1,-1,-1
735,3227,605.00,571.00,49.00,120.00,1,-1,-1,-1
735,3228,863.00,520.00,26.00,70.00,1,-1,-1,-1
735,3234,1555.00,556.00,31.00,76.00,1,-1,-1,-1
735,3253,826.00,524.00,27.00,61.00,1,-1,-1,-1
735,3238,848.00,532.00,20.00,52.00,1,-1,-1,-1
736,3212,1637.00,706.00,137.00,247.00,1,-1,-1,-1
736,3227,605.00,563.00,49.00,119.00,1,-1,-1,-1
736,3228,866.00,519.00,26.00,69.00,1,-1,-1,-1
736,3234,1563.00,554.00,32.00,78.00,1,-1,-1,-1
736,3253,830.00,522.00,27.00,61.00,1,-1,-1,-1
736,3238,851.00,530.00,20.00,53.00,1,-1,-1,-1
737,3212,1660.00,703.00,140.00,254.00,1,-1,-1,-1
737,3227,605.00,562.00,50.00,119.00,1,-1,-1,-1
737,3228,869.00,519.00,26.00,68.00,1,-1,-1,-1
737,3234,1566.00,549.00,33.00,81.00,1,-1,-1,-1
737,3253,835.00,523.00,25.00,56.00,1,-1,-1,-1
737,3238,854.00,530.00,21.00,53.00,1,-1,-1,-1
738,3212,1689.00,709.00,141.00,255.00,1,-1,-1,-1
738,3227,604.00,563.00,51.00,121.00,1,-1,-1,-1
738,3228,872.00,519.00,27.00,69.00,1,-1,-1,-1
738,3234,1571.00,550.00,34.00,83.00,1,-1,-1,-1
738,3253,836.00,525.00,23.00,53.00,1,-1,-1,-1
738,3238,855.00,530.00,22.00,54.00,1,-1,-1,-1
739,3212,1716.00,706.00,152.00,277.00,1,-1,-1,-1
739,3227,603.00,564.00,54.00,130.00,1,-1,-1,-1
739,3228,874.00,522.00,26.00,68.00,1,-1,-1,-1
739,3234,1576.00,550.00,36.00,87.00,1,-1,-1,-1
739,3253,837.00,525.00,24.00,55.00,1,-1,-1,-1
739,3238,856.00,530.00,22.00,54.00,1,-1,-1,-1
740,3212,1746.00,714.00,147.00,266.00,1,-1,-1,-1
740,3227,601.00,566.00,55.00,131.00,1,-1,-1,-1
740,3228,876.00,522.00,26.00,66.00,1,-1,-1,-1
740,3234,1583.00,556.00,34.00,80.00,1,-1,-1,-1
740,3253,838.00,526.00,25.00,58.00,1,-1,-1,-1
740,3238,857.00,532.00,21.00,54.00,1,-1,-1,-1
741,3212,1785.00,733.00,145.00,260.00,1,-1,-1,-1
741,3227,605.00,570.00,54.00,129.00,1,-1,-1,-1
741,3228,878.00,524.00,24.00,64.00,1,-1,-1,-1
741,3234,1587.00,558.00,33.00,79.00,1,-1,-1,-1
741,3253,839.00,526.00,26.00,60.00,1,-1,-1,-1
741,3238,858.00,532.00,21.00,55.00,1,-1,-1,-1
742,3212,1805.00,735.00,151.00,277.00,1,-1,-1,-1
742,3227,607.00,570.00,52.00,125.00,1,-1,-1,-1
742,3228,879.00,524.00,25.00,66.00,1,-1,-1,-1
742,3234,1591.00,559.00,35.00,83.00,1,-1,-1,-1
742,3253,841.00,526.00,26.00,61.00,1,-1,-1,-1
742,3238,859.00,533.00,22.00,55.00,1,-1,-1,-1
743,3227,603.00,569.00,55.00,134.00,1,-1,-1,-1
743,3228,880.00,525.00,25.00,65.00,1,-1,-1,-1
743,3234,1598.00,563.00,33.00,79.00,1,-1,-1,-1
743,3253,843.00,529.00,24.00,57.00,1,-1,-1,-1
743,3238,862.00,535.00,21.00,54.00,1,-1,-1,-1
744,3227,605.00,571.00,54.00,131.00,1,-1,-1,-1
744,3228,882.00,525.00,25.00,67.00,1,-1,-1,-1
744,3234,1604.00,567.00,34.00,81.00,1,-1,-1,-1
744,3253,842.00,529.00,27.00,61.00,1,-1,-1,-1
744,3238,865.00,537.00,21.00,54.00,1,-1,-1,-1
745,3227,604.00,572.00,55.00,133.00,1,-1,-1,-1
745,3228,881.00,526.00,25.00,66.00,1,-1,-1,-1
745,3234,1606.00,566.00,35.00,83.00,1,-1,-1,-1
745,3253,841.00,528.00,27.00,64.00,1,-1,-1,-1
745,3238,864.00,540.00,22.00,54.00,1,-1,-1,-1
746,3227,600.00,567.00,57.00,143.00,1,-1,-1,-1
746,3228,881.00,526.00,25.00,65.00,1,-1,-1,-1
746,3234,1609.00,568.00,35.00,84.00,1,-1,-1,-1
746,3253,843.00,528.00,27.00,64.00,1,-1,-1,-1
746,3238,865.00,541.00,21.00,53.00,1,-1,-1,-1
747,3227,598.00,573.00,57.00,142.00,1,-1,-1,-1
747,3228,882.00,528.00,25.00,64.00,1,-1,-1,-1
747,3234,1614.00,567.00,36.00,86.00,1,-1,-1,-1
747,3253,845.00,530.00,26.00,63.00,1,-1,-1,-1
747,3238,866.00,542.00,21.00,54.00,1,-1,-1,-1
748,3227,597.00,570.00,58.00,147.00,1,-1,-1,-1
748,3228,883.00,529.00,25.00,63.00,1,-1,-1,-1
748,3234,1619.00,571.00,36.00,83.00,1,-1,-1,-1
748,3253,845.00,531.00,27.00,62.00,1,-1,-1,-1
748,3238,867.00,541.00,21.00,52.00,1,-1,-1,-1
749,3227,594.00,570.00,58.00,149.00,1,-1,-1,-1
749,3228,885.00,527.00,25.00,65.00,1,-1,-1,-1
749,3234,1623.00,568.00,35.00,82.00,1,-1,-1,-1
749,3253,847.00,531.00,25.00,60.00,1,-1,-1,-1
749,3238,867.00,540.00,21.00,53.00,1,-1,-1,-1
750,3227,594.00,570.00,59.00,153.00,1,-1,-1,-1
750,3228,885.00,527.00,24.00,63.00,1,-1,-1,-1
750,3234,1629.00,566.00,37.00,88.00,1,-1,-1,-1
750,3253,849.00,533.00,25.00,60.00,1,-1,-1,-1
750,3238,869.00,539.00,20.00,51.00,1,-1,-1,-1
