1,1,123.00,708.00,43.90,100.80,1,-1,-1,-1
1,2,542.00,554.00,34.20,90.50,1,-1,-1,-1
1,3,1519.00,560.00,50.80,117.50,1,-1,-1,-1
1,4,1373.00,519.00,34.50,93.60,1,-1,-1,-1
1,5,500.00,550.00,35.30,89.80,1,-1,-1,-1
1,6,1609.00,560.00,54.70,121.00,1,-1,-1,-1
1,7,1446.00,504.00,29.60,81.00,1,-1,-1,-1
1,8,1475.00,515.00,39.10,83.30,1,-1,-1,-1
1,9,268.00,586.00,50.20,145.00,1,-1,-1,-1
1,10,1074.00,485.00,17.20,38.70,1,-1,-1,-1
1,11,649.00,528.00,26.20,69.00,1,-1,-1,-1
1,12,-6.00,680.00,62.30,198.80,1,-1,-1,-1
1,13,787.00,505.00,17.90,45.00,1,-1,-1,-1
1,14,1185.00,488.00,14.10,33.60,1,-1,-1,-1
1,15,674.00,523.00,23.60,57.20,1,-1,-1,-1
1,16,826.00,509.00,18.70,46.60,1,-1,-1,-1
1,17,772.00,502.00,18.60,48.60,1,-1,-1,-1
1,18,188.00,579.00,54.20,144.90,1,-1,-1,-1
1,19,635.00,532.00,22.80,60.10,1,-1,-1,-1
2,1,112.00,700.00,41.50,96.90,1,-1,-1,-1
2,2,543.00,540.00,33.20,85.60,1,-1,-1,-1
2,3,1529.00,558.00,57.20,121.40,1,-1,-1,-1
2,4,1375.00,511.00,36.30,96.40,1,-1,-1,-1
2,5,498.00,537.00,37.80,94.70,1,-1,-1,-1
2,6,1618.00,556.00,53.80,126.80,1,-1,-1,-1
2,7,1449.00,505.00,30.20,78.50,1,-1,-1,-1
2,8,1486.00,515.00,33.00,77.10,1,-1,-1,-1
2,9,264.00,572.00,52.40,145.60,1,-1,-1,-1
2,10,1070.00,482.00,17.50,34.00,1,-1,-1,-1
2,11,647.00,520.00,27.40,69.20,1,-1,-1,-1
2,12,-9.00,655.00,54.80,227.50,1,-1,-1,-1
2,13,792.00,496.00,17.60,50.60,1,-1,-1,-1
2,14,1184.00,486.00,14.90,35.40,1,-1,-1,-1
2,15,675.00,513.00,24.70,61.10,1,-1,-1,-1
2,16,826.00,499.00,17.90,47.20,1,-1,-1,-1
2,17,776.00,499.00,17.70,46.80,1,-1,-1,-1
2,18,171.00,564.00,61.00,151.50,1,-1,-1,-1
2,19,634.00,524.00,22.30,59.90,1,-1,-1,-1
2,20,1874.00,564.00,41.20,107.10,1,-1,-1,-1
3,1,102.00,724.00,43.40,97.70,1,-1,-1,-1
3,2,543.00,551.00,33.00,85.00,1,-1,-1,-1
3,3,1531.00,548.00,53.80,123.00,1,-1,-1,-1
3,4,1377.00,512.00,38.40,95.30,1,-1,-1,-1
3,5,498.00,551.00,38.50,93.60,1,-1,-1,-1
3,6,1627.00,547.00,53.60,127.10,1,-1,-1,-1
3,7,1449.00,499.00,34.60,80.70,1,-1,-1,-1
3,8,1487.00,514.00,35.30,73.70,1,-1,-1,-1
3,9,246.00,594.00,56.40,152.90,1,-1,-1,-1
3,10,1075.00,483.00,16.60,39.40,1,-1,-1,-1
3,11,645.00,527.00,27.60,74.50,1,-1,-1,-1
3,13,790.00,514.00,16.50,41.40,1,-1,-1,-1
3,14,1182.00,486.00,15.00,35.00,1,-1,-1,-1
3,15,679.00,530.00,21.90,48.10,1,-1,-1,-1
3,16,828.00,510.00,18.30,44.70,1,-1,-1,-1
3,17,775.00,506.00,18.00,47.00,1,-1,-1,-1
3,18,171.00,593.00,51.30,149.30,1,-1,-1,-1
3,21,613.00,513.00,31.20,79.50,1,-1,-1,-1
4,1,90.00,721.00,46.10,100.40,1,-1,-1,-1
4,2,540.00,548.00,33.50,89.70,1,-1,-1,-1
4,3,1546.00,558.00,52.20,118.70,1,-1,-1,-1
4,4,1382.00,506.00,31.80,105.00,1,-1,-1,-1
4,5,498.00,548.00,37.60,86.60,1,-1,-1,-1
4,6,1635.00,552.00,62.00,133.00,1,-1,-1,-1
4,7,1458.00,498.00,30.60,80.80,1,-1,-1,-1
4,8,1490.00,509.00,36.70,76.90,1,-1,-1,-1
4,9,251.00,602.00,53.60,142.60,1,-1,-1,-1
4,10,1074.00,480.00,18.30,37.60,1,-1,-1,-1
4,11,637.00,527.00,28.60,73.60,1,-1,-1,-1
4,13,794.00,506.00,17.10,46.00,1,-1,-1,-1
4,15,676.00,521.00,23.90,61.70,1,-1,-1,-1
4,16,829.00,509.00,18.10,47.30,1,-1,-1,-1
4,17,778.00,507.00,18.50,43.60,1,-1,-1,-1
4,18,165.00,585.00,53.60,150.70,1,-1,-1,-1
4,22,654.00,528.00,24.50,72.00,1,-1,-1,-1
4,23,1190.00,483.00,14.90,34.70,1,-1,-1,-1
4,24,1065.00,476.00,21.60,48.40,1,-1,-1,-1
5,1,73.00,716.00,46.00,99.10,1,-1,-1,-1
5,2,542.00,552.00,35.20,85.50,1,-1,-1,-1
5,3,1549.00,568.00,53.60,118.30,1,-1,-1,-1
5,4,1383.00,520.00,34.30,96.60,1,-1,-1,-1
5,5,496.00,537.00,33.00,96.00,1,-1,-1,-1
5,6,1639.00,563.00,62.10,129.70,1,-1,-1,-1
5,7,1462.00,506.00,29.10,80.40,1,-1,-1,-1
5,8,1494.00,517.00,37.20,79.60,1,-1,-1,-1
5,9,240.00,595.00,50.00,140.60,1,-1,-1,-1
5,10,1074.00,487.00,15.10,34.80,1,-1,-1,-1
5,11,634.00,525.00,27.70,67.50,1,-1,-1,-1
5,13,795.00,504.00,17.60,44.90,1,-1,-1,-1
5,15,680.00,515.00,22.90,67.20,1,-1,-1,-1
5,16,827.00,507.00,18.20,44.90,1,-1,-1,-1
5,17,778.00,507.00,18.60,42.60,1,-1,-1,-1
5,18,157.00,585.00,52.60,148.60,1,-1,-1,-1
5,22,651.00,525.00,26.80,68.60,1,-1,-1,-1
5,23,1192.00,485.00,14.80,35.80,1,-1,-1,-1
5,25,614.00,510.00,32.20,76.00,1,-1,-1,-1
5,26,1278.00,490.00,19.70,43.80,1,-1,-1,-1
6,1,64.00,731.00,43.30,108.20,1,-1,-1,-1
6,2,540.00,559.00,33.30,88.80,1,-1,-1,-1
6,3,1560.00,575.00,50.20,119.60,1,-1,-1,-1
6,4,1391.00,526.00,35.80,98.80,1,-1,-1,-1
6,5,496.00,554.00,37.60,95.60,1,-1,-1,-1
6,6,1648.00,574.00,60.10,124.00,1,-1,-1,-1
6,7,1465.00,518.00,31.60,74.00,1,-1,-1,-1
6,8,1501.00,530.00,35.80,78.70,1,-1,-1,-1
6,9,237.00,602.00,54.10,148.30,1,-1,-1,-1
6,11,638.00,535.00,26.30,73.00,1,-1,-1,-1
6,13,797.00,516.00,16.20,44.70,1,-1,-1,-1
6,15,678.00,527.00,25.50,64.70,1,-1,-1,-1
6,16,829.00,519.00,17.20,46.30,1,-1,-1,-1
6,17,776.00,510.00,18.70,51.20,1,-1,-1,-1
6,18,141.00,590.00,56.30,148.00,1,-1,-1,-1
6,22,653.00,532.00,26.20,78.80,1,-1,-1,-1
6,26,1281.00,504.00,17.60,43.70,1,-1,-1,-1
7,1,47.00,736.00,48.10,106.60,1,-1,-1,-1
7,2,537.00,558.00,32.10,87.30,1,-1,-1,-1
7,3,1563.00,571.00,51.30,129.40,1,-1,-1,-1
7,4,1394.00,521.00,35.00,101.60,1,-1,-1,-1
7,5,496.00,550.00,36.60,91.60,1,-1,-1,-1
7,6,1657.00,564.00,62.80,138.60,1,-1,-1,-1
7,7,1466.00,510.00,31.10,76.00,1,-1,-1,-1
7,8,1502.00,517.00,37.30,81.60,1,-1,-1,-1
7,9,227.00,601.00,55.10,147.10,1,-1,-1,-1
7,11,637.00,531.00,23.80,62.20,1,-1,-1,-1
7,13,796.00,510.00,16.50,47.80,1,-1,-1,-1
7,15,678.00,523.00,27.70,65.40,1,-1,-1,-1
7,16,828.00,510.00,18.60,48.20,1,-1,-1,-1
7,17,774.00,502.00,19.80,50.00,1,-1,-1,-1
7,18,132.00,588.00,57.10,153.40,1,-1,-1,-1
7,22,652.00,531.00,24.20,65.90,1,-1,-1,-1
7,26,1283.00,495.00,19.10,46.40,1,-1,-1,-1
7,27,1074.00,493.00,14.80,33.60,1,-1,-1,-1
7,28,1197.00,489.00,16.40,36.40,1,-1,-1,-1
7,29,988.00,498.00,14.80,35.60,1,-1,-1,-1
8,1,33.00,748.00,46.90,104.00,1,-1,-1,-1
8,2,535.00,557.00,32.80,91.50,1,-1,-1,-1
8,3,1571.00,579.00,50.50,121.60,1,-1,-1,-1
8,4,1392.00,537.00,34.50,91.70,1,-1,-1,-1
8,5,494.00,557.00,36.00,94.20,1,-1,-1,-1
8,6,1661.00,582.00,62.70,126.50,1,-1,-1,-1
8,7,1469.00,515.00,33.00,82.00,1,-1,-1,-1
8,8,1511.00,531.00,37.70,88.50,1,-1,-1,-1
8,9,218.00,613.00,49.00,135.90,1,-1,-1,-1
8,11,633.00,544.00,23.50,60.60,1,-1,-1,-1
8,13,796.00,514.00,17.30,49.10,1,-1,-1,-1
8,15,678.00,530.00,26.60,65.60,1,-1,-1,-1
8,16,828.00,518.00,17.50,44.30,1,-1,-1,-1
8,17,779.00,511.00,20.70,49.40,1,-1,-1,-1
8,18,122.00,604.00,61.70,148.20,1,-1,-1,-1
8,22,647.00,535.00,27.20,74.00,1,-1,-1,-1
8,26,1280.00,501.00,21.00,46.40,1,-1,-1,-1
8,27,1080.00,496.00,15.20,33.20,1,-1,-1,-1
8,28,1192.00,500.00,15.80,36.30,1,-1,-1,-1
9,1,16.00,745.00,46.90,109.70,1,-1,-1,-1
9,2,536.00,561.00,34.20,85.10,1,-1,-1,-1
9,3,1576.00,593.00,51.90,117.00,1,-1,-1,-1
9,4,1400.00,535.00,33.90,102.50,1,-1,-1,-1
9,5,492.00,558.00,33.00,89.50,1,-1,-1,-1
9,6,1669.00,581.00,71.20,143.00,1,-1,-1,-1
9,7,1475.00,520.00,31.80,81.60,1,-1,-1,-1
9,8,1512.00,537.00,36.80,77.50,1,-1,-1,-1
9,9,207.00,597.00,57.30,152.10,1,-1,-1,-1
9,11,630.00,542.00,25.20,64.40,1,-1,-1,-1
9,13,797.00,518.00,14.40,37.70,1,-1,-1,-1
9,15,678.00,529.00,25.70,61.50,1,-1,-1,-1
9,16,828.00,516.00,17.90,45.30,1,-1,-1,-1
9,17,777.00,510.00,18.80,46.00,1,-1,-1,-1
9,18,113.00,581.00,62.00,165.00,1,-1,-1,-1
9,22,646.00,534.00,27.10,73.60,1,-1,-1,-1
9,26,1281.00,505.00,20.50,45.00,1,-1,-1,-1
9,27,1077.00,502.00,13.60,30.10,1,-1,-1,-1
9,28,1196.00,496.00,16.00,40.40,1,-1,-1,-1
9,30,1466.00,508.00,22.10,47.20,1,-1,-1,-1
9,31,615.00,525.00,27.50,71.70,1,-1,-1,-1
10,1,0.00,739.00,47.00,105.80,1,-1,-1,-1
10,2,528.00,550.00,34.00,90.20,1,-1,-1,-1
10,3,1577.00,600.00,52.50,125.90,1,-1,-1,-1
10,4,1398.00,545.00,35.30,99.50,1,-1,-1,-1
10,5,488.00,548.00,35.60,94.60,1,-1,-1,-1
10,6,1671.00,598.00,63.80,136.70,1,-1,-1,-1
10,7,1474.00,533.00,31.90,77.80,1,-1,-1,-1
10,8,1510.00,551.00,37.70,73.10,1,-1,-1,-1
10,9,187.00,594.00,54.90,154.80,1,-1,-1,-1
10,11,627.00,536.00,24.60,66.20,1,-1,-1,-1
10,13,797.00,514.00,14.40,44.20,1,-1,-1,-1
10,15,678.00,529.00,25.30,57.30,1,-1,-1,-1
10,16,831.00,516.00,18.20,45.30,1,-1,-1,-1
10,17,775.00,509.00,20.10,51.60,1,-1,-1,-1
10,18,94.00,581.00,63.00,146.80,1,-1,-1,-1
10,22,648.00,531.00,24.50,72.60,1,-1,-1,-1
10,26,1286.00,508.00,20.90,50.90,1,-1,-1,-1
10,27,1081.00,504.00,15.10,29.60,1,-1,-1,-1
10,28,1197.00,505.00,14.20,33.90,1,-1,-1,-1
10,30,1466.00,519.00,21.10,45.50,1,-1,-1,-1
10,31,611.00,515.00,34.40,82.50,1,-1,-1,-1
10,32,1072.00,506.00,14.20,31.30,1,-1,-1,-1
11,1,-1.00,757.00,30.40,108.60,1,-1,-1,-1
11,2,529.00,560.00,34.40,89.10,1,-1,-1,-1
11,3,1589.00,586.00,55.30,125.30,1,-1,-1,-1
11,4,1402.00,534.00,37.50,102.30,1,-1,-1,-1
11,5,486.00,553.00,33.80,98.00,1,-1,-1,-1
11,6,1681.00,587.00,62.10,136.40,1,-1,-1,-1
11,7,1479.00,522.00,31.50,76.20,1,-1,-1,-1
11,8,1520.00,537.00,34.40,79.10,1,-1,-1,-1
11,9,188.00,612.00,55.10,148.70,1,-1,-1,-1
11,11,628.00,541.00,22.50,62.60,1,-1,-1,-1
11,13,796.00,513.00,17.40,46.60,1,-1,-1,-1
11,15,675.00,526.00,29.50,73.60,1,-1,-1,-1
11,16,829.00,518.00,18.00,43.10,1,-1,-1,-1
11,17,772.00,508.00,19.70,47.10,1,-1,-1,-1
11,18,92.00,624.00,47.00,135.10,1,-1,-1,-1
11,22,645.00,532.00,26.50,76.60,1,-1,-1,-1
11,26,1289.00,504.00,17.60,43.80,1,-1,-1,-1
11,28,1197.00,496.00,15.20,36.30,1,-1,-1,-1
11,31,616.00,531.00,27.40,73.70,1,-1,-1,-1
11,32,1073.00,495.00,16.10,34.70,1,-1,-1,-1
11,33,1460.00,503.00,20.30,41.70,1,-1,-1,-1
12,2,528.00,563.00,36.10,86.20,1,-1,-1,-1
12,3,1591.00,589.00,62.00,138.20,1,-1,-1,-1
12,4,1403.00,539.00,37.00,97.50,1,-1,-1,-1
12,5,489.00,557.00,33.30,91.90,1,-1,-1,-1
12,6,1691.00,583.00,62.10,152.30,1,-1,-1,-1
12,7,1478.00,522.00,32.60,85.40,1,-1,-1,-1
12,8,1522.00,540.00,36.70,80.60,1,-1,-1,-1
12,9,184.00,611.00,53.70,152.10,1,-1,-1,-1
12,11,623.00,545.00,24.90,62.80,1,-1,-1,-1
12,13,796.00,515.00,16.80,47.90,1,-1,-1,-1
12,15,675.00,535.00,26.40,60.40,1,-1,-1,-1
12,16,826.00,523.00,18.90,45.60,1,-1,-1,-1
12,17,771.00,512.00,18.80,51.30,1,-1,-1,-1
12,18,82.00,596.00,60.00,154.40,1,-1,-1,-1
12,22,644.00,535.00,25.90,72.50,1,-1,-1,-1
12,26,1287.00,504.00,19.10,46.50,1,-1,-1,-1
12,28,1193.00,500.00,15.80,38.00,1,-1,-1,-1
12,32,1074.00,502.00,14.30,30.70,1,-1,-1,-1
12,33,1463.00,509.00,21.40,40.80,1,-1,-1,-1
13,2,528.00,551.00,34.50,83.80,1,-1,-1,-1
13,3,1604.00,590.00,51.90,136.00,1,-1,-1,-1
13,4,1408.00,537.00,35.70,95.00,1,-1,-1,-1
13,5,482.00,543.00,37.90,92.10,1,-1,-1,-1
13,6,1689.00,587.00,65.00,141.90,1,-1,-1,-1
13,7,1482.00,525.00,29.70,81.50,1,-1,-1,-1
13,8,1527.00,540.00,33.30,80.90,1,-1,-1,-1
13,9,165.00,595.00,62.90,158.00,1,-1,-1,-1
13,11,623.00,532.00,25.60,64.10,1,-1,-1,-1
13,13,795.00,508.00,15.80,39.60,1,-1,-1,-1
13,15,675.00,517.00,28.10,72.10,1,-1,-1,-1
13,16,832.00,507.00,16.90,46.90,1,-1,-1,-1
13,17,772.00,505.00,20.10,48.00,1,-1,-1,-1
13,22,642.00,522.00,24.40,70.90,1,-1,-1,-1
13,26,1288.00,499.00,18.50,47.50,1,-1,-1,-1
13,28,1197.00,497.00,14.60,35.90,1,-1,-1,-1
13,32,1074.00,495.00,15.00,28.90,1,-1,-1,-1
13,33,1471.00,505.00,24.80,50.60,1,-1,-1,-1
13,34,1539.00,504.00,22.20,52.60,1,-1,-1,-1
14,2,523.00,556.00,35.80,92.70,1,-1,-1,-1
14,3,1606.00,587.00,58.70,137.00,1,-1,-1,-1
14,4,1410.00,534.00,36.70,102.50,1,-1,-1,-1
14,5,479.00,548.00,36.90,97.40,1,-1,-1,-1
14,6,1706.00,577.00,63.60,151.20,1,-1,-1,-1
14,7,1486.00,516.00,30.30,83.70,1,-1,-1,-1
14,8,1528.00,527.00,37.40,91.40,1,-1,-1,-1
14,9,152.00,600.00,65.20,162.70,1,-1,-1,-1
14,11,616.00,537.00,23.20,65.10,1,-1,-1,-1
14,13,795.00,507.00,15.90,42.50,1,-1,-1,-1
14,15,676.00,527.00,27.10,63.90,1,-1,-1,-1
14,16,830.00,516.00,17.20,45.60,1,-1,-1,-1
14,17,769.00,504.00,20.00,48.50,1,-1,-1,-1
14,22,645.00,533.00,25.60,67.40,1,-1,-1,-1
14,26,1289.00,499.00,19.20,44.10,1,-1,-1,-1
14,28,1197.00,492.00,15.90,41.20,1,-1,-1,-1
14,32,1072.00,491.00,13.60,30.10,1,-1,-1,-1
14,33,1471.00,504.00,24.10,65.90,1,-1,-1,-1
14,35,47.00,590.00,67.60,159.10,1,-1,-1,-1
14,36,1466.00,505.00,20.20,43.00,1,-1,-1,-1
14,37,633.00,536.00,22.50,64.60,1,-1,-1,-1
15,2,522.00,551.00,35.80,91.60,1,-1,-1,-1
15,3,1615.00,594.00,61.10,133.60,1,-1,-1,-1
15,4,1414.00,533.00,37.80,98.60,1,-1,-1,-1
15,5,479.00,547.00,36.80,97.90,1,-1,-1,-1
15,6,1713.00,589.00,66.30,138.00,1,-1,-1,-1
15,7,1492.00,517.00,31.80,81.60,1,-1,-1,-1
15,8,1530.00,525.00,44.80,100.00,1,-1,-1,-1
15,9,144.00,600.00,62.40,158.70,1,-1,-1,-1
15,11,619.00,533.00,25.10,63.30,1,-1,-1,-1
15,13,794.00,506.00,16.40,46.00,1,-1,-1,-1
15,15,674.00,523.00,28.80,69.60,1,-1,-1,-1
15,16,831.00,514.00,16.10,41.80,1,-1,-1,-1
15,17,769.00,503.00,21.30,51.60,1,-1,-1,-1
15,22,641.00,529.00,25.90,70.80,1,-1,-1,-1
15,26,1292.00,496.00,17.40,41.20,1,-1,-1,-1
15,28,1200.00,495.00,15.20,36.60,1,-1,-1,-1
15,32,1076.00,496.00,15.10,31.40,1,-1,-1,-1
15,33,1473.00,516.00,25.50,59.40,1,-1,-1,-1
15,36,1470.00,499.00,24.00,51.60,1,-1,-1,-1
15,38,607.00,521.00,28.80,78.70,1,-1,-1,-1
16,2,519.00,546.00,34.80,95.30,1,-1,-1,-1
16,3,1633.00,597.00,54.00,140.80,1,-1,-1,-1
16,4,1414.00,536.00,36.60,100.70,1,-1,-1,-1
16,5,481.00,544.00,35.00,96.70,1,-1,-1,-1
16,6,1723.00,595.00,51.90,130.60,1,-1,-1,-1
16,7,1492.00,525.00,28.60,77.90,1,-1,-1,-1
16,8,1531.00,529.00,50.10,89.30,1,-1,-1,-1
16,9,127.00,608.00,60.10,163.50,1,-1,-1,-1
16,11,617.00,535.00,23.40,62.10,1,-1,-1,-1
16,13,796.00,502.00,15.60,48.20,1,-1,-1,-1
16,15,676.00,517.00,27.90,70.90,1,-1,-1,-1
16,16,831.00,513.00,16.40,43.30,1,-1,-1,-1
16,17,770.00,502.00,20.60,50.10,1,-1,-1,-1
16,22,639.00,524.00,25.80,71.80,1,-1,-1,-1
16,26,1293.00,498.00,19.60,47.50,1,-1,-1,-1
16,28,1203.00,493.00,17.30,40.70,1,-1,-1,-1
16,32,1071.00,493.00,15.20,32.60,1,-1,-1,-1
16,33,1472.00,507.00,24.50,63.20,1,-1,-1,-1
16,39,19.00,585.00,63.60,175.10,1,-1,-1,-1
17,2,517.00,553.00,39.20,101.20,1,-1,-1,-1
17,3,1635.00,604.00,55.60,128.30,1,-1,-1,-1
17,4,1420.00,534.00,37.80,104.50,1,-1,-1,-1
17,5,475.00,545.00,37.10,101.20,1,-1,-1,-1
17,6,1725.00,582.00,62.90,148.50,1,-1,-1,-1
17,7,1499.00,519.00,29.30,82.60,1,-1,-1,-1
17,8,1539.00,533.00,43.30,85.40,1,-1,-1,-1
17,9,122.00,599.00,52.90,172.10,1,-1,-1,-1
17,11,614.00,535.00,22.90,64.80,1,-1,-1,-1
17,13,794.00,506.00,16.40,43.30,1,-1,-1,-1
17,15,674.00,522.00,28.70,66.70,1,-1,-1,-1
17,16,828.00,510.00,19.40,50.80,1,-1,-1,-1
17,17,769.00,512.00,18.90,45.60,1,-1,-1,-1
17,22,640.00,529.00,26.50,72.40,1,-1,-1,-1
17,26,1292.00,497.00,19.10,42.30,1,-1,-1,-1
17,28,1200.00,494.00,16.00,39.50,1,-1,-1,-1
17,32,1073.00,496.00,15.20,30.10,1,-1,-1,-1
17,33,1470.00,505.00,20.00,48.20,1,-1,-1,-1
17,39,12.00,586.00,63.90,192.90,1,-1,-1,-1
17,40,626.00,531.00,22.90,68.70,1,-1,-1,-1
18,2,516.00,553.00,36.00,96.50,1,-1,-1,-1
18,3,1643.00,591.00,55.40,138.70,1,-1,-1,-1
18,4,1422.00,540.00,34.50,93.80,1,-1,-1,-1
18,5,476.00,549.00,36.80,97.10,1,-1,-1,-1
18,6,1728.00,586.00,76.20,151.70,1,-1,-1,-1
18,7,1502.00,515.00,32.20,86.50,1,-1,-1,-1
18,8,1546.00,532.00,35.90,88.80,1,-1,-1,-1
18,9,104.00,610.00,62.00,168.50,1,-1,-1,-1
18,11,618.00,537.00,22.20,60.70,1,-1,-1,-1
18,13,792.00,507.00,15.80,47.40,1,-1,-1,-1
18,15,674.00,521.00,29.40,68.20,1,-1,-1,-1
18,16,827.00,512.00,19.40,51.00,1,-1,-1,-1
18,17,772.00,512.00,18.00,45.10,1,-1,-1,-1
18,22,638.00,525.00,27.60,80.00,1,-1,-1,-1
18,26,1294.00,495.00,19.70,44.30,1,-1,-1,-1
18,28,1203.00,491.00,15.80,40.30,1,-1,-1,-1
18,32,1072.00,491.00,15.80,37.40,1,-1,-1,-1
18,33,1479.00,501.00,21.90,49.20,1,-1,-1,-1
18,39,4.00,583.00,64.70,185.80,1,-1,-1,-1
18,41,1546.00,508.00,20.70,45.70,1,-1,-1,-1
18,42,800.00,508.00,17.10,47.50,1,-1,-1,-1
19,2,516.00,551.00,34.10,100.00,1,-1,-1,-1
19,3,1649.00,593.00,59.20,144.50,1,-1,-1,-1
19,4,1421.00,538.00,42.40,101.20,1,-1,-1,-1
19,5,472.00,545.00,35.70,101.00,1,-1,-1,-1
19,6,1742.00,597.00,65.60,141.10,1,-1,-1,-1
19,7,1500.00,520.00,32.30,78.50,1,-1,-1,-1
19,8,1550.00,530.00,40.00,91.90,1,-1,-1,-1
19,9,91.00,602.00,62.80,177.60,1,-1,-1,-1
19,11,613.00,530.00,25.00,71.70,1,-1,-1,-1
19,13,793.00,507.00,16.40,45.80,1,-1,-1,-1
19,15,672.00,522.00,29.00,72.80,1,-1,-1,-1
19,16,830.00,513.00,16.70,46.10,1,-1,-1,-1
19,17,769.00,509.00,19.90,48.50,1,-1,-1,-1
19,22,636.00,531.00,27.40,72.20,1,-1,-1,-1
19,26,1296.00,496.00,18.90,43.00,1,-1,-1,-1
19,28,1202.00,495.00,16.00,39.50,1,-1,-1,-1
19,32,1074.00,488.00,15.10,34.60,1,-1,-1,-1
19,33,1477.00,498.00,23.80,55.00,1,-1,-1,-1
19,39,-4.00,614.00,59.30,156.40,1,-1,-1,-1
19,41,1550.00,505.00,17.10,41.50,1,-1,-1,-1
20,2,513.00,555.00,36.50,93.90,1,-1,-1,-1
20,3,1661.00,589.00,55.90,151.00,1,-1,-1,-1
20,4,1425.00,536.00,41.90,106.00,1,-1,-1,-1
20,5,470.00,549.00,36.00,99.10,1,-1,-1,-1
20,6,1751.00,585.00,58.30,151.00,1,-1,-1,-1
20,7,1508.00,521.00,28.60,79.00,1,-1,-1,-1
20,8,1546.00,527.00,43.60,97.90,1,-1,-1,-1
20,9,81.00,605.00,64.90,183.80,1,-1,-1,-1
20,11,607.00,531.00,26.10,74.60,1,-1,-1,-1
20,13,791.00,507.00,17.20,42.70,1,-1,-1,-1
20,15,674.00,529.00,29.30,66.50,1,-1,-1,-1
20,16,829.00,515.00,17.10,40.90,1,-1,-1,-1
20,17,769.00,511.00,18.80,41.60,1,-1,-1,-1
20,22,633.00,527.00,30.50,82.20,1,-1,-1,-1
20,26,1296.00,494.00,20.10,46.60,1,-1,-1,-1
20,28,1206.00,492.00,15.90,40.20,1,-1,-1,-1
20,32,1075.00,497.00,15.90,32.10,1,-1,-1,-1
20,33,1477.00,504.00,22.20,46.00,1,-1,-1,-1
20,41,1552.00,505.00,16.70,39.80,1,-1,-1,-1
20,43,1067.00,489.00,15.90,34.90,1,-1,-1,-1
21,2,512.00,552.00,36.90,97.20,1,-1,-1,-1
21,3,1666.00,593.00,54.70,152.60,1,-1,-1,-1
21,4,1431.00,535.00,38.90,108.10,1,-1,-1,-1
21,5,468.00,550.00,36.80,96.10,1,-1,-1,-1
21,6,1760.00,601.00,61.50,145.60,1,-1,-1,-1
21,7,1507.00,520.00,34.00,79.80,1,-1,-1,-1
21,8,1556.00,533.00,37.20,83.30,1,-1,-1,-1
21,9,72.00,604.00,56.60,188.10,1,-1,-1,-1
21,11,611.00,532.00,25.20,72.50,1,-1,-1,-1
21,13,793.00,508.00,17.70,45.10,1,-1,-1,-1
21,15,668.00,525.00,30.30,72.20,1,-1,-1,-1
21,16,831.00,516.00,17.30,43.40,1,-1,-1,-1
21,17,769.00,508.00,19.70,48.10,1,-1,-1,-1
21,22,634.00,531.00,27.40,80.10,1,-1,-1,-1
21,26,1299.00,497.00,16.70,44.20,1,-1,-1,-1
21,28,1206.00,499.00,15.30,32.20,1,-1,-1,-1
21,32,1069.00,497.00,15.90,32.40,1,-1,-1,-1
21,33,1473.00,505.00,20.40,45.20,1,-1,-1,-1
21,41,1554.00,507.00,16.60,39.40,1,-1,-1,-1
21,44,-3.00,668.00,31.90,113.00,1,-1,-1,-1
22,2,505.00,554.00,42.50,105.60,1,-1,-1,-1
22,3,1671.00,595.00,62.10,148.80,1,-1,-1,-1
22,4,1433.00,534.00,39.00,111.10,1,-1,-1,-1
22,5,466.00,551.00,35.60,94.80,1,-1,-1,-1
22,6,1766.00,603.00,60.30,139.40,1,-1,-1,-1
22,7,1516.00,519.00,29.60,79.80,1,-1,-1,-1
22,8,1562.00,537.00,35.80,83.60,1,-1,-1,-1
22,9,63.00,604.00,50.90,185.40,1,-1,-1,-1
22,11,610.00,538.00,23.30,65.50,1,-1,-1,-1
22,13,792.00,512.00,16.80,42.10,1,-1,-1,-1
22,15,668.00,527.00,31.70,73.10,1,-1,-1,-1
22,16,828.00,518.00,24.60,58.00,1,-1,-1,-1
22,17,770.00,512.00,18.90,43.80,1,-1,-1,-1
22,22,631.00,534.00,30.10,75.30,1,-1,-1,-1
22,26,1299.00,498.00,17.90,44.90,1,-1,-1,-1
22,28,1203.00,493.00,17.20,39.50,1,-1,-1,-1
22,32,1073.00,492.00,15.60,33.90,1,-1,-1,-1
22,41,1555.00,506.00,17.50,42.10,1,-1,-1,-1
22,45,1065.00,499.00,13.30,28.10,1,-1,-1,-1
22,46,1543.00,496.00,26.40,61.70,1,-1,-1,-1
23,2,504.00,555.00,39.60,100.10,1,-1,-1,-1
23,3,1681.00,594.00,61.00,157.80,1,-1,-1,-1
23,4,1433.00,537.00,37.70,109.30,1,-1,-1,-1
23,5,465.00,550.00,35.40,102.50,1,-1,-1,-1
23,6,1785.00,590.00,60.30,160.40,1,-1,-1,-1
23,7,1518.00,521.00,30.10,77.80,1,-1,-1,-1
23,8,1566.00,536.00,35.50,83.90,1,-1,-1,-1
23,9,47.00,618.00,64.10,177.60,1,-1,-1,-1
23,11,610.00,541.00,23.80,64.00,1,-1,-1,-1
23,13,793.00,510.00,17.40,43.80,1,-1,-1,-1
23,15,666.00,525.00,32.40,79.30,1,-1,-1,-1
23,17,769.00,513.00,19.20,43.60,1,-1,-1,-1
23,22,633.00,538.00,28.70,74.40,1,-1,-1,-1
23,26,1301.00,496.00,21.00,50.60,1,-1,-1,-1
23,28,1207.00,491.00,15.60,40.10,1,-1,-1,-1
23,32,1071.00,493.00,16.20,32.30,1,-1,-1,-1
23,41,1551.00,505.00,20.10,49.10,1,-1,-1,-1
23,46,1541.00,507.00,17.70,44.40,1,-1,-1,-1
23,47,1564.00,509.00,20.10,43.20,1,-1,-1,-1
24,2,504.00,557.00,43.10,107.20,1,-1,-1,-1
24,3,1689.00,594.00,57.10,154.50,1,-1,-1,-1
24,4,1430.00,532.00,47.90,108.30,1,-1,-1,-1
24,5,461.00,555.00,36.90,96.70,1,-1,-1,-1
24,6,1786.00,598.00,63.20,149.80,1,-1,-1,-1
24,7,1523.00,519.00,33.00,81.10,1,-1,-1,-1
24,8,1573.00,537.00,38.30,82.10,1,-1,-1,-1
24,9,44.00,625.00,59.90,182.40,1,-1,-1,-1
24,11,603.00,541.00,27.20,72.50,1,-1,-1,-1
24,13,789.00,512.00,16.70,42.50,1,-1,-1,-1
24,15,667.00,532.00,28.60,67.00,1,-1,-1,-1
24,17,769.00,515.00,17.60,42.50,1,-1,-1,-1
24,22,629.00,539.00,26.70,72.50,1,-1,-1,-1
24,26,1302.00,500.00,19.60,43.20,1,-1,-1,-1
24,28,1207.00,495.00,14.80,38.10,1,-1,-1,-1
24,32,1066.00,498.00,15.10,30.10,1,-1,-1,-1
24,41,1547.00,505.00,20.20,49.10,1,-1,-1,-1
24,47,1565.00,502.00,21.20,49.90,1,-1,-1,-1
24,48,789.00,506.00,24.50,69.90,1,-1,-1,-1
24,49,1586.00,505.00,18.70,39.50,1,-1,-1,-1
24,50,1559.00,505.00,16.90,38.60,1,-1,-1,-1
25,2,504.00,559.00,39.10,98.10,1,-1,-1,-1
25,3,1692.00,606.00,57.20,151.40,1,-1,-1,-1
25,4,1437.00,534.00,43.60,115.60,1,-1,-1,-1
25,5,459.00,551.00,37.50,108.20,1,-1,-1,-1
25,6,1795.00,608.00,72.80,155.40,1,-1,-1,-1
25,7,1525.00,527.00,33.20,76.10,1,-1,-1,-1
25,8,1578.00,539.00,40.80,84.20,1,-1,-1,-1
25,11,605.00,545.00,25.80,70.30,1,-1,-1,-1
25,13,792.00,511.00,18.80,46.80,1,-1,-1,-1
25,15,669.00,533.00,29.90,71.20,1,-1,-1,-1
25,17,770.00,519.00,17.50,39.20,1,-1,-1,-1
25,22,629.00,541.00,26.80,72.10,1,-1,-1,-1
25,26,1299.00,497.00,22.10,53.80,1,-1,-1,-1
25,28,1210.00,500.00,15.80,36.40,1,-1,-1,-1
25,32,1069.00,504.00,15.50,29.90,1,-1,-1,-1
25,49,1582.00,503.00,25.00,53.20,1,-1,-1,-1
25,51,1333.00,510.00,19.50,42.30,1,-1,-1,-1
25,52,1071.00,491.00,18.50,45.40,1,-1,-1,-1
25,53,1375.00,510.00,30.00,83.20,1,-1,-1,-1
26,2,502.00,564.00,38.10,99.20,1,-1,-1,-1
26,3,1705.00,613.00,62.10,147.70,1,-1,-1,-1
26,4,1442.00,540.00,38.70,110.20,1,-1,-1,-1
26,5,454.00,555.00,41.50,107.30,1,-1,-1,-1
26,6,1801.00,600.00,78.00,168.20,1,-1,-1,-1
26,7,1526.00,527.00,35.60,83.60,1,-1,-1,-1
26,8,1576.00,538.00,40.20,87.10,1,-1,-1,-1
26,11,603.00,538.00,27.80,82.20,1,-1,-1,-1
26,13,792.00,516.00,17.80,42.70,1,-1,-1,-1
26,15,665.00,534.00,30.00,74.60,1,-1,-1,-1
26,17,769.00,517.00,21.10,48.40,1,-1,-1,-1
26,22,630.00,544.00,27.80,79.30,1,-1,-1,-1
26,26,1304.00,504.00,20.30,45.30,1,-1,-1,-1
26,28,1211.00,500.00,16.00,38.20,1,-1,-1,-1
26,32,1065.00,503.00,15.70,32.70,1,-1,-1,-1
26,49,1588.00,513.00,20.30,46.20,1,-1,-1,-1
26,51,1333.00,510.00,21.80,49.50,1,-1,-1,-1
26,52,1070.00,495.00,17.90,43.80,1,-1,-1,-1
26,53,1377.00,501.00,34.50,93.50,1,-1,-1,-1
26,54,833.00,516.00,18.70,44.10,1,-1,-1,-1
26,55,1393.00,544.00,20.50,52.40,1,-1,-1,-1
27,2,499.00,568.00,39.80,98.70,1,-1,-1,-1
27,3,1709.00,613.00,57.30,154.40,1,-1,-1,-1
27,4,1444.00,547.00,40.20,107.20,1,-1,-1,-1
27,5,456.00,560.00,40.30,105.30,1,-1,-1,-1
27,6,1811.00,596.00,79.00,164.80,1,-1,-1,-1
27,7,1530.00,533.00,32.10,77.60,1,-1,-1,-1
27,8,1582.00,545.00,35.80,87.80,1,-1,-1,-1
27,11,601.00,544.00,28.80,78.90,1,-1,-1,-1
27,13,789.00,512.00,18.40,47.80,1,-1,-1,-1
27,15,663.00,542.00,30.60,70.30,1,-1,-1,-1
27,17,770.00,522.00,17.00,42.20,1,-1,-1,-1
27,22,628.00,542.00,26.10,78.00,1,-1,-1,-1
27,26,1308.00,504.00,19.20,47.30,1,-1,-1,-1
27,28,1208.00,498.00,16.40,41.00,1,-1,-1,-1
27,32,1065.00,501.00,14.40,33.40,1,-1,-1,-1
27,49,1584.00,510.00,25.80,54.00,1,-1,-1,-1
27,51,1333.00,516.00,19.10,41.40,1,-1,-1,-1
27,52,1074.00,500.00,15.30,33.00,1,-1,-1,-1
27,54,826.00,519.00,20.40,51.30,1,-1,-1,-1
27,55,1389.00,549.00,18.40,46.40,1,-1,-1,-1
27,56,836.00,532.00,19.70,50.00,1,-1,-1,-1
27,57,1554.00,518.00,19.80,46.00,1,-1,-1,-1
27,58,770.00,514.00,22.90,64.40,1,-1,-1,-1
28,2,499.00,569.00,36.90,102.40,1,-1,-1,-1
28,3,1716.00,608.00,62.20,156.20,1,-1,-1,-1
28,4,1451.00,546.00,39.20,111.60,1,-1,-1,-1
28,5,454.00,563.00,37.20,101.30,1,-1,-1,-1
28,6,1819.00,604.00,74.80,165.50,1,-1,-1,-1
28,7,1534.00,532.00,31.30,76.70,1,-1,-1,-1
28,8,1586.00,539.00,38.20,84.10,1,-1,-1,-1
28,11,601.00,548.00,24.70,78.30,1,-1,-1,-1
28,13,787.00,512.00,19.40,52.40,1,-1,-1,-1
28,15,666.00,537.00,29.90,70.10,1,-1,-1,-1
28,17,768.00,515.00,20.60,48.90,1,-1,-1,-1
28,22,626.00,547.00,27.10,73.70,1,-1,-1,-1
28,26,1304.00,504.00,22.50,51.10,1,-1,-1,-1
28,28,1209.00,502.00,15.60,35.90,1,-1,-1,-1
28,32,1068.00,508.00,15.60,28.00,1,-1,-1,-1
28,49,1588.00,509.00,22.80,50.60,1,-1,-1,-1
28,51,1338.00,518.00,19.70,45.30,1,-1,-1,-1
28,52,1066.00,486.00,19.00,45.30,1,-1,-1,-1
28,54,827.00,531.00,18.40,41.20,1,-1,-1,-1
28,57,1551.00,514.00,21.80,47.70,1,-1,-1,-1
28,59,799.00,518.00,17.80,49.50,1,-1,-1,-1
28,60,1566.00,518.00,18.50,45.40,1,-1,-1,-1
28,61,822.00,514.00,20.70,48.70,1,-1,-1,-1
28,62,1382.00,503.00,33.50,102.80,1,-1,-1,-1
29,2,496.00,566.00,39.80,103.60,1,-1,-1,-1
29,3,1728.00,623.00,66.90,153.60,1,-1,-1,-1
29,4,1448.00,552.00,41.30,111.50,1,-1,-1,-1
29,5,449.00,562.00,36.50,99.10,1,-1,-1,-1
29,6,1831.00,622.00,75.10,157.90,1,-1,-1,-1
29,7,1540.00,538.00,33.30,81.20,1,-1,-1,-1
29,8,1595.00,556.00,31.70,75.20,1,-1,-1,-1
29,11,602.00,552.00,27.20,75.50,1,-1,-1,-1
29,13,791.00,517.00,20.00,51.30,1,-1,-1,-1
29,15,666.00,543.00,27.00,64.40,1,-1,-1,-1
29,17,766.00,521.00,18.80,46.40,1,-1,-1,-1
29,22,625.00,549.00,28.60,77.60,1,-1,-1,-1
29,26,1306.00,507.00,21.90,51.40,1,-1,-1,-1
29,28,1212.00,504.00,17.00,37.00,1,-1,-1,-1
29,32,1068.00,506.00,14.40,30.50,1,-1,-1,-1
29,49,1589.00,519.00,21.20,46.20,1,-1,-1,-1
29,51,1339.00,520.00,20.30,47.00,1,-1,-1,-1
29,54,821.00,522.00,18.60,46.60,1,-1,-1,-1
29,63,829.00,539.00,21.60,52.00,1,-1,-1,-1
30,2,494.00,575.00,35.40,104.50,1,-1,-1,-1
30,3,1736.00,619.00,68.50,169.80,1,-1,-1,-1
30,4,1450.00,543.00,46.20,126.90,1,-1,-1,-1
30,5,449.00,570.00,35.70,102.60,1,-1,-1,-1
30,6,1835.00,617.00,77.90,164.30,1,-1,-1,-1
30,7,1540.00,539.00,32.00,78.40,1,-1,-1,-1
30,8,1595.00,542.00,38.50,90.90,1,-1,-1,-1
30,11,596.00,559.00,25.40,69.70,1,-1,-1,-1
30,13,789.00,522.00,20.40,51.00,1,-1,-1,-1
30,15,665.00,547.00,25.80,64.50,1,-1,-1,-1
30,17,764.00,523.00,22.20,49.60,1,-1,-1,-1
30,22,620.00,551.00,30.00,82.20,1,-1,-1,-1
30,26,1309.00,509.00,19.70,52.40,1,-1,-1,-1
30,28,1212.00,509.00,15.80,38.40,1,-1,-1,-1
30,32,1065.00,509.00,15.10,32.60,1,-1,-1,-1
30,49,1589.00,517.00,21.90,47.80,1,-1,-1,-1
30,54,821.00,542.00,19.20,45.50,1,-1,-1,-1
30,63,830.00,527.00,21.20,52.40,1,-1,-1,-1
30,64,810.00,548.00,21.40,53.60,1,-1,-1,-1
30,65,800.00,517.00,18.60,47.90,1,-1,-1,-1
30,66,807.00,527.00,19.30,46.90,1,-1,-1,-1
31,2,492.00,587.00,40.60,109.10,1,-1,-1,-1
31,3,1744.00,628.00,65.00,152.80,1,-1,-1,-1
31,4,1459.00,559.00,46.30,119.70,1,-1,-1,-1
31,5,448.00,582.00,35.60,103.10,1,-1,-1,-1
31,6,1847.00,612.00,81.10,184.80,1,-1,-1,-1
31,7,1545.00,540.00,31.60,78.90,1,-1,-1,-1
31,8,1606.00,560.00,32.20,78.50,1,-1,-1,-1
31,11,600.00,571.00,25.50,74.00,1,-1,-1,-1
31,13,790.00,530.00,19.70,54.40,1,-1,-1,-1
31,15,661.00,558.00,28.80,71.50,1,-1,-1,-1
31,17,763.00,538.00,20.30,44.70,1,-1,-1,-1
31,22,619.00,563.00,30.40,84.30,1,-1,-1,-1
31,28,1213.00,514.00,15.00,36.30,1,-1,-1,-1
31,32,1064.00,518.00,14.00,27.60,1,-1,-1,-1
31,49,1589.00,520.00,24.90,49.40,1,-1,-1,-1
31,54,826.00,537.00,18.90,56.50,1,-1,-1,-1
31,67,1598.00,520.00,25.70,63.90,1,-1,-1,-1
31,68,1067.00,505.00,18.10,43.00,1,-1,-1,-1
32,2,492.00,583.00,40.50,103.80,1,-1,-1,-1
32,3,1758.00,622.00,64.30,176.10,1,-1,-1,-1
32,4,1460.00,560.00,43.50,118.60,1,-1,-1,-1
32,5,444.00,573.00,37.50,100.70,1,-1,-1,-1
32,6,1860.00,623.00,77.20,181.80,1,-1,-1,-1
32,7,1546.00,542.00,35.70,81.60,1,-1,-1,-1
32,8,1604.00,559.00,35.60,83.20,1,-1,-1,-1
32,11,595.00,563.00,27.00,75.50,1,-1,-1,-1
32,13,793.00,533.00,21.00,57.30,1,-1,-1,-1
32,15,660.00,548.00,30.90,75.40,1,-1,-1,-1
32,17,766.00,526.00,21.50,56.10,1,-1,-1,-1
32,22,620.00,556.00,27.50,81.70,1,-1,-1,-1
32,28,1212.00,513.00,15.30,38.40,1,-1,-1,-1
32,32,1065.00,518.00,13.50,25.70,1,-1,-1,-1
32,49,1590.00,524.00,24.20,49.40,1,-1,-1,-1
32,54,829.00,537.00,19.40,50.60,1,-1,-1,-1
32,69,786.00,528.00,18.70,53.70,1,-1,-1,-1
32,70,780.00,549.00,25.70,67.90,1,-1,-1,-1
33,2,490.00,564.00,35.70,111.60,1,-1,-1,-1
33,3,1762.00,619.00,65.50,163.50,1,-1,-1,-1
33,4,1458.00,545.00,46.30,118.90,1,-1,-1,-1
33,5,437.00,559.00,37.60,113.00,1,-1,-1,-1
33,6,1869.00,624.00,78.00,171.20,1,-1,-1,-1
33,7,1554.00,527.00,32.50,89.40,1,-1,-1,-1
33,8,1609.00,549.00,34.50,84.50,1,-1,-1,-1
33,11,596.00,555.00,25.40,73.60,1,-1,-1,-1
33,13,790.00,521.00,17.50,47.70,1,-1,-1,-1
33,15,658.00,536.00,29.00,74.90,1,-1,-1,-1
33,17,764.00,521.00,21.90,51.10,1,-1,-1,-1
33,22,620.00,551.00,27.60,75.60,1,-1,-1,-1
33,28,1211.00,508.00,15.80,35.40,1,-1,-1,-1
33,32,1065.00,504.00,16.20,32.60,1,-1,-1,-1
33,49,1594.00,520.00,22.90,39.50,1,-1,-1,-1
33,54,829.00,526.00,19.00,50.90,1,-1,-1,-1
33,71,1057.00,507.00,14.90,29.50,1,-1,-1,-1
34,2,488.00,573.00,38.80,104.50,1,-1,-1,-1
34,3,1771.00,611.00,81.90,168.80,1,-1,-1,-1
34,4,1461.00,542.00,49.70,130.20,1,-1,-1,-1
34,5,441.00,578.00,33.00,90.70,1,-1,-1,-1
34,7,1556.00,530.00,36.60,87.20,1,-1,-1,-1
34,8,1614.00,543.00,39.10,94.80,1,-1,-1,-1
34,11,591.00,555.00,26.50,70.00,1,-1,-1,-1
34,13,788.00,523.00,19.30,50.10,1,-1,-1,-1
34,15,658.00,547.00,28.00,70.10,1,-1,-1,-1
34,17,766.00,524.00,18.90,46.80,1,-1,-1,-1
34,22,620.00,559.00,28.20,77.30,1,-1,-1,-1
34,28,1213.00,505.00,15.40,38.50,1,-1,-1,-1
34,32,1069.00,508.00,14.10,31.00,1,-1,-1,-1
34,49,1592.00,512.00,23.80,50.90,1,-1,-1,-1
34,54,826.00,528.00,17.80,48.30,1,-1,-1,-1
34,71,1060.00,511.00,14.70,28.80,1,-1,-1,-1
35,2,479.00,561.00,43.50,110.10,1,-1,-1,-1
35,3,1789.00,620.00,71.00,157.50,1,-1,-1,-1
35,4,1476.00,550.00,45.80,121.90,1,-1,-1,-1
35,5,437.00,564.00,37.70,100.00,1,-1,-1,-1
35,7,1563.00,528.00,33.20,82.90,1,-1,-1,-1
35,8,1615.00,542.00,38.50,93.50,1,-1,-1,-1
35,11,587.00,550.00,26.20,73.50,1,-1,-1,-1
35,13,789.00,513.00,19.20,56.80,1,-1,-1,-1
35,15,660.00,534.00,29.20,80.30,1,-1,-1,-1
35,17,763.00,517.00,21.50,49.20,1,-1,-1,-1
35,22,618.00,549.00,27.60,74.40,1,-1,-1,-1
35,28,1218.00,500.00,14.40,37.60,1,-1,-1,-1
35,32,1064.00,504.00,15.40,30.60,1,-1,-1,-1
35,49,1593.00,515.00,20.80,46.10,1,-1,-1,-1
35,54,825.00,521.00,18.50,53.00,1,-1,-1,-1
36,2,480.00,561.00,43.60,110.50,1,-1,-1,-1
36,3,1787.00,610.00,79.00,185.70,1,-1,-1,-1
36,4,1480.00,545.00,40.90,122.90,1,-1,-1,-1
36,5,433.00,562.00,37.70,104.80,1,-1,-1,-1
36,7,1564.00,521.00,36.40,89.20,1,-1,-1,-1
36,8,1621.00,537.00,41.30,98.10,1,-1,-1,-1
36,11,587.00,544.00,27.40,78.50,1,-1,-1,-1
36,13,791.00,513.00,18.20,50.40,1,-1,-1,-1
36,15,659.00,536.00,30.20,72.60,1,-1,-1,-1
36,17,766.00,515.00,20.50,46.80,1,-1,-1,-1
36,22,614.00,543.00,30.10,81.30,1,-1,-1,-1
36,28,1214.00,497.00,15.40,37.80,1,-1,-1,-1
36,32,1065.00,506.00,15.10,28.20,1,-1,-1,-1
36,49,1593.00,513.00,19.60,43.40,1,-1,-1,-1
36,54,827.00,523.00,19.60,50.60,1,-1,-1,-1
36,72,1059.00,499.00,15.50,34.30,1,-1,-1,-1
36,73,1243.00,579.00,21.40,57.70,1,-1,-1,-1
37,2,478.00,554.00,41.00,111.20,1,-1,-1,-1
37,3,1795.00,616.00,80.90,184.70,1,-1,-1,-1
37,4,1478.00,538.00,47.50,120.70,1,-1,-1,-1
37,5,425.00,557.00,37.30,107.10,1,-1,-1,-1
37,7,1570.00,518.00,34.80,92.10,1,-1,-1,-1
37,8,1630.00,543.00,36.20,86.50,1,-1,-1,-1
37,11,589.00,540.00,26.90,78.80,1,-1,-1,-1
37,13,791.00,512.00,18.30,47.60,1,-1,-1,-1
37,15,655.00,528.00,31.70,75.30,1,-1,-1,-1
37,17,763.00,504.00,22.50,59.30,1,-1,-1,-1
37,22,613.00,541.00,27.30,77.50,1,-1,-1,-1
37,28,1217.00,496.00,15.90,38.20,1,-1,-1,-1
37,32,1066.00,497.00,17.60,39.40,1,-1,-1,-1
37,49,1596.00,506.00,23.20,54.00,1,-1,-1,-1
37,54,825.00,515.00,18.00,49.10,1,-1,-1,-1
37,72,1063.00,499.00,14.80,28.40,1,-1,-1,-1
37,74,1611.00,533.00,39.70,109.50,1,-1,-1,-1
37,75,1398.00,496.00,23.40,52.90,1,-1,-1,-1
37,76,1558.00,518.00,19.90,49.20,1,-1,-1,-1
38,2,476.00,558.00,39.40,105.00,1,-1,-1,-1
38,3,1814.00,618.00,75.00,171.10,1,-1,-1,-1
38,4,1477.00,531.00,45.80,126.00,1,-1,-1,-1
38,5,428.00,553.00,36.60,110.60,1,-1,-1,-1
38,7,1572.00,507.00,37.20,97.50,1,-1,-1,-1
38,8,1629.00,537.00,38.20,90.40,1,-1,-1,-1
38,11,587.00,543.00,25.80,80.50,1,-1,-1,-1
38,13,790.00,509.00,18.60,51.60,1,-1,-1,-1
38,15,653.00,530.00,32.30,77.20,1,-1,-1,-1
38,17,761.00,506.00,21.60,55.60,1,-1,-1,-1
38,22,612.00,540.00,29.70,82.70,1,-1,-1,-1
38,28,1217.00,491.00,16.20,38.80,1,-1,-1,-1
38,32,1062.00,498.00,13.60,26.40,1,-1,-1,-1
38,49,1595.00,496.00,25.70,57.40,1,-1,-1,-1
38,54,826.00,518.00,19.20,48.40,1,-1,-1,-1
38,77,1379.00,499.00,24.60,61.70,1,-1,-1,-1
38,78,1381.00,521.00,27.30,67.20,1,-1,-1,-1
38,79,1248.00,577.00,22.40,56.30,1,-1,-1,-1
39,2,474.00,551.00,41.30,110.40,1,-1,-1,-1
39,3,1825.00,619.00,75.40,187.70,1,-1,-1,-1
39,4,1490.00,538.00,47.60,126.80,1,-1,-1,-1
39,5,427.00,544.00,36.80,109.20,1,-1,-1,-1
39,7,1578.00,515.00,34.50,95.50,1,-1,-1,-1
39,8,1638.00,544.00,36.80,82.10,1,-1,-1,-1
39,11,587.00,534.00,29.20,82.40,1,-1,-1,-1
39,13,792.00,510.00,18.30,48.90,1,-1,-1,-1
39,15,653.00,523.00,33.80,79.00,1,-1,-1,-1
39,17,761.00,506.00,21.40,51.00,1,-1,-1,-1
39,22,611.00,533.00,30.20,80.00,1,-1,-1,-1
39,28,1221.00,491.00,15.10,38.20,1,-1,-1,-1
39,32,1061.00,497.00,14.60,30.00,1,-1,-1,-1
39,54,827.00,512.00,19.30,51.50,1,-1,-1,-1
39,80,1566.00,517.00,20.30,54.50,1,-1,-1,-1
39,81,639.00,530.00,27.60,79.30,1,-1,-1,-1
40,2,469.00,553.00,44.40,111.30,1,-1,-1,-1
40,3,1837.00,621.00,74.90,183.70,1,-1,-1,-1
40,4,1491.00,536.00,49.90,124.30,1,-1,-1,-1
40,5,424.00,547.00,42.20,114.70,1,-1,-1,-1
40,7,1583.00,513.00,34.70,93.20,1,-1,-1,-1
40,8,1636.00,535.00,39.70,92.50,1,-1,-1,-1
40,11,583.00,542.00,28.60,77.30,1,-1,-1,-1
40,13,789.00,507.00,17.80,48.50,1,-1,-1,-1
40,15,651.00,526.00,30.60,81.90,1,-1,-1,-1
40,17,760.00,504.00,20.60,50.20,1,-1,-1,-1
40,22,608.00,540.00,31.00,81.40,1,-1,-1,-1
40,28,1220.00,491.00,15.80,37.90,1,-1,-1,-1
40,32,1058.00,496.00,13.80,26.00,1,-1,-1,-1
40,54,826.00,510.00,20.30,53.20,1,-1,-1,-1
40,82,1244.00,511.00,33.80,77.90,1,-1,-1,-1
41,2,470.00,548.00,40.20,113.20,1,-1,-1,-1
41,3,1848.00,632.00,73.60,178.90,1,-1,-1,-1
41,4,1496.00,542.00,44.90,124.40,1,-1,-1,-1
41,5,425.00,550.00,38.90,105.80,1,-1,-1,-1
41,7,1588.00,514.00,35.80,99.20,1,-1,-1,-1
41,8,1640.00,542.00,40.20,86.90,1,-1,-1,-1
41,11,582.00,539.00,27.80,79.10,1,-1,-1,-1
41,13,791.00,507.00,17.60,47.80,1,-1,-1,-1
41,15,650.00,521.00,31.70,83.50,1,-1,-1,-1
41,17,762.00,507.00,21.60,51.60,1,-1,-1,-1
41,22,608.00,534.00,33.20,85.60,1,-1,-1,-1
41,28,1219.00,493.00,15.80,38.60,1,-1,-1,-1
41,32,1058.00,495.00,13.50,27.10,1,-1,-1,-1
41,54,826.00,510.00,20.20,54.10,1,-1,-1,-1
41,83,1388.00,498.00,20.00,51.70,1,-1,-1,-1
42,2,467.00,555.00,38.90,108.40,1,-1,-1,-1
42,3,1861.00,639.00,76.00,185.20,1,-1,-1,-1
42,4,1503.00,540.00,44.40,129.40,1,-1,-1,-1
42,5,425.00,553.00,37.90,104.00,1,-1,-1,-1
42,7,1592.00,522.00,33.40,86.50,1,-1,-1,-1
42,8,1648.00,545.00,36.50,82.10,1,-1,-1,-1
42,11,581.00,541.00,28.00,84.30,1,-1,-1,-1
42,13,791.00,505.00,19.10,51.50,1,-1,-1,-1
42,15,652.00,527.00,29.50,77.10,1,-1,-1,-1
42,17,763.00,505.00,19.80,49.90,1,-1,-1,-1
42,22,607.00,538.00,31.80,86.00,1,-1,-1,-1
42,28,1217.00,491.00,19.50,42.80,1,-1,-1,-1
42,32,1058.00,497.00,14.00,27.90,1,-1,-1,-1
42,54,826.00,511.00,17.90,53.30,1,-1,-1,-1
42,84,1069.00,493.00,13.70,28.40,1,-1,-1,-1
42,85,539.00,539.00,29.30,72.70,1,-1,-1,-1
43,2,464.00,559.00,46.90,108.00,1,-1,-1,-1
43,3,1864.00,636.00,83.60,192.20,1,-1,-1,-1
43,4,1504.00,546.00,49.60,120.60,1,-1,-1,-1
43,5,421.00,554.00,40.20,106.20,1,-1,-1,-1
43,7,1598.00,519.00,34.20,93.40,1,-1,-1,-1
43,8,1650.00,538.00,43.40,98.00,1,-1,-1,-1
43,11,581.00,535.00,27.30,90.20,1,-1,-1,-1
43,13,794.00,507.00,17.90,52.10,1,-1,-1,-1
43,15,648.00,525.00,31.10,81.40,1,-1,-1,-1
43,17,760.00,502.00,20.70,59.10,1,-1,-1,-1
43,22,610.00,540.00,29.70,82.50,1,-1,-1,-1
43,28,1221.00,497.00,15.80,36.70,1,-1,-1,-1
43,32,1059.00,498.00,14.40,28.40,1,-1,-1,-1
43,54,825.00,512.00,19.70,50.30,1,-1,-1,-1
43,86,1571.00,514.00,24.10,61.20,1,-1,-1,-1
44,2,463.00,558.00,45.10,114.50,1,-1,-1,-1
44,4,1515.00,541.00,47.90,137.60,1,-1,-1,-1
44,5,415.00,553.00,42.30,115.70,1,-1,-1,-1
44,7,1601.00,522.00,34.40,90.50,1,-1,-1,-1
44,8,1656.00,537.00,41.50,98.90,1,-1,-1,-1
44,11,580.00,542.00,28.90,87.80,1,-1,-1,-1
44,13,791.00,511.00,18.40,53.00,1,-1,-1,-1
44,15,646.00,527.00,32.40,84.90,1,-1,-1,-1
44,17,759.00,508.00,20.60,47.80,1,-1,-1,-1
44,22,606.00,543.00,30.70,83.80,1,-1,-1,-1
44,28,1222.00,495.00,15.40,36.10,1,-1,-1,-1
44,32,1060.00,497.00,13.90,26.00,1,-1,-1,-1
44,54,826.00,513.00,19.30,52.80,1,-1,-1,-1
44,87,1654.00,449.00,47.60,123.70,1,-1,-1,-1
45,2,464.00,559.00,38.20,103.50,1,-1,-1,-1
45,4,1512.00,556.00,52.50,132.40,1,-1,-1,-1
45,5,416.00,552.00,41.20,112.40,1,-1,-1,-1
45,7,1603.00,525.00,36.70,93.50,1,-1,-1,-1
45,8,1660.00,536.00,43.40,106.90,1,-1,-1,-1
45,11,578.00,535.00,29.80,90.00,1,-1,-1,-1
45,13,791.00,507.00,18.00,52.30,1,-1,-1,-1
45,15,646.00,529.00,31.00,81.30,1,-1,-1,-1
45,17,763.00,505.00,18.90,51.60,1,-1,-1,-1
45,22,607.00,541.00,30.30,80.90,1,-1,-1,-1
45,28,1225.00,494.00,17.30,41.70,1,-1,-1,-1
45,32,1061.00,498.00,13.50,23.80,1,-1,-1,-1
45,54,826.00,514.00,18.80,50.90,1,-1,-1,-1
45,88,1384.00,502.00,22.40,53.90,1,-1,-1,-1
45,89,1898.00,671.00,26.60,95.10,1,-1,-1,-1
46,2,458.00,560.00,44.10,114.00,1,-1,-1,-1
46,4,1522.00,556.00,54.10,133.50,1,-1,-1,-1
46,5,414.00,557.00,37.20,104.20,1,-1,-1,-1
46,7,1611.00,527.00,38.10,93.70,1,-1,-1,-1
46,8,1664.00,540.00,40.10,90.90,1,-1,-1,-1
46,11,577.00,545.00,29.80,82.60,1,-1,-1,-1
46,13,793.00,511.00,18.30,52.00,1,-1,-1,-1
46,15,643.00,533.00,34.60,84.50,1,-1,-1,-1
46,17,759.00,505.00,23.00,54.60,1,-1,-1,-1
46,22,602.00,543.00,30.30,83.90,1,-1,-1,-1
46,28,1222.00,495.00,15.90,40.30,1,-1,-1,-1
46,32,1061.00,501.00,12.00,26.20,1,-1,-1,-1
46,54,827.00,517.00,18.90,47.50,1,-1,-1,-1
46,88,1386.00,502.00,23.10,55.60,1,-1,-1,-1
46,90,1599.00,510.00,26.70,54.60,1,-1,-1,-1
46,91,1666.00,508.00,31.40,54.60,1,-1,-1,-1
46,92,1359.00,513.00,19.50,47.00,1,-1,-1,-1
46,93,1589.00,519.00,18.70,50.50,1,-1,-1,-1
46,94,1366.00,509.00,24.40,57.50,1,-1,-1,-1
46,95,1574.00,521.00,20.80,55.10,1,-1,-1,-1
47,2,459.00,557.00,42.40,115.60,1,-1,-1,-1
47,4,1519.00,553.00,53.30,137.40,1,-1,-1,-1
47,5,410.00,550.00,37.80,115.10,1,-1,-1,-1
47,7,1617.00,534.00,34.00,87.70,1,-1,-1,-1
47,8,1672.00,548.00,40.10,89.00,1,-1,-1,-1
47,11,577.00,539.00,31.70,88.90,1,-1,-1,-1
47,13,791.00,508.00,20.10,56.90,1,-1,-1,-1
47,15,646.00,531.00,32.10,79.60,1,-1,-1,-1
47,17,760.00,510.00,22.50,50.80,1,-1,-1,-1
47,22,606.00,539.00,30.80,84.60,1,-1,-1,-1
47,28,1227.00,501.00,15.70,37.90,1,-1,-1,-1
47,32,1061.00,501.00,13.70,28.10,1,-1,-1,-1
47,54,823.00,516.00,18.90,52.40,1,-1,-1,-1
47,88,1388.00,511.00,21.20,46.30,1,-1,-1,-1
47,90,1604.00,512.00,26.90,58.10,1,-1,-1,-1
47,92,1361.00,514.00,20.50,46.70,1,-1,-1,-1
47,93,1588.00,520.00,21.70,57.10,1,-1,-1,-1
47,94,1371.00,506.00,22.00,48.00,1,-1,-1,-1
48,2,454.00,568.00,41.50,108.10,1,-1,-1,-1
48,4,1520.00,554.00,53.10,132.80,1,-1,-1,-1
48,5,407.00,554.00,41.30,116.10,1,-1,-1,-1
48,7,1621.00,528.00,37.60,96.10,1,-1,-1,-1
48,8,1674.00,546.00,38.10,93.50,1,-1,-1,-1
48,11,576.00,544.00,31.40,92.60,1,-1,-1,-1
48,13,790.00,513.00,20.80,52.50,1,-1,-1,-1
48,15,644.00,533.00,32.60,83.20,1,-1,-1,-1
48,17,761.00,514.00,17.50,46.80,1,-1,-1,-1
48,22,601.00,543.00,35.10,89.40,1,-1,-1,-1
48,28,1226.00,502.00,18.70,42.70,1,-1,-1,-1
48,32,1060.00,500.00,14.40,27.50,1,-1,-1,-1
48,54,824.00,521.00,18.50,49.90,1,-1,-1,-1
48,88,1389.00,511.00,19.10,45.90,1,-1,-1,-1
48,90,1603.00,513.00,26.30,57.50,1,-1,-1,-1
48,92,1370.00,512.00,22.30,53.70,1,-1,-1,-1
48,96,1223.00,501.00,14.90,32.40,1,-1,-1,-1
48,97,1669.00,502.00,35.10,83.10,1,-1,-1,-1
49,2,452.00,559.00,43.00,123.00,1,-1,-1,-1
49,4,1534.00,569.00,47.60,128.00,1,-1,-1,-1
49,5,407.00,559.00,38.60,113.80,1,-1,-1,-1
49,7,1628.00,538.00,32.80,91.40,1,-1,-1,-1
49,8,1677.00,558.00,40.50,83.50,1,-1,-1,-1
49,11,570.00,547.00,31.90,89.20,1,-1,-1,-1
49,13,791.00,515.00,17.50,48.60,1,-1,-1,-1
49,15,640.00,541.00,33.70,83.20,1,-1,-1,-1
49,17,760.00,511.00,21.10,50.60,1,-1,-1,-1
49,22,596.00,543.00,32.90,88.80,1,-1,-1,-1
49,28,1225.00,502.00,18.30,39.80,1,-1,-1,-1
49,32,1061.00,506.00,12.80,25.10,1,-1,-1,-1
49,54,825.00,521.00,19.50,53.40,1,-1,-1,-1
49,88,1388.00,509.00,22.10,55.20,1,-1,-1,-1
49,90,1607.00,517.00,25.70,54.30,1,-1,-1,-1
49,92,1370.00,522.00,21.20,43.40,1,-1,-1,-1
49,98,1052.00,504.00,13.10,28.70,1,-1,-1,-1
50,2,448.00,560.00,40.90,117.30,1,-1,-1,-1
50,4,1535.00,556.00,52.20,142.80,1,-1,-1,-1
50,5,402.00,559.00,39.00,111.50,1,-1,-1,-1
50,7,1634.00,529.00,32.80,94.10,1,-1,-1,-1
50,8,1680.00,547.00,45.20,99.00,1,-1,-1,-1
50,11,567.00,548.00,29.70,86.90,1,-1,-1,-1
50,13,790.00,518.00,17.20,48.40,1,-1,-1,-1
50,15,640.00,537.00,34.50,87.90,1,-1,-1,-1
50,17,757.00,514.00,19.20,45.50,1,-1,-1,-1
50,22,600.00,542.00,31.80,89.10,1,-1,-1,-1
50,28,1228.00,502.00,14.40,33.00,1,-1,-1,-1
50,54,828.00,521.00,17.20,48.60,1,-1,-1,-1
50,88,1391.00,507.00,19.20,47.10,1,-1,-1,-1
50,90,1606.00,513.00,29.10,63.30,1,-1,-1,-1
50,92,1371.00,514.00,21.80,48.00,1,-1,-1,-1
50,98,1053.00,502.00,13.80,28.50,1,-1,-1,-1
50,99,1286.00,506.00,17.10,43.80,1,-1,-1,-1
51,2,446.00,564.00,46.40,114.90,1,-1,-1,-1
51,4,1543.00,562.00,45.40,133.60,1,-1,-1,-1
51,5,400.00,563.00,40.10,111.30,1,-1,-1,-1
51,7,1635.00,538.00,33.00,89.60,1,-1,-1,-1
51,8,1685.00,547.00,43.20,94.00,1,-1,-1,-1
51,11,567.00,549.00,31.50,88.10,1,-1,-1,-1
51,13,792.00,513.00,17.00,53.20,1,-1,-1,-1
51,15,639.00,534.00,33.70,87.10,1,-1,-1,-1
51,17,756.00,510.00,20.70,51.00,1,-1,-1,-1
51,22,595.00,546.00,32.80,87.20,1,-1,-1,-1
51,28,1226.00,502.00,17.00,40.90,1,-1,-1,-1
51,54,826.00,518.00,18.50,51.10,1,-1,-1,-1
51,88,1392.00,509.00,22.70,55.00,1,-1,-1,-1
51,90,1611.00,524.00,23.80,51.10,1,-1,-1,-1
51,92,1375.00,517.00,19.50,46.90,1,-1,-1,-1
51,98,1051.00,499.00,16.10,36.80,1,-1,-1,-1
51,100,1059.00,505.00,13.70,26.10,1,-1,-1,-1
51,101,1221.00,497.00,25.80,58.30,1,-1,-1,-1
52,2,438.00,566.00,50.80,119.60,1,-1,-1,-1
52,4,1549.00,562.00,49.60,129.60,1,-1,-1,-1
52,5,397.00,564.00,41.90,110.10,1,-1,-1,-1
52,7,1643.00,535.00,34.00,96.40,1,-1,-1,-1
52,8,1690.00,547.00,44.90,97.20,1,-1,-1,-1
52,11,564.00,554.00,29.60,84.20,1,-1,-1,-1
52,13,790.00,514.00,18.50,52.90,1,-1,-1,-1
52,15,638.00,540.00,33.20,84.00,1,-1,-1,-1
52,17,755.00,513.00,21.90,53.40,1,-1,-1,-1
52,22,597.00,546.00,31.70,91.60,1,-1,-1,-1
52,28,1225.00,505.00,17.30,44.30,1,-1,-1,-1
52,54,824.00,522.00,17.10,47.30,1,-1,-1,-1
52,88,1393.00,514.00,17.70,43.60,1,-1,-1,-1
52,92,1375.00,515.00,20.90,49.00,1,-1,-1,-1
52,98,1055.00,502.00,15.20,32.40,1,-1,-1,-1
52,102,1400.00,514.00,20.40,52.70,1,-1,-1,-1
53,2,440.00,561.00,45.60,118.70,1,-1,-1,-1
53,4,1545.00,560.00,51.90,144.10,1,-1,-1,-1
53,5,394.00,564.00,43.10,111.10,1,-1,-1,-1
53,7,1644.00,536.00,33.30,95.70,1,-1,-1,-1
53,8,1698.00,555.00,39.50,88.20,1,-1,-1,-1
53,11,563.00,555.00,27.40,80.30,1,-1,-1,-1
53,13,790.00,514.00,18.30,51.10,1,-1,-1,-1
53,15,634.00,539.00,34.70,83.50,1,-1,-1,-1
53,17,758.00,518.00,20.90,47.00,1,-1,-1,-1
53,22,592.00,547.00,32.70,90.00,1,-1,-1,-1
53,28,1228.00,500.00,15.70,39.90,1,-1,-1,-1
53,54,822.00,520.00,18.60,49.70,1,-1,-1,-1
53,88,1391.00,507.00,20.80,53.50,1,-1,-1,-1
53,92,1384.00,518.00,18.30,43.30,1,-1,-1,-1
53,98,1055.00,506.00,15.10,29.60,1,-1,-1,-1
53,102,1404.00,517.00,18.80,51.20,1,-1,-1,-1
53,103,1286.00,505.00,21.80,51.40,1,-1,-1,-1
53,104,1613.00,527.00,20.30,42.70,1,-1,-1,-1
54,2,438.00,561.00,48.80,119.50,1,-1,-1,-1
54,4,1555.00,553.00,54.60,148.30,1,-1,-1,-1
54,5,390.00,564.00,43.30,106.10,1,-1,-1,-1
54,7,1646.00,537.00,37.60,93.00,1,-1,-1,-1
54,8,1700.00,548.00,45.20,98.90,1,-1,-1,-1
54,11,560.00,553.00,28.90,83.60,1,-1,-1,-1
54,13,789.00,516.00,16.30,48.80,1,-1,-1,-1
54,15,632.00,539.00,34.30,87.50,1,-1,-1,-1
54,17,757.00,514.00,20.40,47.00,1,-1,-1,-1
54,22,590.00,549.00,31.90,85.70,1,-1,-1,-1
54,28,1230.00,498.00,17.00,42.40,1,-1,-1,-1
54,54,823.00,520.00,18.60,49.90,1,-1,-1,-1
54,88,1386.00,513.00,20.80,48.50,1,-1,-1,-1
54,98,1053.00,499.00,14.70,29.60,1,-1,-1,-1
54,103,1291.00,513.00,18.10,40.30,1,-1,-1,-1
54,104,1607.00,521.00,26.90,58.20,1,-1,-1,-1
54,105,1043.00,500.00,14.50,32.50,1,-1,-1,-1
55,2,440.00,567.00,44.50,113.90,1,-1,-1,-1
55,4,1553.00,560.00,56.00,141.00,1,-1,-1,-1
55,5,390.00,559.00,39.10,116.50,1,-1,-1,-1
55,7,1655.00,539.00,37.20,94.30,1,-1,-1,-1
55,8,1702.00,546.00,46.20,99.40,1,-1,-1,-1
55,11,557.00,553.00,31.90,87.90,1,-1,-1,-1
55,13,788.00,511.00,17.20,55.60,1,-1,-1,-1
55,15,636.00,539.00,33.20,83.30,1,-1,-1,-1
55,17,756.00,508.00,23.60,59.70,1,-1,-1,-1
55,22,583.00,552.00,32.60,86.30,1,-1,-1,-1
55,28,1228.00,500.00,17.40,42.20,1,-1,-1,-1
55,54,823.00,521.00,18.90,50.90,1,-1,-1,-1
55,88,1388.00,514.00,20.90,46.60,1,-1,-1,-1
55,98,1052.00,498.00,15.30,32.40,1,-1,-1,-1
55,103,1288.00,510.00,19.20,47.60,1,-1,-1,-1
55,104,1613.00,527.00,24.20,54.20,1,-1,-1,-1
55,105,1044.00,502.00,13.80,29.80,1,-1,-1,-1
56,2,435.00,567.00,46.20,114.00,1,-1,-1,-1
56,4,1564.00,557.00,51.60,150.10,1,-1,-1,-1
56,5,384.00,559.00,40.00,116.60,1,-1,-1,-1
56,7,1656.00,533.00,38.70,96.80,1,-1,-1,-1
56,8,1708.00,553.00,43.40,84.20,1,-1,-1,-1
56,11,559.00,557.00,29.50,87.30,1,-1,-1,-1
56,13,786.00,512.00,17.70,57.00,1,-1,-1,-1
56,15,633.00,539.00,34.40,86.00,1,-1,-1,-1
56,17,752.00,510.00,21.80,54.40,1,-1,-1,-1
56,22,582.00,547.00,36.20,92.70,1,-1,-1,-1
56,28,1228.00,501.00,17.30,40.70,1,-1,-1,-1
56,54,822.00,519.00,18.80,51.50,1,-1,-1,-1
56,88,1381.00,510.00,22.90,48.20,1,-1,-1,-1
56,98,1052.00,499.00,14.90,31.90,1,-1,-1,-1
56,103,1288.00,510.00,19.00,47.50,1,-1,-1,-1
56,106,604.00,548.00,31.80,85.10,1,-1,-1,-1
57,2,426.00,564.00,42.70,115.40,1,-1,-1,-1
57,4,1568.00,559.00,57.60,148.00,1,-1,-1,-1
57,5,380.00,562.00,41.90,113.20,1,-1,-1,-1
57,7,1659.00,528.00,40.20,101.10,1,-1,-1,-1
57,8,1712.00,555.00,42.80,85.50,1,-1,-1,-1
57,11,555.00,554.00,29.90,84.80,1,-1,-1,-1
57,13,789.00,513.00,17.00,54.00,1,-1,-1,-1
57,15,631.00,533.00,35.30,95.50,1,-1,-1,-1
57,17,751.00,509.00,23.20,52.00,1,-1,-1,-1
57,22,579.00,543.00,35.10,96.50,1,-1,-1,-1
57,28,1230.00,497.00,16.90,43.20,1,-1,-1,-1
57,54,822.00,518.00,18.30,49.00,1,-1,-1,-1
57,88,1384.00,513.00,22.10,48.40,1,-1,-1,-1
57,98,1049.00,496.00,16.00,34.70,1,-1,-1,-1
57,103,1289.00,505.00,19.30,48.00,1,-1,-1,-1
57,106,603.00,544.00,30.10,88.30,1,-1,-1,-1
57,107,1669.00,494.00,35.00,59.50,1,-1,-1,-1
58,2,424.00,560.00,47.70,124.50,1,-1,-1,-1
58,4,1573.00,555.00,54.40,148.90,1,-1,-1,-1
58,5,372.00,563.00,41.70,115.20,1,-1,-1,-1
58,7,1659.00,526.00,42.60,103.10,1,-1,-1,-1
58,8,1716.00,539.00,44.70,104.10,1,-1,-1,-1
58,11,554.00,554.00,28.70,85.60,1,-1,-1,-1
58,13,783.00,509.00,20.10,55.40,1,-1,-1,-1
58,15,630.00,539.00,35.80,81.00,1,-1,-1,-1
58,17,752.00,509.00,21.30,49.20,1,-1,-1,-1
58,22,576.00,546.00,34.70,93.60,1,-1,-1,-1
58,28,1229.00,495.00,18.00,42.50,1,-1,-1,-1
58,54,819.00,514.00,20.50,52.70,1,-1,-1,-1
58,88,1383.00,507.00,20.90,53.30,1,-1,-1,-1
58,98,1048.00,497.00,15.30,32.90,1,-1,-1,-1
58,103,1289.00,506.00,19.80,51.00,1,-1,-1,-1
58,106,600.00,545.00,34.00,86.30,1,-1,-1,-1
58,108,1272.00,505.00,20.00,46.90,1,-1,-1,-1
59,2,416.00,565.00,42.00,118.70,1,-1,-1,-1
59,4,1580.00,555.00,48.70,149.20,1,-1,-1,-1
59,5,374.00,550.00,45.60,127.30,1,-1,-1,-1
59,7,1665.00,526.00,41.10,103.70,1,-1,-1,-1
59,8,1720.00,547.00,47.30,95.10,1,-1,-1,-1
59,11,553.00,550.00,31.10,86.20,1,-1,-1,-1
59,13,787.00,510.00,16.60,47.50,1,-1,-1,-1
59,15,630.00,532.00,34.30,86.00,1,-1,-1,-1
59,17,753.00,511.00,20.30,47.60,1,-1,-1,-1
59,22,579.00,547.00,32.00,87.90,1,-1,-1,-1
59,28,1232.00,494.00,15.80,37.60,1,-1,-1,-1
59,54,818.00,515.00,18.70,46.00,1,-1,-1,-1
59,88,1381.00,511.00,23.10,50.90,1,-1,-1,-1
59,98,1045.00,498.00,14.90,30.20,1,-1,-1,-1
59,103,1291.00,505.00,20.00,50.00,1,-1,-1,-1
59,106,602.00,541.00,30.00,94.30,1,-1,-1,-1
59,108,1271.00,509.00,20.10,47.30,1,-1,-1,-1
60,2,419.00,555.00,45.70,120.00,1,-1,-1,-1
60,4,1585.00,558.00,53.50,150.00,1,-1,-1,-1
60,5,371.00,550.00,43.90,126.60,1,-1,-1,-1
60,7,1669.00,526.00,39.20,106.10,1,-1,-1,-1
60,8,1724.00,543.00,44.10,94.80,1,-1,-1,-1
60,11,544.00,553.00,31.00,82.90,1,-1,-1,-1
60,13,784.00,505.00,18.80,56.20,1,-1,-1,-1
60,15,625.00,531.00,33.70,88.60,1,-1,-1,-1
60,17,749.00,505.00,23.30,51.10,1,-1,-1,-1
60,22,573.00,540.00,36.60,100.90,1,-1,-1,-1
60,28,1230.00,493.00,19.10,46.10,1,-1,-1,-1
60,54,821.00,515.00,18.40,47.50,1,-1,-1,-1
60,88,1379.00,511.00,22.90,50.30,1,-1,-1,-1
60,98,1043.00,495.00,15.70,30.90,1,-1,-1,-1
60,103,1292.00,504.00,19.90,49.80,1,-1,-1,-1
60,106,602.00,539.00,33.50,92.30,1,-1,-1,-1
60,108,1266.00,507.00,19.40,40.60,1,-1,-1,-1
60,109,1053.00,496.00,14.60,30.10,1,-1,-1,-1
61,2,423.00,568.00,41.50,111.30,1,-1,-1,-1
61,4,1581.00,555.00,61.30,155.00,1,-1,-1,-1
61,5,369.00,556.00,43.90,118.70,1,-1,-1,-1
61,7,1675.00,518.00,38.90,104.50,1,-1,-1,-1
61,8,1728.00,542.00,46.00,95.60,1,-1,-1,-1
61,11,541.00,551.00,28.40,82.00,1,-1,-1,-1
61,13,783.00,508.00,19.10,54.30,1,-1,-1,-1
61,15,621.00,535.00,32.00,81.70,1,-1,-1,-1
61,17,750.00,504.00,22.70,55.70,1,-1,-1,-1
61,22,571.00,546.00,36.00,89.00,1,-1,-1,-1
61,28,1230.00,491.00,15.60,36.40,1,-1,-1,-1
61,54,822.00,517.00,16.90,45.60,1,-1,-1,-1
61,88,1380.00,505.00,21.90,50.50,1,-1,-1,-1
61,98,1043.00,495.00,14.90,34.60,1,-1,-1,-1
61,103,1288.00,498.00,22.20,53.50,1,-1,-1,-1
61,106,594.00,542.00,34.00,92.90,1,-1,-1,-1
61,108,1269.00,502.00,21.80,49.60,1,-1,-1,-1
61,110,302.00,559.00,48.80,120.70,1,-1,-1,-1
61,111,1663.00,503.00,30.50,62.50,1,-1,-1,-1
62,2,413.00,554.00,43.40,120.50,1,-1,-1,-1
62,4,1593.00,551.00,52.70,156.70,1,-1,-1,-1
62,5,366.00,551.00,43.50,117.50,1,-1,-1,-1
62,7,1677.00,527.00,41.70,102.30,1,-1,-1,-1
62,8,1734.00,536.00,43.90,111.40,1,-1,-1,-1
62,11,541.00,543.00,32.30,86.70,1,-1,-1,-1
62,13,781.00,502.00,20.90,59.20,1,-1,-1,-1
62,15,618.00,533.00,33.90,82.60,1,-1,-1,-1
62,17,749.00,505.00,21.60,51.40,1,-1,-1,-1
62,22,565.00,539.00,37.40,99.60,1,-1,-1,-1
62,28,1232.00,497.00,16.20,36.90,1,-1,-1,-1
62,54,818.00,512.00,19.30,51.30,1,-1,-1,-1
62,88,1386.00,506.00,23.10,51.80,1,-1,-1,-1
62,98,1041.00,494.00,14.70,26.20,1,-1,-1,-1
62,103,1294.00,500.00,21.80,52.80,1,-1,-1,-1
62,106,594.00,534.00,34.10,96.90,1,-1,-1,-1
62,108,1271.00,507.00,22.60,47.90,1,-1,-1,-1
62,111,1663.00,503.00,30.90,65.80,1,-1,-1,-1
62,112,1035.00,497.00,14.70,30.40,1,-1,-1,-1
63,2,409.00,574.00,44.80,115.30,1,-1,-1,-1
63,4,1601.00,545.00,52.80,147.60,1,-1,-1,-1
63,5,364.00,571.00,43.10,116.80,1,-1,-1,-1
63,7,1682.00,514.00,37.60,94.30,1,-1,-1,-1
63,8,1739.00,530.00,48.40,100.10,1,-1,-1,-1
63,11,538.00,559.00,32.90,87.40,1,-1,-1,-1
63,13,780.00,511.00,17.50,56.10,1,-1,-1,-1
63,15,616.00,538.00,36.50,92.80,1,-1,-1,-1
63,17,744.00,515.00,21.90,54.50,1,-1,-1,-1
63,22,564.00,551.00,37.70,97.10,1,-1,-1,-1
63,28,1232.00,488.00,16.80,37.80,1,-1,-1,-1
63,54,817.00,520.00,17.20,47.20,1,-1,-1,-1
63,88,1386.00,495.00,23.70,52.90,1,-1,-1,-1
63,98,1040.00,495.00,15.00,29.60,1,-1,-1,-1
63,103,1290.00,495.00,20.40,50.80,1,-1,-1,-1
63,106,591.00,543.00,36.70,102.50,1,-1,-1,-1
63,108,1272.00,499.00,20.80,48.10,1,-1,-1,-1
63,111,1664.00,490.00,27.70,57.40,1,-1,-1,-1
63,113,1575.00,505.00,20.30,46.20,1,-1,-1,-1
63,114,764.00,510.00,17.50,47.40,1,-1,-1,-1
64,2,411.00,557.00,46.70,118.20,1,-1,-1,-1
64,4,1601.00,566.00,55.50,140.30,1,-1,-1,-1
64,5,357.00,555.00,46.00,115.80,1,-1,-1,-1
64,7,1689.00,527.00,38.70,101.30,1,-1,-1,-1
64,8,1741.00,543.00,43.80,103.60,1,-1,-1,-1
64,11,537.00,544.00,33.80,93.00,1,-1,-1,-1
64,13,784.00,508.00,19.30,51.30,1,-1,-1,-1
64,15,616.00,528.00,34.60,93.50,1,-1,-1,-1
64,17,745.00,499.00,22.70,59.20,1,-1,-1,-1
64,22,563.00,537.00,35.70,96.50,1,-1,-1,-1
64,28,1233.00,493.00,18.40,39.90,1,-1,-1,-1
64,54,818.00,511.00,18.60,49.50,1,-1,-1,-1
64,88,1387.00,507.00,24.20,53.10,1,-1,-1,-1
64,98,1039.00,495.00,16.00,33.80,1,-1,-1,-1
64,103,1291.00,500.00,19.80,51.70,1,-1,-1,-1
64,106,590.00,537.00,35.20,91.50,1,-1,-1,-1
64,108,1276.00,506.00,19.50,44.20,1,-1,-1,-1
64,111,1667.00,507.00,26.40,58.40,1,-1,-1,-1
64,113,1575.00,519.00,19.80,47.30,1,-1,-1,-1
64,114,763.00,504.00,20.30,52.50,1,-1,-1,-1
64,115,1267.00,500.00,20.00,47.70,1,-1,-1,-1
65,2,402.00,563.00,45.90,123.90,1,-1,-1,-1
65,4,1610.00,562.00,52.80,147.70,1,-1,-1,-1
65,5,360.00,565.00,41.10,118.60,1,-1,-1,-1
65,7,1689.00,530.00,37.50,93.30,1,-1,-1,-1
65,8,1746.00,529.00,41.70,109.60,1,-1,-1,-1
65,11,529.00,546.00,35.80,98.10,1,-1,-1,-1
65,13,780.00,510.00,18.40,49.40,1,-1,-1,-1
65,15,617.00,535.00,30.90,94.80,1,-1,-1,-1
65,17,743.00,508.00,22.40,55.60,1,-1,-1,-1
65,22,558.00,548.00,35.60,98.00,1,-1,-1,-1
65,28,1230.00,494.00,17.80,42.40,1,-1,-1,-1
65,54,812.00,516.00,19.90,53.80,1,-1,-1,-1
65,88,1384.00,501.00,24.70,52.60,1,-1,-1,-1
65,98,1037.00,494.00,15.10,30.10,1,-1,-1,-1
65,103,1291.00,501.00,20.40,50.10,1,-1,-1,-1
65,106,588.00,547.00,35.70,89.80,1,-1,-1,-1
65,108,1269.00,504.00,20.50,45.10,1,-1,-1,-1
65,111,1659.00,498.00,32.40,68.50,1,-1,-1,-1
65,114,764.00,510.00,16.50,44.80,1,-1,-1,-1
65,116,1030.00,492.00,14.50,34.20,1,-1,-1,-1
66,2,402.00,575.00,44.40,112.70,1,-1,-1,-1
66,4,1615.00,558.00,53.30,148.30,1,-1,-1,-1
66,5,354.00,570.00,43.60,116.30,1,-1,-1,-1
66,7,1695.00,518.00,37.00,97.70,1,-1,-1,-1
66,8,1754.00,530.00,42.10,101.50,1,-1,-1,-1
66,11,529.00,562.00,32.60,84.30,1,-1,-1,-1
66,13,777.00,514.00,18.30,50.10,1,-1,-1,-1
66,15,615.00,537.00,32.60,90.50,1,-1,-1,-1
66,17,744.00,508.00,21.30,53.60,1,-1,-1,-1
66,22,556.00,553.00,35.60,95.90,1,-1,-1,-1
66,28,1233.00,489.00,17.10,42.20,1,-1,-1,-1
66,54,814.00,519.00,19.90,55.00,1,-1,-1,-1
66,88,1385.00,499.00,24.80,52.40,1,-1,-1,-1
66,98,1033.00,492.00,15.90,32.80,1,-1,-1,-1
66,103,1289.00,498.00,20.90,51.30,1,-1,-1,-1
66,106,587.00,545.00,38.60,104.80,1,-1,-1,-1
66,108,1270.00,496.00,19.00,45.00,1,-1,-1,-1
66,111,1661.00,497.00,29.60,63.50,1,-1,-1,-1
66,114,761.00,510.00,20.20,53.50,1,-1,-1,-1
67,2,399.00,556.00,47.30,116.40,1,-1,-1,-1
67,4,1615.00,569.00,57.20,157.10,1,-1,-1,-1
67,5,352.00,555.00,42.10,117.90,1,-1,-1,-1
67,7,1698.00,532.00,37.80,102.30,1,-1,-1,-1
67,8,1754.00,548.00,41.70,104.00,1,-1,-1,-1
67,11,522.00,549.00,35.10,97.10,1,-1,-1,-1
67,13,777.00,508.00,19.40,54.50,1,-1,-1,-1
67,15,611.00,536.00,34.20,90.00,1,-1,-1,-1
67,17,738.00,506.00,22.90,56.10,1,-1,-1,-1
67,22,555.00,542.00,35.60,99.60,1,-1,-1,-1
67,28,1229.00,496.00,16.80,41.90,1,-1,-1,-1
67,54,815.00,513.00,19.80,49.00,1,-1,-1,-1
67,88,1384.00,508.00,22.90,50.40,1,-1,-1,-1
67,98,1036.00,492.00,15.60,33.10,1,-1,-1,-1
67,103,1292.00,505.00,20.10,49.90,1,-1,-1,-1
67,106,583.00,536.00,39.90,104.80,1,-1,-1,-1
67,108,1274.00,507.00,21.00,46.10,1,-1,-1,-1
67,111,1662.00,509.00,31.80,68.30,1,-1,-1,-1
67,114,764.00,510.00,16.50,41.70,1,-1,-1,-1
67,117,1029.00,494.00,15.70,35.50,1,-1,-1,-1
67,118,1575.00,518.00,23.30,56.30,1,-1,-1,-1
68,2,394.00,571.00,44.10,115.70,1,-1,-1,-1
68,4,1619.00,559.00,54.90,151.10,1,-1,-1,-1
68,5,344.00,561.00,47.00,126.10,1,-1,-1,-1
68,7,1699.00,519.00,40.50,109.40,1,-1,-1,-1
68,8,1753.00,546.00,49.30,100.30,1,-1,-1,-1
68,11,520.00,554.00,35.80,99.00,1,-1,-1,-1
68,13,775.00,508.00,20.80,57.90,1,-1,-1,-1
68,15,607.00,537.00,34.30,89.30,1,-1,-1,-1
68,17,739.00,505.00,20.80,58.40,1,-1,-1,-1
68,22,546.00,545.00,36.50,101.80,1,-1,-1,-1
68,28,1227.00,490.00,16.60,42.20,1,-1,-1,-1
68,54,811.00,515.00,20.40,54.90,1,-1,-1,-1
68,88,1382.00,504.00,23.20,50.00,1,-1,-1,-1
68,103,1292.00,504.00,19.10,46.90,1,-1,-1,-1
68,106,583.00,543.00,38.60,100.20,1,-1,-1,-1
68,108,1269.00,503.00,20.50,46.20,1,-1,-1,-1
68,111,1659.00,502.00,28.20,65.50,1,-1,-1,-1
68,114,756.00,509.00,19.40,49.10,1,-1,-1,-1
68,117,1030.00,496.00,13.20,26.70,1,-1,-1,-1
68,119,506.00,532.00,33.00,94.10,1,-1,-1,-1
68,120,1433.00,443.00,20.30,43.10,1,-1,-1,-1
68,121,1423.00,509.00,21.50,54.30,1,-1,-1,-1
69,2,390.00,562.00,45.20,121.00,1,-1,-1,-1
69,4,1615.00,576.00,70.30,159.90,1,-1,-1,-1
69,5,337.00,547.00,47.50,126.70,1,-1,-1,-1
69,7,1705.00,535.00,38.70,104.50,1,-1,-1,-1
69,8,1763.00,558.00,44.30,98.10,1,-1,-1,-1
69,11,521.00,555.00,32.20,88.40,1,-1,-1,-1
69,13,775.00,506.00,19.70,56.00,1,-1,-1,-1
69,15,607.00,537.00,34.90,82.80,1,-1,-1,-1
69,17,736.00,508.00,22.20,55.30,1,-1,-1,-1
69,22,547.00,547.00,35.90,98.10,1,-1,-1,-1
69,28,1230.00,495.00,15.20,40.80,1,-1,-1,-1
69,54,809.00,518.00,17.60,43.90,1,-1,-1,-1
69,88,1379.00,510.00,23.90,49.20,1,-1,-1,-1
69,103,1291.00,507.00,18.60,46.10,1,-1,-1,-1
69,106,586.00,541.00,36.90,99.30,1,-1,-1,-1
69,108,1272.00,502.00,22.60,50.70,1,-1,-1,-1
69,111,1659.00,511.00,29.40,64.60,1,-1,-1,-1
69,114,757.00,507.00,18.20,47.70,1,-1,-1,-1
69,117,1033.00,499.00,13.50,29.90,1,-1,-1,-1
70,2,384.00,566.00,43.70,115.70,1,-1,-1,-1
70,4,1624.00,569.00,56.10,159.70,1,-1,-1,-1
70,5,337.00,553.00,48.20,124.60,1,-1,-1,-1
70,7,1706.00,528.00,37.50,101.40,1,-1,-1,-1
70,8,1764.00,551.00,45.80,96.40,1,-1,-1,-1
70,11,513.00,550.00,34.80,94.90,1,-1,-1,-1
70,13,772.00,510.00,18.00,49.40,1,-1,-1,-1
70,15,601.00,535.00,32.40,89.50,1,-1,-1,-1
70,17,735.00,508.00,21.00,52.60,1,-1,-1,-1
70,22,540.00,541.00,38.80,102.90,1,-1,-1,-1
70,28,1224.00,496.00,16.50,38.20,1,-1,-1,-1
70,54,809.00,515.00,18.40,46.70,1,-1,-1,-1
70,88,1379.00,506.00,22.50,51.00,1,-1,-1,-1
70,103,1292.00,503.00,20.50,50.70,1,-1,-1,-1
70,106,579.00,541.00,34.00,98.20,1,-1,-1,-1
70,108,1268.00,507.00,21.50,48.30,1,-1,-1,-1
70,111,1658.00,506.00,27.80,64.20,1,-1,-1,-1
70,114,756.00,503.00,17.70,46.90,1,-1,-1,-1
70,117,1031.00,492.00,15.70,34.00,1,-1,-1,-1
70,122,499.00,536.00,32.00,86.30,1,-1,-1,-1
70,123,1421.00,516.00,18.50,44.70,1,-1,-1,-1
70,124,1022.00,494.00,13.60,28.50,1,-1,-1,-1
70,125,259.00,507.00,23.80,57.00,1,-1,-1,-1
70,126,1391.00,509.00,22.40,50.10,1,-1,-1,-1
71,2,374.00,559.00,48.50,131.20,1,-1,-1,-1
71,4,1628.00,573.00,56.00,153.50,1,-1,-1,-1
71,5,338.00,551.00,43.50,133.20,1,-1,-1,-1
71,7,1704.00,534.00,40.10,97.80,1,-1,-1,-1
71,8,1767.00,556.00,42.40,100.60,1,-1,-1,-1
71,11,511.00,550.00,33.60,98.30,1,-1,-1,-1
71,13,771.00,506.00,18.50,51.50,1,-1,-1,-1
71,15,595.00,529.00,35.90,97.80,1,-1,-1,-1
71,17,731.00,512.00,21.20,49.00,1,-1,-1,-1
71,22,536.00,547.00,41.30,102.80,1,-1,-1,-1
71,28,1226.00,497.00,16.20,42.30,1,-1,-1,-1
71,54,804.00,512.00,20.60,54.90,1,-1,-1,-1
71,88,1379.00,509.00,23.00,46.90,1,-1,-1,-1
71,103,1288.00,505.00,21.30,54.10,1,-1,-1,-1
71,106,579.00,543.00,35.60,98.30,1,-1,-1,-1
71,108,1265.00,509.00,21.30,47.30,1,-1,-1,-1
71,111,1650.00,502.00,33.30,73.20,1,-1,-1,-1
71,114,752.00,508.00,18.70,46.40,1,-1,-1,-1
71,123,1418.00,520.00,19.90,46.70,1,-1,-1,-1
71,124,1023.00,493.00,15.20,30.60,1,-1,-1,-1
71,127,1568.00,517.00,22.80,55.70,1,-1,-1,-1
71,128,1425.00,514.00,23.50,59.50,1,-1,-1,-1
71,129,439.00,553.00,29.30,73.60,1,-1,-1,-1
72,2,372.00,560.00,46.00,127.50,1,-1,-1,-1
72,4,1635.00,561.00,60.60,164.30,1,-1,-1,-1
72,5,323.00,556.00,46.10,128.60,1,-1,-1,-1
72,7,1703.00,531.00,39.10,98.80,1,-1,-1,-1
72,8,1768.00,547.00,45.50,104.80,1,-1,-1,-1
72,11,502.00,548.00,35.20,101.00,1,-1,-1,-1
72,13,767.00,507.00,21.80,59.90,1,-1,-1,-1
72,15,596.00,532.00,34.40,98.30,1,-1,-1,-1
72,17,725.00,506.00,22.70,55.30,1,-1,-1,-1
72,22,533.00,547.00,40.10,103.40,1,-1,-1,-1
72,28,1227.00,498.00,15.90,40.40,1,-1,-1,-1
72,54,801.00,518.00,18.60,52.00,1,-1,-1,-1
72,88,1376.00,504.00,23.70,53.90,1,-1,-1,-1
72,103,1286.00,505.00,21.10,52.00,1,-1,-1,-1
72,106,573.00,544.00,34.30,98.80,1,-1,-1,-1
72,108,1264.00,502.00,20.20,46.50,1,-1,-1,-1
72,114,750.00,509.00,18.30,45.00,1,-1,-1,-1
72,124,1025.00,495.00,14.80,34.10,1,-1,-1,-1
72,128,1429.00,510.00,23.50,60.10,1,-1,-1,-1
72,130,1017.00,492.00,14.40,34.50,1,-1,-1,-1
72,131,1583.00,516.00,21.80,57.30,1,-1,-1,-1
72,132,757.00,503.00,20.00,57.90,1,-1,-1,-1
73,2,368.00,563.00,43.70,121.30,1,-1,-1,-1
73,4,1637.00,577.00,64.90,163.80,1,-1,-1,-1
73,5,322.00,554.00,46.60,123.40,1,-1,-1,-1
73,7,1707.00,533.00,38.40,99.60,1,-1,-1,-1
73,8,1771.00,552.00,45.50,102.60,1,-1,-1,-1
73,11,500.00,549.00,36.70,100.50,1,-1,-1,-1
73,13,769.00,506.00,19.10,53.40,1,-1,-1,-1
73,15,591.00,534.00,34.60,88.40,1,-1,-1,-1
73,17,728.00,507.00,20.70,53.80,1,-1,-1,-1
73,22,525.00,544.00,42.60,106.10,1,-1,-1,-1
73,28,1222.00,494.00,18.70,46.50,1,-1,-1,-1
73,54,802.00,512.00,20.90,52.70,1,-1,-1,-1
73,88,1378.00,509.00,22.00,48.30,1,-1,-1,-1
73,103,1288.00,507.00,19.50,51.60,1,-1,-1,-1
73,106,567.00,536.00,36.30,107.40,1,-1,-1,-1
73,108,1265.00,502.00,20.90,49.60,1,-1,-1,-1
73,114,747.00,509.00,17.90,44.40,1,-1,-1,-1
73,128,1429.00,510.00,23.20,61.60,1,-1,-1,-1
73,130,1018.00,493.00,14.00,34.30,1,-1,-1,-1
73,131,1586.00,517.00,22.20,55.40,1,-1,-1,-1
73,133,1366.00,513.00,23.80,51.20,1,-1,-1,-1
73,134,1565.00,524.00,21.40,46.70,1,-1,-1,-1
73,135,1416.00,512.00,23.10,59.40,1,-1,-1,-1
74,2,363.00,565.00,46.00,122.90,1,-1,-1,-1
74,4,1648.00,574.00,59.60,153.30,1,-1,-1,-1
74,5,314.00,557.00,48.30,130.30,1,-1,-1,-1
74,7,1711.00,533.00,36.90,97.60,1,-1,-1,-1
74,8,1776.00,559.00,44.40,101.00,1,-1,-1,-1
74,11,497.00,548.00,35.00,99.10,1,-1,-1,-1
74,13,762.00,505.00,20.90,57.40,1,-1,-1,-1
74,15,587.00,534.00,34.50,89.70,1,-1,-1,-1
74,17,726.00,507.00,21.20,51.60,1,-1,-1,-1
74,22,527.00,550.00,36.50,92.90,1,-1,-1,-1
74,28,1223.00,494.00,17.50,41.70,1,-1,-1,-1
74,54,798.00,515.00,19.50,51.00,1,-1,-1,-1
74,88,1371.00,503.00,28.30,57.60,1,-1,-1,-1
74,103,1285.00,507.00,20.20,51.70,1,-1,-1,-1
74,106,563.00,547.00,35.60,100.90,1,-1,-1,-1
74,108,1263.00,499.00,21.30,49.40,1,-1,-1,-1
74,114,745.00,503.00,18.50,46.00,1,-1,-1,-1
74,128,1416.00,507.00,24.60,62.60,1,-1,-1,-1
74,130,1015.00,495.00,13.90,28.80,1,-1,-1,-1
74,131,1584.00,521.00,22.30,48.90,1,-1,-1,-1
74,134,1566.00,515.00,23.50,52.70,1,-1,-1,-1
75,2,352.00,555.00,51.20,129.90,1,-1,-1,-1
75,4,1646.00,577.00,62.50,161.80,1,-1,-1,-1
75,5,311.00,562.00,44.50,118.10,1,-1,-1,-1
75,7,1709.00,534.00,37.20,101.10,1,-1,-1,-1
75,8,1771.00,554.00,44.70,105.20,1,-1,-1,-1
75,11,489.00,552.00,35.50,94.10,1,-1,-1,-1
75,13,763.00,510.00,18.80,53.90,1,-1,-1,-1
75,15,583.00,534.00,32.20,89.60,1,-1,-1,-1
75,17,717.00,508.00,23.00,56.70,1,-1,-1,-1
75,22,518.00,547.00,40.80,105.90,1,-1,-1,-1
75,28,1220.00,498.00,15.90,40.40,1,-1,-1,-1
75,54,795.00,514.00,20.80,51.10,1,-1,-1,-1
75,88,1366.00,506.00,26.30,57.60,1,-1,-1,-1
75,103,1283.00,507.00,18.30,46.70,1,-1,-1,-1
75,106,556.00,536.00,39.00,121.80,1,-1,-1,-1
75,108,1261.00,505.00,22.20,51.50,1,-1,-1,-1
75,114,741.00,504.00,16.50,46.30,1,-1,-1,-1
75,128,1419.00,508.00,22.10,54.80,1,-1,-1,-1
75,130,1016.00,496.00,15.80,32.80,1,-1,-1,-1
75,131,1584.00,526.00,20.60,47.50,1,-1,-1,-1
75,134,1562.00,525.00,21.20,44.20,1,-1,-1,-1
75,136,1007.00,495.00,14.50,33.30,1,-1,-1,-1
75,137,1597.00,525.00,21.10,49.00,1,-1,-1,-1
75,138,1383.00,511.00,25.80,51.10,1,-1,-1,-1
75,139,1292.00,514.00,18.30,43.90,1,-1,-1,-1
75,140,1434.00,514.00,21.50,50.60,1,-1,-1,-1
76,2,353.00,554.00,47.90,126.50,1,-1,-1,-1
76,4,1650.00,570.00,57.60,181.10,1,-1,-1,-1
76,5,305.00,556.00,47.60,123.70,1,-1,-1,-1
76,7,1712.00,533.00,36.20,98.20,1,-1,-1,-1
76,8,1774.00,552.00,44.60,106.90,1,-1,-1,-1
76,11,486.00,551.00,35.10,95.20,1,-1,-1,-1
76,13,760.00,506.00,21.10,59.80,1,-1,-1,-1
76,15,576.00,530.00,37.00,95.50,1,-1,-1,-1
76,17,715.00,506.00,22.50,57.80,1,-1,-1,-1
76,22,510.00,544.00,38.80,105.80,1,-1,-1,-1
76,28,1217.00,495.00,16.50,41.80,1,-1,-1,-1
76,54,793.00,515.00,19.20,48.40,1,-1,-1,-1
76,88,1365.00,509.00,23.90,53.90,1,-1,-1,-1
76,103,1283.00,509.00,19.80,48.10,1,-1,-1,-1
76,106,558.00,541.00,32.50,107.40,1,-1,-1,-1
76,108,1260.00,503.00,22.40,52.00,1,-1,-1,-1
76,114,744.00,513.00,15.70,36.00,1,-1,-1,-1
76,128,1418.00,507.00,22.00,58.50,1,-1,-1,-1
76,130,1013.00,495.00,13.40,28.10,1,-1,-1,-1
76,131,1583.00,523.00,19.90,49.60,1,-1,-1,-1
76,134,1560.00,523.00,21.30,45.80,1,-1,-1,-1
76,136,1007.00,492.00,13.50,29.30,1,-1,-1,-1
76,137,1600.00,526.00,19.20,44.70,1,-1,-1,-1
76,140,1427.00,512.00,24.60,56.20,1,-1,-1,-1
77,2,347.00,560.00,51.70,125.80,1,-1,-1,-1
77,4,1649.00,572.00,66.70,174.30,1,-1,-1,-1
77,5,297.00,555.00,44.80,128.90,1,-1,-1,-1
77,7,1716.00,541.00,34.60,92.40,1,-1,-1,-1
77,8,1777.00,556.00,43.30,107.50,1,-1,-1,-1
77,11,482.00,553.00,34.70,95.40,1,-1,-1,-1
77,13,760.00,507.00,21.00,57.10,1,-1,-1,-1
77,15,574.00,533.00,34.60,91.20,1,-1,-1,-1
77,17,716.00,504.00,20.50,53.70,1,-1,-1,-1
77,22,506.00,549.00,37.10,102.50,1,-1,-1,-1
77,28,1217.00,497.00,18.40,42.70,1,-1,-1,-1
77,54,789.00,518.00,18.50,48.30,1,-1,-1,-1
77,88,1364.00,510.00,24.70,52.50,1,-1,-1,-1
77,103,1277.00,506.00,22.00,49.80,1,-1,-1,-1
77,106,551.00,541.00,35.80,104.70,1,-1,-1,-1
77,108,1256.00,505.00,24.30,54.70,1,-1,-1,-1
77,128,1416.00,508.00,25.80,62.50,1,-1,-1,-1
77,131,1577.00,523.00,20.80,49.30,1,-1,-1,-1
77,134,1553.00,522.00,22.50,52.10,1,-1,-1,-1
77,136,1004.00,496.00,15.90,31.00,1,-1,-1,-1
77,141,734.00,509.00,19.00,44.70,1,-1,-1,-1
77,142,996.00,486.00,19.80,49.10,1,-1,-1,-1
78,2,347.00,560.00,43.20,127.40,1,-1,-1,-1
78,4,1656.00,582.00,64.40,171.80,1,-1,-1,-1
78,5,291.00,544.00,48.00,131.90,1,-1,-1,-1
78,7,1711.00,535.00,41.40,99.10,1,-1,-1,-1
78,8,1773.00,553.00,44.80,109.80,1,-1,-1,-1
78,11,475.00,556.00,34.00,93.50,1,-1,-1,-1
78,13,755.00,504.00,21.50,56.80,1,-1,-1,-1
78,15,564.00,534.00,36.60,95.50,1,-1,-1,-1
78,17,710.00,506.00,21.40,54.40,1,-1,-1,-1
78,22,501.00,549.00,41.10,104.60,1,-1,-1,-1
78,28,1212.00,497.00,16.70,40.10,1,-1,-1,-1
78,54,784.00,511.00,20.20,54.20,1,-1,-1,-1
78,88,1358.00,508.00,23.00,54.60,1,-1,-1,-1
78,103,1278.00,507.00,19.00,46.90,1,-1,-1,-1
78,106,544.00,540.00,37.00,111.10,1,-1,-1,-1
78,108,1255.00,504.00,21.90,51.50,1,-1,-1,-1
78,128,1420.00,515.00,22.20,55.20,1,-1,-1,-1
78,131,1577.00,526.00,20.10,44.90,1,-1,-1,-1
78,134,1554.00,521.00,22.90,52.20,1,-1,-1,-1
78,136,1003.00,491.00,14.50,31.70,1,-1,-1,-1
78,141,734.00,504.00,19.00,47.00,1,-1,-1,-1
78,143,1409.00,516.00,21.60,50.70,1,-1,-1,-1
78,144,1269.00,508.00,21.50,52.40,1,-1,-1,-1
78,145,1596.00,526.00,21.50,50.00,1,-1,-1,-1
79,2,333.00,548.00,54.70,135.20,1,-1,-1,-1
79,4,1648.00,579.00,74.50,175.20,1,-1,-1,-1
79,5,281.00,560.00,48.90,118.60,1,-1,-1,-1
79,7,1713.00,539.00,37.30,89.10,1,-1,-1,-1
79,8,1778.00,557.00,43.80,105.30,1,-1,-1,-1
79,11,465.00,546.00,41.70,107.60,1,-1,-1,-1
79,13,755.00,502.00,20.60,57.80,1,-1,-1,-1
79,15,564.00,530.00,36.90,100.50,1,-1,-1,-1
79,17,706.00,501.00,22.00,58.00,1,-1,-1,-1
79,22,495.00,547.00,40.60,101.00,1,-1,-1,-1
79,28,1213.00,490.00,19.70,49.40,1,-1,-1,-1
79,54,782.00,512.00,19.90,52.50,1,-1,-1,-1
79,88,1353.00,505.00,27.00,57.20,1,-1,-1,-1
79,103,1276.00,504.00,21.50,54.90,1,-1,-1,-1
79,106,540.00,533.00,40.30,119.90,1,-1,-1,-1
79,108,1255.00,501.00,24.10,56.50,1,-1,-1,-1
79,128,1420.00,511.00,21.80,53.00,1,-1,-1,-1
79,131,1577.00,528.00,19.60,46.90,1,-1,-1,-1
79,134,1554.00,525.00,20.50,49.20,1,-1,-1,-1
79,136,1000.00,489.00,15.50,35.30,1,-1,-1,-1
79,141,728.00,508.00,18.40,41.30,1,-1,-1,-1
79,143,1410.00,516.00,21.40,52.20,1,-1,-1,-1
79,146,1209.00,496.00,15.50,38.10,1,-1,-1,-1
80,2,327.00,565.00,47.10,119.00,1,-1,-1,-1
80,4,1660.00,580.00,70.20,177.10,1,-1,-1,-1
80,5,274.00,546.00,54.50,143.40,1,-1,-1,-1
80,7,1716.00,538.00,35.50,90.70,1,-1,-1,-1
80,8,1776.00,548.00,46.80,108.90,1,-1,-1,-1
80,11,458.00,555.00,40.30,103.10,1,-1,-1,-1
80,13,747.00,503.00,22.80,61.20,1,-1,-1,-1
80,15,556.00,534.00,40.30,97.40,1,-1,-1,-1
80,17,702.00,504.00,22.90,59.60,1,-1,-1,-1
80,22,488.00,548.00,41.80,105.80,1,-1,-1,-1
80,28,1211.00,493.00,17.60,41.00,1,-1,-1,-1
80,54,781.00,514.00,20.30,52.80,1,-1,-1,-1
80,88,1354.00,505.00,24.50,51.60,1,-1,-1,-1
80,103,1272.00,504.00,19.90,52.60,1,-1,-1,-1
80,106,537.00,546.00,35.00,102.30,1,-1,-1,-1
80,108,1250.00,503.00,23.70,53.90,1,-1,-1,-1
80,128,1419.00,515.00,20.20,48.90,1,-1,-1,-1
80,131,1573.00,525.00,19.10,46.70,1,-1,-1,-1
80,134,1545.00,519.00,23.50,52.50,1,-1,-1,-1
80,136,995.00,487.00,15.80,40.00,1,-1,-1,-1
80,141,729.00,504.00,16.80,42.00,1,-1,-1,-1
80,143,1407.00,511.00,21.20,50.60,1,-1,-1,-1
80,147,1396.00,516.00,20.50,49.80,1,-1,-1,-1
80,148,1382.00,515.00,21.70,49.00,1,-1,-1,-1
81,2,323.00,555.00,50.40,136.00,1,-1,-1,-1
81,4,1658.00,576.00,65.20,184.70,1,-1,-1,-1
81,5,270.00,559.00,45.40,122.50,1,-1,-1,-1
81,7,1712.00,537.00,35.30,95.00,1,-1,-1,-1
81,8,1775.00,551.00,47.90,108.50,1,-1,-1,-1
81,11,453.00,545.00,35.70,104.00,1,-1,-1,-1
81,13,748.00,505.00,20.90,56.70,1,-1,-1,-1
81,15,548.00,531.00,39.50,98.60,1,-1,-1,-1
81,17,702.00,502.00,21.90,56.10,1,-1,-1,-1
81,22,484.00,551.00,39.90,101.20,1,-1,-1,-1
81,28,1206.00,494.00,16.10,40.40,1,-1,-1,-1
81,54,775.00,510.00,20.40,55.20,1,-1,-1,-1
81,88,1353.00,507.00,21.80,50.50,1,-1,-1,-1
81,103,1271.00,507.00,21.60,50.80,1,-1,-1,-1
81,106,529.00,540.00,35.60,108.80,1,-1,-1,-1
81,108,1246.00,500.00,24.40,49.50,1,-1,-1,-1
81,128,1424.00,512.00,20.70,49.70,1,-1,-1,-1
81,131,1573.00,525.00,18.10,45.30,1,-1,-1,-1
81,134,1549.00,520.00,19.00,49.50,1,-1,-1,-1
81,136,996.00,490.00,16.70,39.00,1,-1,-1,-1
81,141,720.00,508.00,19.20,43.00,1,-1,-1,-1
81,143,1407.00,513.00,20.60,51.60,1,-1,-1,-1
81,147,1396.00,510.00,21.00,47.20,1,-1,-1,-1
81,149,990.00,489.00,15.60,32.10,1,-1,-1,-1
81,150,1259.00,500.00,23.00,56.10,1,-1,-1,-1
81,151,380.00,468.00,20.00,54.00,1,-1,-1,-1
82,2,314.00,561.00,44.40,124.00,1,-1,-1,-1
82,4,1657.00,583.00,64.60,168.50,1,-1,-1,-1
82,5,268.00,556.00,41.30,118.90,1,-1,-1,-1
82,7,1713.00,530.00,36.20,104.90,1,-1,-1,-1
82,8,1777.00,551.00,42.20,103.20,1,-1,-1,-1
82,11,446.00,552.00,35.40,104.10,1,-1,-1,-1
82,13,745.00,506.00,20.00,54.00,1,-1,-1,-1
82,15,549.00,530.00,36.70,104.90,1,-1,-1,-1
82,17,695.00,503.00,23.00,60.00,1,-1,-1,-1
82,22,474.00,539.00,41.20,115.40,1,-1,-1,-1
82,28,1202.00,494.00,17.20,42.00,1,-1,-1,-1
82,54,773.00,513.00,17.90,49.20,1,-1,-1,-1
82,88,1351.00,507.00,24.30,55.60,1,-1,-1,-1
82,103,1265.00,508.00,19.40,45.20,1,-1,-1,-1
82,106,525.00,542.00,34.30,110.90,1,-1,-1,-1
82,108,1242.00,501.00,26.40,51.30,1,-1,-1,-1
82,128,1418.00,511.00,22.00,50.70,1,-1,-1,-1
82,134,1546.00,517.00,22.80,54.80,1,-1,-1,-1
82,136,989.00,492.00,15.70,33.00,1,-1,-1,-1
82,141,721.00,511.00,16.60,38.10,1,-1,-1,-1
82,143,1401.00,511.00,26.00,56.00,1,-1,-1,-1
82,147,1390.00,517.00,21.70,48.30,1,-1,-1,-1
82,152,711.00,511.00,16.80,41.60,1,-1,-1,-1
83,2,309.00,566.00,49.10,125.50,1,-1,-1,-1
83,4,1662.00,586.00,72.30,163.10,1,-1,-1,-1
83,5,255.00,558.00,49.50,129.10,1,-1,-1,-1
83,7,1712.00,531.00,36.40,106.60,1,-1,-1,-1
83,8,1776.00,551.00,49.80,112.20,1,-1,-1,-1
83,11,440.00,550.00,38.60,102.80,1,-1,-1,-1
83,13,738.00,507.00,21.50,55.20,1,-1,-1,-1
83,15,542.00,535.00,37.00,93.20,1,-1,-1,-1
83,17,691.00,503.00,21.90,63.20,1,-1,-1,-1
83,22,468.00,549.00,40.90,111.10,1,-1,-1,-1
83,28,1202.00,492.00,18.00,45.40,1,-1,-1,-1
83,54,769.00,515.00,20.60,49.70,1,-1,-1,-1
83,88,1345.00,508.00,23.50,49.90,1,-1,-1,-1
83,103,1264.00,508.00,20.20,44.60,1,-1,-1,-1
83,106,520.00,544.00,36.90,108.40,1,-1,-1,-1
83,108,1244.00,503.00,21.20,47.80,1,-1,-1,-1
83,128,1414.00,516.00,20.80,48.90,1,-1,-1,-1
83,134,1543.00,519.00,19.90,51.00,1,-1,-1,-1
83,136,988.00,491.00,13.90,30.40,1,-1,-1,-1
83,141,712.00,507.00,18.40,46.90,1,-1,-1,-1
83,143,1401.00,511.00,21.20,50.50,1,-1,-1,-1
83,153,1571.00,522.00,20.30,48.80,1,-1,-1,-1
83,154,979.00,486.00,18.50,43.50,1,-1,-1,-1
83,155,1253.00,505.00,22.70,51.50,1,-1,-1,-1
83,156,1421.00,512.00,25.90,66.00,1,-1,-1,-1
84,2,302.00,566.00,52.90,128.40,1,-1,-1,-1
84,4,1663.00,587.00,68.60,170.00,1,-1,-1,-1
84,5,250.00,556.00,48.90,134.10,1,-1,-1,-1
84,7,1706.00,534.00,42.40,91.80,1,-1,-1,-1
84,8,1776.00,553.00,44.90,98.60,1,-1,-1,-1
84,11,433.00,561.00,34.00,90.90,1,-1,-1,-1
84,13,737.00,505.00,21.20,55.30,1,-1,-1,-1
84,15,535.00,531.00,39.20,100.80,1,-1,-1,-1
84,17,688.00,503.00,22.40,53.60,1,-1,-1,-1
84,22,464.00,544.00,41.20,113.00,1,-1,-1,-1
84,28,1199.00,491.00,16.30,42.00,1,-1,-1,-1
84,54,768.00,513.00,20.00,51.20,1,-1,-1,-1
84,88,1346.00,507.00,22.60,51.10,1,-1,-1,-1
84,103,1265.00,503.00,20.40,53.80,1,-1,-1,-1
84,106,515.00,542.00,37.90,110.20,1,-1,-1,-1
84,108,1246.00,503.00,21.00,49.70,1,-1,-1,-1
84,128,1413.00,508.00,21.20,56.80,1,-1,-1,-1
84,134,1540.00,516.00,23.40,56.60,1,-1,-1,-1
84,136,981.00,491.00,14.50,31.10,1,-1,-1,-1
84,141,708.00,508.00,18.70,46.00,1,-1,-1,-1
84,143,1402.00,514.00,20.60,49.80,1,-1,-1,-1
84,153,1562.00,523.00,21.70,46.70,1,-1,-1,-1
84,157,1235.00,501.00,21.60,50.40,1,-1,-1,-1
84,158,1385.00,519.00,21.60,47.60,1,-1,-1,-1
85,2,297.00,564.00,52.10,135.10,1,-1,-1,-1
85,4,1673.00,574.00,64.00,186.00,1,-1,-1,-1
85,5,242.00,563.00,44.90,129.70,1,-1,-1,-1
85,7,1706.00,528.00,40.40,119.10,1,-1,-1,-1
85,8,1778.00,552.00,45.60,103.70,1,-1,-1,-1
85,11,424.00,558.00,37.30,97.30,1,-1,-1,-1
85,13,730.00,508.00,20.70,58.70,1,-1,-1,-1
85,15,536.00,539.00,37.00,100.80,1,-1,-1,-1
85,17,688.00,508.00,21.00,53.50,1,-1,-1,-1
85,22,455.00,548.00,45.30,113.50,1,-1,-1,-1
85,28,1195.00,494.00,16.70,41.70,1,-1,-1,-1
85,54,761.00,514.00,21.40,54.40,1,-1,-1,-1
85,88,1340.00,509.00,24.60,55.40,1,-1,-1,-1
85,103,1258.00,504.00,20.90,50.50,1,-1,-1,-1
85,106,510.00,547.00,38.80,110.30,1,-1,-1,-1
85,108,1236.00,502.00,23.00,53.30,1,-1,-1,-1
85,128,1410.00,513.00,22.60,56.40,1,-1,-1,-1
85,134,1541.00,516.00,24.60,59.00,1,-1,-1,-1
85,136,982.00,492.00,14.30,32.30,1,-1,-1,-1
85,141,708.00,509.00,18.10,44.40,1,-1,-1,-1
85,143,1398.00,515.00,23.30,53.90,1,-1,-1,-1
85,153,1563.00,524.00,20.00,45.20,1,-1,-1,-1
85,158,1385.00,519.00,22.20,50.30,1,-1,-1,-1
85,159,1536.00,524.00,19.20,46.70,1,-1,-1,-1
85,160,975.00,491.00,16.50,39.20,1,-1,-1,-1
86,2,292.00,574.00,50.40,124.10,1,-1,-1,-1
86,4,1675.00,589.00,71.90,177.50,1,-1,-1,-1
86,5,235.00,564.00,46.40,128.00,1,-1,-1,-1
86,7,1705.00,532.00,37.80,108.30,1,-1,-1,-1
86,8,1776.00,550.00,50.60,110.70,1,-1,-1,-1
86,11,421.00,562.00,33.10,93.20,1,-1,-1,-1
86,13,726.00,505.00,21.50,58.10,1,-1,-1,-1
86,15,525.00,539.00,39.20,101.20,1,-1,-1,-1
86,17,684.00,509.00,20.80,58.10,1,-1,-1,-1
86,22,452.00,551.00,44.40,109.30,1,-1,-1,-1
86,28,1193.00,493.00,17.90,44.10,1,-1,-1,-1
86,88,1340.00,510.00,20.90,47.90,1,-1,-1,-1
86,103,1258.00,501.00,22.00,49.50,1,-1,-1,-1
86,106,506.00,539.00,38.10,118.70,1,-1,-1,-1
86,108,1239.00,501.00,22.40,53.30,1,-1,-1,-1
86,128,1406.00,511.00,21.30,52.40,1,-1,-1,-1
86,134,1536.00,520.00,22.90,55.50,1,-1,-1,-1
86,136,980.00,487.00,15.50,38.70,1,-1,-1,-1
86,141,704.00,508.00,16.90,42.10,1,-1,-1,-1
86,143,1393.00,512.00,22.20,51.70,1,-1,-1,-1
86,153,1559.00,525.00,20.00,45.20,1,-1,-1,-1
86,158,1381.00,517.00,20.80,51.50,1,-1,-1,-1
86,160,972.00,493.00,15.10,33.80,1,-1,-1,-1
86,161,1327.00,509.00,22.10,54.60,1,-1,-1,-1
86,162,108.00,567.00,54.60,126.20,1,-1,-1,-1
86,163,1456.00,506.00,22.60,52.60,1,-1,-1,-1
87,2,278.00,568.00,50.40,123.40,1,-1,-1,-1
87,4,1680.00,586.00,66.50,187.20,1,-1,-1,-1
87,5,227.00,560.00,52.30,136.80,1,-1,-1,-1
87,7,1705.00,534.00,37.30,100.50,1,-1,-1,-1
87,8,1780.00,556.00,45.50,101.10,1,-1,-1,-1
87,11,414.00,558.00,38.20,103.60,1,-1,-1,-1
87,13,723.00,509.00,21.90,55.30,1,-1,-1,-1
87,15,518.00,535.00,40.20,107.50,1,-1,-1,-1
87,17,680.00,506.00,22.60,56.30,1,-1,-1,-1
87,22,443.00,557.00,41.70,107.70,1,-1,-1,-1
87,28,1191.00,496.00,15.30,39.60,1,-1,-1,-1
87,88,1335.00,513.00,24.20,47.90,1,-1,-1,-1
87,103,1252.00,507.00,21.10,46.40,1,-1,-1,-1
87,106,498.00,547.00,40.30,113.50,1,-1,-1,-1
87,108,1237.00,506.00,21.80,50.70,1,-1,-1,-1
87,128,1404.00,511.00,23.60,56.70,1,-1,-1,-1
87,134,1539.00,515.00,26.60,60.70,1,-1,-1,-1
87,141,700.00,508.00,19.10,45.80,1,-1,-1,-1
87,143,1393.00,531.00,21.00,45.00,1,-1,-1,-1
87,153,1559.00,517.00,20.00,57.30,1,-1,-1,-1
87,158,1384.00,515.00,22.90,48.80,1,-1,-1,-1
87,160,972.00,493.00,14.00,31.50,1,-1,-1,-1
87,161,1325.00,503.00,22.70,58.90,1,-1,-1,-1
87,163,1451.00,505.00,21.70,55.00,1,-1,-1,-1
87,164,1533.00,521.00,19.70,49.00,1,-1,-1,-1
87,165,963.00,496.00,14.40,31.50,1,-1,-1,-1
87,166,753.00,517.00,20.70,54.60,1,-1,-1,-1
88,2,278.00,578.00,47.10,123.60,1,-1,-1,-1
88,4,1680.00,580.00,72.90,187.90,1,-1,-1,-1
88,5,223.00,564.00,47.80,126.40,1,-1,-1,-1
88,7,1702.00,533.00,40.50,90.80,1,-1,-1,-1
88,8,1775.00,556.00,49.50,108.10,1,-1,-1,-1
88,11,404.00,564.00,36.80,103.80,1,-1,-1,-1
88,13,720.00,508.00,20.70,58.10,1,-1,-1,-1
88,15,512.00,543.00,40.80,99.00,1,-1,-1,-1
88,17,676.00,510.00,22.70,56.20,1,-1,-1,-1
88,22,440.00,559.00,39.80,107.70,1,-1,-1,-1
88,28,1189.00,494.00,18.20,40.70,1,-1,-1,-1
88,88,1329.00,507.00,24.90,55.30,1,-1,-1,-1
88,103,1255.00,507.00,19.50,47.70,1,-1,-1,-1
88,106,493.00,552.00,37.80,112.40,1,-1,-1,-1
88,108,1236.00,508.00,19.40,47.30,1,-1,-1,-1
88,128,1403.00,509.00,25.40,59.60,1,-1,-1,-1
88,141,699.00,514.00,15.30,39.70,1,-1,-1,-1
88,143,1386.00,521.00,20.10,49.00,1,-1,-1,-1
88,153,1557.00,525.00,19.20,47.90,1,-1,-1,-1
88,158,1376.00,520.00,21.40,51.70,1,-1,-1,-1
88,161,1314.00,501.00,23.60,62.50,1,-1,-1,-1
88,163,1451.00,504.00,21.60,57.10,1,-1,-1,-1
88,164,1528.00,518.00,22.70,54.70,1,-1,-1,-1
88,165,962.00,494.00,14.90,32.40,1,-1,-1,-1
88,166,751.00,520.00,20.60,52.70,1,-1,-1,-1
88,167,100.00,569.00,45.20,125.50,1,-1,-1,-1
88,168,1605.00,508.00,28.40,64.30,1,-1,-1,-1
89,2,270.00,566.00,52.00,129.30,1,-1,-1,-1
89,4,1682.00,574.00,63.40,199.20,1,-1,-1,-1
89,5,212.00,574.00,46.00,120.70,1,-1,-1,-1
89,8,1779.00,554.00,45.30,112.30,1,-1,-1,-1
89,11,397.00,562.00,38.00,104.70,1,-1,-1,-1
89,13,715.00,513.00,21.90,58.30,1,-1,-1,-1
89,15,511.00,543.00,36.90,99.50,1,-1,-1,-1
89,17,672.00,507.00,23.70,63.40,1,-1,-1,-1
89,22,429.00,562.00,43.90,108.70,1,-1,-1,-1
89,28,1185.00,495.00,17.20,46.20,1,-1,-1,-1
89,88,1325.00,509.00,21.80,54.90,1,-1,-1,-1
89,103,1249.00,508.00,19.50,48.50,1,-1,-1,-1
89,106,486.00,556.00,41.00,112.00,1,-1,-1,-1
89,108,1230.00,508.00,21.60,46.30,1,-1,-1,-1
89,128,1400.00,515.00,23.50,54.40,1,-1,-1,-1
89,141,691.00,507.00,18.50,51.30,1,-1,-1,-1
89,143,1387.00,516.00,21.60,54.70,1,-1,-1,-1
89,153,1557.00,526.00,20.20,48.40,1,-1,-1,-1
89,158,1374.00,519.00,21.50,48.40,1,-1,-1,-1
89,164,1531.00,517.00,26.30,53.90,1,-1,-1,-1
89,165,960.00,490.00,18.90,45.90,1,-1,-1,-1
89,169,956.00,497.00,16.10,33.00,1,-1,-1,-1
90,2,263.00,581.00,49.80,123.40,1,-1,-1,-1
90,4,1678.00,588.00,74.60,203.50,1,-1,-1,-1
90,5,208.00,571.00,51.90,136.30,1,-1,-1,-1
90,8,1776.00,554.00,51.20,112.60,1,-1,-1,-1
90,11,394.00,576.00,35.20,96.30,1,-1,-1,-1
90,13,714.00,513.00,22.10,58.90,1,-1,-1,-1
90,15,500.00,543.00,41.80,104.50,1,-1,-1,-1
90,17,666.00,511.00,24.70,63.10,1,-1,-1,-1
90,22,422.00,567.00,42.00,107.20,1,-1,-1,-1
90,28,1182.00,495.00,17.60,47.10,1,-1,-1,-1
90,88,1324.00,512.00,23.50,53.40,1,-1,-1,-1
90,103,1247.00,510.00,21.00,48.80,1,-1,-1,-1
90,106,478.00,557.00,45.10,119.10,1,-1,-1,-1
90,108,1228.00,504.00,22.20,52.80,1,-1,-1,-1
90,128,1401.00,515.00,22.70,55.30,1,-1,-1,-1
90,141,688.00,515.00,18.60,45.60,1,-1,-1,-1
90,143,1389.00,520.00,21.80,51.80,1,-1,-1,-1
90,153,1551.00,529.00,20.10,46.90,1,-1,-1,-1
90,158,1373.00,521.00,24.60,55.10,1,-1,-1,-1
90,164,1533.00,521.00,24.90,50.80,1,-1,-1,-1
90,165,956.00,500.00,14.90,32.50,1,-1,-1,-1
90,170,1706.00,540.00,38.90,94.90,1,-1,-1,-1
90,171,1523.00,524.00,20.50,53.90,1,-1,-1,-1
90,172,743.00,518.00,20.40,59.80,1,-1,-1,-1
91,2,253.00,581.00,48.00,128.10,1,-1,-1,-1
91,4,1682.00,597.00,74.40,195.80,1,-1,-1,-1
91,5,205.00,573.00,48.00,127.80,1,-1,-1,-1
91,8,1777.00,554.00,52.00,111.10,1,-1,-1,-1
91,11,383.00,571.00,37.90,102.80,1,-1,-1,-1
91,13,708.00,518.00,19.80,50.30,1,-1,-1,-1
91,15,495.00,545.00,36.80,104.00,1,-1,-1,-1
91,17,664.00,517.00,21.60,53.30,1,-1,-1,-1
91,22,411.00,565.00,43.60,110.10,1,-1,-1,-1
91,28,1180.00,500.00,17.50,44.10,1,-1,-1,-1
91,88,1317.00,511.00,23.70,59.20,1,-1,-1,-1
91,103,1241.00,508.00,19.70,48.00,1,-1,-1,-1
91,106,468.00,557.00,41.80,116.90,1,-1,-1,-1
91,108,1225.00,509.00,21.20,47.40,1,-1,-1,-1
91,128,1404.00,521.00,23.30,58.60,1,-1,-1,-1
91,141,684.00,514.00,19.10,48.40,1,-1,-1,-1
91,143,1393.00,519.00,21.00,48.60,1,-1,-1,-1
91,153,1549.00,523.00,22.90,56.80,1,-1,-1,-1
91,158,1372.00,520.00,24.60,55.90,1,-1,-1,-1
91,164,1526.00,524.00,24.00,49.90,1,-1,-1,-1
91,165,958.00,496.00,14.90,34.10,1,-1,-1,-1
91,170,1701.00,539.00,36.50,94.40,1,-1,-1,-1
91,171,1513.00,523.00,22.90,60.70,1,-1,-1,-1
91,172,740.00,520.00,19.40,52.40,1,-1,-1,-1
91,173,951.00,500.00,14.50,30.70,1,-1,-1,-1
91,174,101.00,500.00,19.40,49.00,1,-1,-1,-1
91,175,942.00,497.00,15.90,34.30,1,-1,-1,-1
92,2,254.00,570.00,54.00,139.80,1,-1,-1,-1
92,4,1680.00,591.00,82.20,200.10,1,-1,-1,-1
92,5,191.00,577.00,54.50,132.30,1,-1,-1,-1
92,8,1776.00,560.00,48.40,107.20,1,-1,-1,-1
92,11,374.00,573.00,41.60,113.50,1,-1,-1,-1
92,13,708.00,519.00,20.50,55.30,1,-1,-1,-1
92,15,489.00,551.00,38.60,100.50,1,-1,-1,-1
92,17,658.00,514.00,23.70,60.70,1,-1,-1,-1
92,22,409.00,569.00,42.50,108.00,1,-1,-1,-1
92,28,1178.00,504.00,16.70,44.50,1,-1,-1,-1
92,88,1318.00,514.00,23.60,55.00,1,-1,-1,-1
92,103,1239.00,509.00,21.80,52.80,1,-1,-1,-1
92,106,465.00,565.00,37.10,113.10,1,-1,-1,-1
92,108,1226.00,511.00,22.30,52.90,1,-1,-1,-1
92,141,681.00,519.00,18.00,44.20,1,-1,-1,-1
92,143,1393.00,520.00,20.90,51.10,1,-1,-1,-1
92,153,1545.00,525.00,22.60,51.50,1,-1,-1,-1
92,158,1371.00,523.00,24.00,55.00,1,-1,-1,-1
92,164,1526.00,524.00,27.60,54.30,1,-1,-1,-1
92,165,952.00,501.00,13.90,32.60,1,-1,-1,-1
92,170,1692.00,543.00,51.30,94.20,1,-1,-1,-1
92,171,1512.00,525.00,22.90,55.90,1,-1,-1,-1
92,172,735.00,526.00,19.00,48.20,1,-1,-1,-1
92,174,94.00,501.00,18.40,48.40,1,-1,-1,-1
92,175,943.00,500.00,14.10,30.90,1,-1,-1,-1
92,176,1588.00,516.00,26.50,68.10,1,-1,-1,-1
92,177,1301.00,515.00,19.40,52.00,1,-1,-1,-1
93,2,245.00,582.00,53.90,128.10,1,-1,-1,-1
93,4,1681.00,592.00,80.70,201.00,1,-1,-1,-1
93,5,182.00,569.00,59.10,148.30,1,-1,-1,-1
93,8,1780.00,559.00,40.90,112.80,1,-1,-1,-1
93,11,369.00,574.00,38.20,107.00,1,-1,-1,-1
93,13,703.00,519.00,20.80,57.90,1,-1,-1,-1
93,15,486.00,552.00,37.30,105.10,1,-1,-1,-1
93,17,654.00,519.00,22.60,56.60,1,-1,-1,-1
93,22,402.00,570.00,41.80,118.40,1,-1,-1,-1
93,28,1172.00,500.00,17.40,43.70,1,-1,-1,-1
93,88,1316.00,515.00,23.20,52.60,1,-1,-1,-1
93,103,1239.00,516.00,19.00,47.80,1,-1,-1,-1
93,106,458.00,563.00,41.00,118.30,1,-1,-1,-1
93,108,1220.00,515.00,23.70,47.30,1,-1,-1,-1
93,141,677.00,521.00,17.20,45.10,1,-1,-1,-1
93,143,1380.00,520.00,24.10,54.70,1,-1,-1,-1
93,153,1545.00,529.00,22.60,52.00,1,-1,-1,-1
93,158,1370.00,525.00,22.20,51.30,1,-1,-1,-1
93,164,1526.00,527.00,22.90,55.30,1,-1,-1,-1
93,165,944.00,504.00,15.40,29.50,1,-1,-1,-1
93,170,1696.00,539.00,42.60,99.30,1,-1,-1,-1
93,171,1511.00,522.00,23.10,55.60,1,-1,-1,-1
93,172,730.00,526.00,18.80,54.70,1,-1,-1,-1
93,174,87.00,507.00,17.70,45.00,1,-1,-1,-1
93,176,1584.00,515.00,30.20,71.60,1,-1,-1,-1
94,2,239.00,584.00,51.20,131.50,1,-1,-1,-1
94,4,1697.00,608.00,70.00,182.20,1,-1,-1,-1
94,5,179.00,576.00,55.60,141.00,1,-1,-1,-1
94,8,1774.00,557.00,48.80,113.50,1,-1,-1,-1
94,11,365.00,578.00,39.10,103.80,1,-1,-1,-1
94,13,696.00,519.00,21.50,60.40,1,-1,-1,-1
94,15,476.00,553.00,37.00,101.20,1,-1,-1,-1
94,17,649.00,517.00,21.20,61.10,1,-1,-1,-1
94,22,392.00,575.00,44.90,109.10,1,-1,-1,-1
94,28,1171.00,505.00,16.80,43.70,1,-1,-1,-1
94,88,1310.00,516.00,23.70,57.30,1,-1,-1,-1
94,103,1233.00,513.00,20.20,47.10,1,-1,-1,-1
94,106,451.00,565.00,41.90,120.30,1,-1,-1,-1
94,108,1218.00,516.00,20.40,48.00,1,-1,-1,-1
94,141,671.00,522.00,18.40,45.10,1,-1,-1,-1
94,143,1382.00,526.00,21.00,48.90,1,-1,-1,-1
94,153,1537.00,529.00,20.90,52.00,1,-1,-1,-1
94,158,1365.00,525.00,23.80,57.00,1,-1,-1,-1
94,164,1518.00,528.00,23.60,47.10,1,-1,-1,-1
94,165,938.00,503.00,14.90,33.70,1,-1,-1,-1
94,170,1701.00,545.00,35.50,94.90,1,-1,-1,-1
94,171,1507.00,523.00,21.50,56.40,1,-1,-1,-1
94,172,724.00,531.00,19.90,50.60,1,-1,-1,-1
94,176,1576.00,514.00,34.10,76.50,1,-1,-1,-1
95,2,228.00,590.00,51.60,129.60,1,-1,-1,-1
95,4,1704.00,595.00,71.80,206.90,1,-1,-1,-1
95,5,177.00,582.00,50.00,128.00,1,-1,-1,-1
95,8,1778.00,563.00,47.20,110.40,1,-1,-1,-1
95,11,353.00,577.00,41.60,108.30,1,-1,-1,-1
95,13,690.00,524.00,20.40,54.40,1,-1,-1,-1
95,15,472.00,555.00,38.80,101.70,1,-1,-1,-1
95,17,643.00,522.00,23.90,62.10,1,-1,-1,-1
95,22,390.00,578.00,42.90,110.40,1,-1,-1,-1
95,28,1169.00,505.00,17.00,45.20,1,-1,-1,-1
95,88,1308.00,517.00,24.10,56.60,1,-1,-1,-1
95,103,1230.00,514.00,21.70,50.20,1,-1,-1,-1
95,106,446.00,564.00,42.20,124.90,1,-1,-1,-1
95,108,1216.00,518.00,20.70,47.70,1,-1,-1,-1
95,141,667.00,521.00,16.40,45.50,1,-1,-1,-1
95,143,1376.00,520.00,23.20,52.20,1,-1,-1,-1
95,158,1367.00,529.00,27.70,62.40,1,-1,-1,-1
95,164,1510.00,515.00,24.50,70.70,1,-1,-1,-1
95,165,937.00,504.00,15.40,34.00,1,-1,-1,-1
95,170,1692.00,550.00,42.10,94.90,1,-1,-1,-1
95,171,1503.00,528.00,22.00,52.80,1,-1,-1,-1
95,172,720.00,532.00,19.00,51.10,1,-1,-1,-1
95,176,1573.00,516.00,32.30,78.60,1,-1,-1,-1
95,178,1359.00,526.00,23.70,52.80,1,-1,-1,-1
95,179,928.00,501.00,16.40,38.20,1,-1,-1,-1
95,180,1277.00,440.00,36.80,77.70,1,-1,-1,-1
96,2,218.00,589.00,51.40,139.30,1,-1,-1,-1
96,4,1690.00,603.00,84.40,196.70,1,-1,-1,-1
96,5,166.00,585.00,60.80,135.20,1,-1,-1,-1
96,8,1782.00,563.00,42.20,109.90,1,-1,-1,-1
96,11,347.00,580.00,37.90,111.60,1,-1,-1,-1
96,13,685.00,520.00,22.40,61.10,1,-1,-1,-1
96,15,466.00,556.00,37.40,106.60,1,-1,-1,-1
96,17,643.00,524.00,23.20,64.20,1,-1,-1,-1
96,22,380.00,579.00,44.10,117.00,1,-1,-1,-1
96,28,1165.00,503.00,17.90,45.80,1,-1,-1,-1
96,88,1299.00,516.00,20.60,53.50,1,-1,-1,-1
96,103,1226.00,515.00,22.00,50.20,1,-1,-1,-1
96,106,440.00,567.00,39.70,123.00,1,-1,-1,-1
96,108,1208.00,512.00,25.40,51.40,1,-1,-1,-1
96,141,663.00,524.00,16.80,45.20,1,-1,-1,-1
96,143,1372.00,518.00,23.10,53.20,1,-1,-1,-1
96,158,1361.00,527.00,22.40,53.40,1,-1,-1,-1
96,164,1502.00,530.00,22.80,56.00,1,-1,-1,-1
96,165,931.00,508.00,14.80,30.00,1,-1,-1,-1
96,170,1697.00,550.00,34.90,94.70,1,-1,-1,-1
96,172,717.00,527.00,22.00,62.80,1,-1,-1,-1
96,176,1573.00,514.00,29.10,75.00,1,-1,-1,-1
96,180,1275.00,449.00,35.80,74.40,1,-1,-1,-1
96,181,1382.00,524.00,24.00,54.20,1,-1,-1,-1
96,182,1533.00,528.00,21.10,52.80,1,-1,-1,-1
97,2,207.00,587.00,54.30,135.70,1,-1,-1,-1
97,4,1701.00,606.00,80.20,206.30,1,-1,-1,-1
97,5,154.00,580.00,60.80,143.30,1,-1,-1,-1
97,8,1781.00,564.00,43.30,116.70,1,-1,-1,-1
97,11,337.00,579.00,38.00,112.00,1,-1,-1,-1
97,13,687.00,522.00,22.00,59.90,1,-1,-1,-1
97,15,460.00,558.00,40.40,112.30,1,-1,-1,-1
97,17,635.00,518.00,23.60,65.30,1,-1,-1,-1
97,22,374.00,581.00,46.60,110.20,1,-1,-1,-1
97,28,1159.00,502.00,17.10,47.30,1,-1,-1,-1
97,88,1296.00,520.00,22.20,52.20,1,-1,-1,-1
97,103,1221.00,519.00,21.80,50.80,1,-1,-1,-1
97,106,431.00,568.00,42.20,117.30,1,-1,-1,-1
97,108,1209.00,513.00,21.60,47.80,1,-1,-1,-1
97,141,656.00,524.00,17.20,41.70,1,-1,-1,-1
97,143,1367.00,520.00,25.60,59.50,1,-1,-1,-1
97,158,1356.00,524.00,24.40,57.00,1,-1,-1,-1
97,164,1496.00,530.00,23.10,52.00,1,-1,-1,-1
97,165,925.00,503.00,14.70,32.50,1,-1,-1,-1
97,170,1691.00,546.00,44.80,101.50,1,-1,-1,-1
97,172,714.00,534.00,18.60,48.50,1,-1,-1,-1
97,176,1568.00,516.00,27.00,73.30,1,-1,-1,-1
97,180,1269.00,450.00,37.60,72.30,1,-1,-1,-1
97,182,1532.00,529.00,21.90,55.40,1,-1,-1,-1
97,183,1507.00,523.00,26.00,59.90,1,-1,-1,-1
98,2,205.00,586.00,59.70,148.00,1,-1,-1,-1
98,4,1707.00,616.00,78.40,189.40,1,-1,-1,-1
98,5,152.00,589.00,53.10,130.50,1,-1,-1,-1
98,8,1779.00,564.00,47.80,114.90,1,-1,-1,-1
98,11,332.00,582.00,40.20,118.40,1,-1,-1,-1
98,13,676.00,521.00,23.10,63.10,1,-1,-1,-1
98,15,451.00,558.00,42.00,111.40,1,-1,-1,-1
98,17,634.00,528.00,19.00,49.40,1,-1,-1,-1
98,22,368.00,581.00,43.60,116.20,1,-1,-1,-1
98,28,1158.00,504.00,17.90,46.60,1,-1,-1,-1
98,88,1302.00,523.00,21.60,46.70,1,-1,-1,-1
98,103,1220.00,515.00,21.90,50.80,1,-1,-1,-1
98,106,430.00,574.00,38.70,115.00,1,-1,-1,-1
98,108,1207.00,518.00,20.50,46.80,1,-1,-1,-1
98,141,653.00,525.00,17.30,44.00,1,-1,-1,-1
98,143,1366.00,520.00,25.20,57.40,1,-1,-1,-1
98,158,1352.00,536.00,21.40,47.70,1,-1,-1,-1
98,164,1493.00,530.00,23.60,59.20,1,-1,-1,-1
98,165,923.00,506.00,14.30,35.10,1,-1,-1,-1
98,170,1688.00,550.00,38.00,98.80,1,-1,-1,-1
98,172,708.00,528.00,21.70,65.90,1,-1,-1,-1
98,176,1564.00,516.00,31.40,81.20,1,-1,-1,-1
98,180,1271.00,449.00,35.40,75.80,1,-1,-1,-1
98,182,1522.00,533.00,22.10,49.60,1,-1,-1,-1
98,183,1503.00,527.00,26.00,61.00,1,-1,-1,-1
98,184,1290.00,522.00,21.20,50.70,1,-1,-1,-1
98,185,915.00,501.00,14.10,33.10,1,-1,-1,-1
99,2,196.00,589.00,57.40,141.40,1,-1,-1,-1
99,4,1702.00,604.00,79.50,207.70,1,-1,-1,-1
99,5,143.00,585.00,56.80,133.60,1,-1,-1,-1
99,8,1773.00,566.00,45.30,111.80,1,-1,-1,-1
99,11,322.00,585.00,40.20,107.90,1,-1,-1,-1
99,13,677.00,523.00,21.40,59.00,1,-1,-1,-1
99,15,449.00,555.00,38.20,103.80,1,-1,-1,-1
99,17,627.00,522.00,22.80,62.10,1,-1,-1,-1
99,22,359.00,581.00,47.10,114.00,1,-1,-1,-1
99,28,1151.00,506.00,17.60,46.10,1,-1,-1,-1
99,103,1219.00,519.00,20.40,50.60,1,-1,-1,-1
99,106,419.00,567.00,49.70,124.20,1,-1,-1,-1
99,108,1202.00,520.00,19.00,43.40,1,-1,-1,-1
99,141,649.00,523.00,18.50,45.90,1,-1,-1,-1
99,158,1352.00,534.00,25.30,58.90,1,-1,-1,-1
99,164,1488.00,531.00,20.90,52.20,1,-1,-1,-1
99,170,1685.00,550.00,44.90,101.10,1,-1,-1,-1
99,172,703.00,533.00,20.40,53.20,1,-1,-1,-1
99,176,1561.00,517.00,29.60,71.80,1,-1,-1,-1
99,180,1268.00,445.00,40.10,77.70,1,-1,-1,-1
99,183,1501.00,528.00,22.00,54.60,1,-1,-1,-1
99,184,1285.00,517.00,25.80,57.60,1,-1,-1,-1
99,185,915.00,504.00,15.40,32.60,1,-1,-1,-1
100,2,191.00,582.00,57.00,146.80,1,-1,-1,-1
100,4,1714.00,614.00,73.50,195.70,1,-1,-1,-1
100,5,132.00,591.00,53.90,131.30,1,-1,-1,-1
100,8,1772.00,566.00,46.70,113.80,1,-1,-1,-1
100,11,320.00,580.00,46.50,112.70,1,-1,-1,-1
100,13,667.00,525.00,21.70,62.40,1,-1,-1,-1
100,15,440.00,564.00,38.30,103.60,1,-1,-1,-1
100,17,621.00,524.00,23.40,57.70,1,-1,-1,-1
100,22,356.00,576.00,40.90,121.20,1,-1,-1,-1
100,28,1150.00,503.00,18.70,44.70,1,-1,-1,-1
100,103,1213.00,518.00,20.30,50.60,1,-1,-1,-1
100,106,411.00,570.00,38.60,124.00,1,-1,-1,-1
100,108,1194.00,519.00,22.30,49.00,1,-1,-1,-1
100,141,646.00,526.00,17.90,46.30,1,-1,-1,-1
100,158,1348.00,537.00,24.60,55.00,1,-1,-1,-1
100,164,1485.00,524.00,23.30,60.90,1,-1,-1,-1
100,170,1683.00,552.00,43.40,102.60,1,-1,-1,-1
100,172,697.00,528.00,22.60,63.70,1,-1,-1,-1
100,180,1263.00,444.00,38.80,79.40,1,-1,-1,-1
100,183,1496.00,526.00,25.10,65.40,1,-1,-1,-1
100,184,1281.00,522.00,24.60,55.40,1,-1,-1,-1
100,186,907.00,509.00,15.00,32.10,1,-1,-1,-1
100,187,1365.00,524.00,21.80,57.10,1,-1,-1,-1
100,188,1295.00,522.00,22.60,51.40,1,-1,-1,-1
101,2,177.00,582.00,56.50,148.40,1,-1,-1,-1
101,4,1701.00,618.00,89.60,203.50,1,-1,-1,-1
101,5,130.00,592.00,50.30,123.10,1,-1,-1,-1
101,8,1772.00,562.00,47.70,116.40,1,-1,-1,-1
101,11,310.00,576.00,43.40,119.50,1,-1,-1,-1
101,13,666.00,525.00,21.00,55.30,1,-1,-1,-1
101,15,430.00,558.00,37.90,111.50,1,-1,-1,-1
101,17,615.00,523.00,23.00,55.00,1,-1,-1,-1
101,22,347.00,585.00,45.30,116.70,1,-1,-1,-1
101,28,1149.00,509.00,16.60,40.90,1,-1,-1,-1
101,103,1210.00,522.00,19.60,46.00,1,-1,-1,-1
101,106,397.00,564.00,48.60,132.60,1,-1,-1,-1
101,108,1196.00,518.00,19.70,46.30,1,-1,-1,-1
101,141,638.00,526.00,17.80,45.10,1,-1,-1,-1
101,158,1345.00,529.00,24.70,57.00,1,-1,-1,-1
101,164,1484.00,531.00,23.10,56.00,1,-1,-1,-1
101,170,1685.00,552.00,40.80,105.70,1,-1,-1,-1
101,172,692.00,531.00,21.50,60.90,1,-1,-1,-1
101,180,1262.00,447.00,37.30,75.90,1,-1,-1,-1
101,184,1281.00,519.00,24.20,56.70,1,-1,-1,-1
101,186,906.00,509.00,14.60,32.50,1,-1,-1,-1
101,187,1366.00,517.00,24.00,60.20,1,-1,-1,-1
101,189,657.00,520.00,19.70,55.00,1,-1,-1,-1
101,190,1353.00,532.00,27.70,69.00,1,-1,-1,-1
101,191,1551.00,521.00,28.20,63.80,1,-1,-1,-1
102,2,178.00,586.00,61.50,150.60,1,-1,-1,-1
102,4,1712.00,607.00,89.70,217.40,1,-1,-1,-1
102,5,115.00,580.00,59.90,150.50,1,-1,-1,-1
102,8,1772.00,567.00,46.40,111.90,1,-1,-1,-1
102,11,298.00,584.00,40.80,116.00,1,-1,-1,-1
102,13,662.00,528.00,20.30,53.00,1,-1,-1,-1
102,15,422.00,564.00,38.20,101.50,1,-1,-1,-1
102,17,610.00,520.00,22.30,61.80,1,-1,-1,-1
102,22,334.00,580.00,50.50,121.90,1,-1,-1,-1
102,28,1144.00,505.00,19.50,49.60,1,-1,-1,-1
102,103,1209.00,521.00,20.30,51.60,1,-1,-1,-1
102,106,389.00,571.00,48.50,130.20,1,-1,-1,-1
102,108,1190.00,517.00,19.50,48.40,1,-1,-1,-1
102,141,637.00,525.00,17.00,47.30,1,-1,-1,-1
102,158,1349.00,537.00,22.30,54.10,1,-1,-1,-1
102,164,1481.00,525.00,27.00,63.50,1,-1,-1,-1
102,170,1685.00,549.00,41.40,111.60,1,-1,-1,-1
102,172,688.00,533.00,22.70,59.80,1,-1,-1,-1
102,180,1263.00,452.00,34.30,71.70,1,-1,-1,-1
102,184,1275.00,519.00,21.90,56.70,1,-1,-1,-1
102,186,903.00,508.00,14.20,30.80,1,-1,-1,-1
102,187,1359.00,527.00,24.50,54.40,1,-1,-1,-1
102,189,651.00,519.00,21.50,59.20,1,-1,-1,-1
102,191,1545.00,516.00,32.20,80.70,1,-1,-1,-1
102,192,1340.00,520.00,26.50,58.70,1,-1,-1,-1
103,2,159.00,586.00,69.70,151.80,1,-1,-1,-1
103,4,1719.00,618.00,86.00,217.70,1,-1,-1,-1
103,5,108.00,586.00,56.80,140.50,1,-1,-1,-1
103,8,1773.00,568.00,51.30,106.10,1,-1,-1,-1
103,11,301.00,563.00,49.60,121.40,1,-1,-1,-1
103,13,658.00,525.00,20.60,54.90,1,-1,-1,-1
103,15,420.00,558.00,37.50,106.50,1,-1,-1,-1
103,17,606.00,524.00,22.00,59.90,1,-1,-1,-1
103,22,326.00,580.00,48.50,120.40,1,-1,-1,-1
103,28,1141.00,504.00,19.10,48.60,1,-1,-1,-1
103,103,1203.00,520.00,21.20,48.60,1,-1,-1,-1
103,106,381.00,574.00,47.00,127.30,1,-1,-1,-1
103,108,1190.00,518.00,21.60,47.50,1,-1,-1,-1
103,141,630.00,525.00,18.90,47.70,1,-1,-1,-1
103,158,1350.00,540.00,25.70,59.40,1,-1,-1,-1
103,164,1473.00,531.00,26.70,53.10,1,-1,-1,-1
103,170,1683.00,547.00,37.00,109.60,1,-1,-1,-1
103,180,1254.00,447.00,37.60,75.70,1,-1,-1,-1
103,184,1273.00,521.00,22.70,51.20,1,-1,-1,-1
103,186,903.00,508.00,13.40,29.90,1,-1,-1,-1
103,189,648.00,522.00,19.50,55.90,1,-1,-1,-1
103,192,1337.00,527.00,25.90,57.70,1,-1,-1,-1
103,193,283.00,582.00,45.20,124.00,1,-1,-1,-1
103,194,893.00,509.00,14.40,32.30,1,-1,-1,-1
103,195,315.00,551.00,33.20,87.50,1,-1,-1,-1
104,2,154.00,587.00,60.60,137.60,1,-1,-1,-1
104,4,1718.00,620.00,87.40,211.20,1,-1,-1,-1
104,5,99.00,582.00,57.30,141.90,1,-1,-1,-1
104,8,1766.00,567.00,45.80,100.00,1,-1,-1,-1
104,11,295.00,552.00,44.10,129.70,1,-1,-1,-1
104,13,655.00,527.00,21.80,57.40,1,-1,-1,-1
104,15,413.00,559.00,38.50,106.20,1,-1,-1,-1
104,17,608.00,522.00,22.00,60.80,1,-1,-1,-1
104,22,320.00,580.00,46.90,113.70,1,-1,-1,-1
104,28,1135.00,506.00,17.50,42.50,1,-1,-1,-1
104,103,1204.00,522.00,19.40,47.30,1,-1,-1,-1
104,106,376.00,573.00,46.00,128.10,1,-1,-1,-1
104,108,1188.00,518.00,20.60,49.70,1,-1,-1,-1
104,141,627.00,523.00,18.30,46.60,1,-1,-1,-1
104,158,1353.00,532.00,21.80,51.80,1,-1,-1,-1
104,164,1474.00,530.00,21.20,60.20,1,-1,-1,-1
104,170,1678.00,550.00,41.40,106.30,1,-1,-1,-1
104,180,1255.00,450.00,36.60,72.70,1,-1,-1,-1
104,184,1267.00,521.00,23.30,50.80,1,-1,-1,-1
104,189,643.00,517.00,19.70,54.90,1,-1,-1,-1
104,192,1333.00,529.00,26.90,64.00,1,-1,-1,-1
104,193,280.00,584.00,42.70,115.00,1,-1,-1,-1
104,194,893.00,506.00,14.80,33.90,1,-1,-1,-1
105,2,143.00,591.00,68.50,145.40,1,-1,-1,-1
105,4,1727.00,621.00,84.40,220.60,1,-1,-1,-1
105,5,90.00,577.00,54.40,146.60,1,-1,-1,-1
105,8,1767.00,567.00,48.00,94.70,1,-1,-1,-1
105,11,284.00,560.00,54.00,128.00,1,-1,-1,-1
105,13,652.00,528.00,20.00,52.60,1,-1,-1,-1
105,15,405.00,559.00,39.80,107.60,1,-1,-1,-1
105,17,599.00,523.00,22.60,55.60,1,-1,-1,-1
105,22,310.00,578.00,45.60,120.00,1,-1,-1,-1
105,28,1132.00,506.00,17.60,40.60,1,-1,-1,-1
105,103,1196.00,524.00,19.40,46.70,1,-1,-1,-1
105,106,368.00,576.00,43.10,128.60,1,-1,-1,-1
105,108,1185.00,518.00,20.10,46.10,1,-1,-1,-1
105,141,619.00,522.00,20.30,52.10,1,-1,-1,-1
105,158,1351.00,518.00,23.30,56.50,1,-1,-1,-1
105,164,1469.00,532.00,21.80,56.80,1,-1,-1,-1
105,170,1681.00,552.00,36.90,108.50,1,-1,-1,-1
105,180,1252.00,446.00,35.80,73.40,1,-1,-1,-1
105,184,1270.00,520.00,19.50,50.90,1,-1,-1,-1
105,189,639.00,518.00,20.50,59.80,1,-1,-1,-1
105,192,1334.00,532.00,26.80,67.00,1,-1,-1,-1
105,193,268.00,588.00,47.30,119.70,1,-1,-1,-1
105,194,895.00,503.00,15.80,37.30,1,-1,-1,-1
105,196,887.00,508.00,14.40,32.40,1,-1,-1,-1
105,197,1260.00,520.00,20.10,57.50,1,-1,-1,-1
105,198,677.00,534.00,19.70,52.10,1,-1,-1,-1
105,199,1537.00,521.00,25.80,70.90,1,-1,-1,-1
106,2,142.00,587.00,69.80,142.80,1,-1,-1,-1
106,4,1723.00,618.00,85.10,230.50,1,-1,-1,-1
106,5,76.00,572.00,61.40,151.90,1,-1,-1,-1
106,8,1766.00,566.00,47.00,112.00,1,-1,-1,-1
106,11,298.00,581.00,47.30,117.30,1,-1,-1,-1
106,13,651.00,527.00,20.40,54.20,1,-1,-1,-1
106,15,398.00,560.00,38.10,109.60,1,-1,-1,-1
106,17,595.00,519.00,23.00,54.20,1,-1,-1,-1
106,28,1131.00,509.00,17.80,42.00,1,-1,-1,-1
106,103,1196.00,519.00,22.10,51.90,1,-1,-1,-1
106,106,362.00,577.00,41.50,125.20,1,-1,-1,-1
106,108,1183.00,517.00,20.40,50.20,1,-1,-1,-1
106,141,616.00,523.00,18.50,45.80,1,-1,-1,-1
106,158,1352.00,523.00,20.90,50.90,1,-1,-1,-1
106,164,1467.00,531.00,19.40,55.50,1,-1,-1,-1
106,170,1674.00,554.00,39.00,106.70,1,-1,-1,-1
106,180,1247.00,444.00,37.70,80.10,1,-1,-1,-1
106,184,1262.00,519.00,22.80,57.20,1,-1,-1,-1
106,189,633.00,520.00,19.80,54.30,1,-1,-1,-1
106,192,1336.00,531.00,25.70,68.20,1,-1,-1,-1
106,193,262.00,583.00,48.50,126.10,1,-1,-1,-1
106,196,884.00,505.00,16.00,36.90,1,-1,-1,-1
106,200,1322.00,526.00,24.20,55.00,1,-1,-1,-1
107,2,127.00,592.00,68.90,143.50,1,-1,-1,-1
107,4,1724.00,627.00,91.50,225.20,1,-1,-1,-1
107,5,73.00,574.00,58.10,155.90,1,-1,-1,-1
107,8,1767.00,572.00,44.40,94.90,1,-1,-1,-1
107,11,291.00,578.00,51.40,119.00,1,-1,-1,-1
107,15,389.00,549.00,40.60,116.60,1,-1,-1,-1
107,17,591.00,518.00,21.20,55.50,1,-1,-1,-1
107,28,1126.00,509.00,17.70,38.30,1,-1,-1,-1
107,103,1191.00,515.00,21.40,49.40,1,-1,-1,-1
107,106,353.00,580.00,42.70,121.80,1,-1,-1,-1
107,108,1179.00,516.00,20.80,49.50,1,-1,-1,-1
107,141,613.00,524.00,18.10,46.80,1,-1,-1,-1
107,164,1460.00,522.00,25.30,61.40,1,-1,-1,-1
107,170,1673.00,555.00,38.50,107.00,1,-1,-1,-1
107,180,1246.00,439.00,39.70,84.70,1,-1,-1,-1
107,184,1256.00,517.00,23.10,55.10,1,-1,-1,-1
107,189,631.00,514.00,20.00,56.90,1,-1,-1,-1
107,192,1334.00,534.00,28.70,67.90,1,-1,-1,-1
107,193,250.00,584.00,47.00,123.90,1,-1,-1,-1
107,196,888.00,504.00,15.30,35.90,1,-1,-1,-1
107,200,1321.00,522.00,26.20,59.80,1,-1,-1,-1
107,201,639.00,522.00,21.40,58.00,1,-1,-1,-1
107,202,880.00,508.00,15.50,33.30,1,-1,-1,-1
107,203,1529.00,524.00,35.60,69.50,1,-1,-1,-1
107,204,268.00,556.00,45.10,128.50,1,-1,-1,-1
108,2,118.00,585.00,74.60,142.90,1,-1,-1,-1
108,4,1722.00,635.00,81.30,205.50,1,-1,-1,-1
108,5,55.00,572.00,65.90,153.90,1,-1,-1,-1
108,8,1770.00,575.00,47.40,99.00,1,-1,-1,-1
108,11,284.00,579.00,49.10,127.10,1,-1,-1,-1
108,15,386.00,552.00,38.30,113.50,1,-1,-1,-1
108,17,584.00,517.00,22.40,59.70,1,-1,-1,-1
108,28,1120.00,504.00,21.50,48.20,1,-1,-1,-1
108,103,1190.00,516.00,22.20,50.30,1,-1,-1,-1
108,106,348.00,574.00,43.90,132.10,1,-1,-1,-1
108,108,1176.00,519.00,17.80,44.40,1,-1,-1,-1
108,141,606.00,522.00,18.20,45.90,1,-1,-1,-1
108,164,1460.00,523.00,22.80,63.60,1,-1,-1,-1
108,170,1672.00,551.00,39.00,114.60,1,-1,-1,-1
108,180,1240.00,446.00,41.00,78.80,1,-1,-1,-1
108,184,1251.00,514.00,23.10,60.60,1,-1,-1,-1
108,189,623.00,511.00,23.00,64.20,1,-1,-1,-1
108,192,1331.00,530.00,24.40,67.80,1,-1,-1,-1
108,193,256.00,563.00,45.40,125.20,1,-1,-1,-1
108,196,882.00,497.00,16.80,42.70,1,-1,-1,-1
108,200,1321.00,530.00,19.20,46.10,1,-1,-1,-1
108,201,642.00,525.00,21.60,56.60,1,-1,-1,-1
108,202,876.00,507.00,14.60,34.30,1,-1,-1,-1
108,205,238.00,587.00,42.00,118.80,1,-1,-1,-1
108,206,1345.00,526.00,22.50,59.20,1,-1,-1,-1
108,207,661.00,524.00,24.10,65.20,1,-1,-1,-1
109,2,115.00,581.00,68.60,149.60,1,-1,-1,-1
109,4,1728.00,630.00,91.10,219.40,1,-1,-1,-1
109,5,54.00,579.00,54.80,146.70,1,-1,-1,-1
109,8,1765.00,572.00,43.70,104.30,1,-1,-1,-1
109,11,269.00,578.00,50.60,130.80,1,-1,-1,-1
109,15,380.00,559.00,37.80,113.10,1,-1,-1,-1
109,17,581.00,516.00,22.10,63.00,1,-1,-1,-1
109,28,1122.00,512.00,18.30,40.90,1,-1,-1,-1
109,106,328.00,579.00,46.00,122.90,1,-1,-1,-1
109,108,1178.00,517.00,21.10,52.00,1,-1,-1,-1
109,141,599.00,518.00,20.00,49.80,1,-1,-1,-1
109,164,1456.00,529.00,20.30,56.20,1,-1,-1,-1
109,170,1667.00,550.00,38.70,111.50,1,-1,-1,-1
109,180,1235.00,442.00,38.60,81.40,1,-1,-1,-1
109,184,1247.00,519.00,22.60,55.10,1,-1,-1,-1
109,189,620.00,518.00,20.10,54.70,1,-1,-1,-1
109,192,1331.00,530.00,27.60,72.60,1,-1,-1,-1
109,193,241.00,559.00,49.50,116.40,1,-1,-1,-1
109,200,1320.00,521.00,23.00,55.30,1,-1,-1,-1
109,201,633.00,525.00,23.00,60.60,1,-1,-1,-1
109,202,874.00,505.00,15.40,34.80,1,-1,-1,-1
109,205,233.00,594.00,41.90,117.40,1,-1,-1,-1
109,208,1167.00,515.00,20.30,47.80,1,-1,-1,-1
109,209,864.00,504.00,17.70,37.80,1,-1,-1,-1
109,210,1525.00,521.00,30.70,67.60,1,-1,-1,-1
109,211,1434.00,526.00,19.60,55.20,1,-1,-1,-1
110,2,107.00,591.00,59.30,136.00,1,-1,-1,-1
110,4,1728.00,630.00,94.70,217.30,1,-1,-1,-1
110,5,39.00,570.00,58.30,152.10,1,-1,-1,-1
110,8,1764.00,565.00,51.90,113.70,1,-1,-1,-1
110,11,262.00,575.00,49.00,129.20,1,-1,-1,-1
110,15,373.00,557.00,39.30,110.80,1,-1,-1,-1
110,17,576.00,514.00,23.60,62.10,1,-1,-1,-1
110,28,1117.00,509.00,18.20,43.60,1,-1,-1,-1
110,106,332.00,580.00,45.10,129.80,1,-1,-1,-1
110,108,1179.00,526.00,19.70,41.80,1,-1,-1,-1
110,141,597.00,521.00,20.20,52.70,1,-1,-1,-1
110,164,1453.00,527.00,22.50,56.60,1,-1,-1,-1
110,170,1667.00,559.00,41.40,101.60,1,-1,-1,-1
110,180,1237.00,449.00,37.80,74.30,1,-1,-1,-1
110,184,1258.00,516.00,20.60,53.60,1,-1,-1,-1
110,189,615.00,513.00,20.60,58.30,1,-1,-1,-1
110,192,1328.00,530.00,26.50,75.30,1,-1,-1,-1
110,193,239.00,562.00,44.60,126.50,1,-1,-1,-1
110,200,1312.00,526.00,24.70,57.70,1,-1,-1,-1
110,201,630.00,526.00,21.70,58.50,1,-1,-1,-1
110,202,868.00,505.00,15.70,37.00,1,-1,-1,-1
110,205,219.00,584.00,45.60,127.10,1,-1,-1,-1
110,208,1168.00,516.00,20.90,51.00,1,-1,-1,-1
110,210,1519.00,524.00,23.40,63.00,1,-1,-1,-1
111,2,94.00,589.00,68.60,144.60,1,-1,-1,-1
111,4,1729.00,630.00,89.20,230.90,1,-1,-1,-1
111,5,35.00,581.00,61.40,153.70,1,-1,-1,-1
111,8,1758.00,568.00,52.90,108.50,1,-1,-1,-1
111,11,255.00,579.00,52.20,124.80,1,-1,-1,-1
111,15,357.00,552.00,43.60,114.20,1,-1,-1,-1
111,17,571.00,518.00,21.70,55.30,1,-1,-1,-1
111,28,1116.00,505.00,18.90,44.00,1,-1,-1,-1
111,106,316.00,579.00,49.40,135.90,1,-1,-1,-1
111,108,1173.00,516.00,21.40,54.80,1,-1,-1,-1
111,141,591.00,517.00,19.90,54.00,1,-1,-1,-1
111,164,1453.00,529.00,23.40,61.20,1,-1,-1,-1
111,170,1658.00,553.00,40.10,104.50,1,-1,-1,-1
111,180,1234.00,450.00,36.50,72.60,1,-1,-1,-1
111,189,608.00,514.00,20.50,59.30,1,-1,-1,-1
111,192,1323.00,531.00,28.60,72.40,1,-1,-1,-1
111,193,229.00,561.00,47.90,119.40,1,-1,-1,-1
111,200,1309.00,527.00,24.60,57.40,1,-1,-1,-1
111,201,629.00,525.00,22.50,60.00,1,-1,-1,-1
111,205,212.00,587.00,43.50,122.30,1,-1,-1,-1
111,208,1160.00,521.00,19.70,48.10,1,-1,-1,-1
111,210,1515.00,521.00,32.10,65.80,1,-1,-1,-1
111,212,1446.00,529.00,20.30,53.40,1,-1,-1,-1
111,213,857.00,500.00,19.60,44.60,1,-1,-1,-1
111,214,1241.00,515.00,22.50,52.30,1,-1,-1,-1
111,215,1426.00,517.00,23.50,66.70,1,-1,-1,-1
112,2,86.00,581.00,67.70,156.30,1,-1,-1,-1
112,4,1736.00,638.00,90.90,231.40,1,-1,-1,-1
112,5,23.00,580.00,60.70,151.90,1,-1,-1,-1
112,8,1765.00,567.00,43.40,109.50,1,-1,-1,-1
112,11,246.00,575.00,48.80,136.20,1,-1,-1,-1
112,15,355.00,556.00,39.30,116.50,1,-1,-1,-1
112,17,566.00,518.00,22.00,55.20,1,-1,-1,-1
112,28,1110.00,507.00,18.40,47.20,1,-1,-1,-1
112,106,308.00,583.00,43.90,122.50,1,-1,-1,-1
112,108,1174.00,520.00,19.50,47.90,1,-1,-1,-1
112,141,583.00,524.00,21.30,51.90,1,-1,-1,-1
112,164,1444.00,528.00,21.10,60.90,1,-1,-1,-1
112,170,1657.00,545.00,44.40,116.30,1,-1,-1,-1
112,180,1230.00,450.00,38.40,74.10,1,-1,-1,-1
112,189,606.00,513.00,19.50,57.00,1,-1,-1,-1
112,192,1324.00,533.00,27.30,68.60,1,-1,-1,-1
112,193,219.00,565.00,47.80,115.30,1,-1,-1,-1
112,200,1307.00,522.00,23.60,57.00,1,-1,-1,-1
112,201,623.00,529.00,20.90,57.90,1,-1,-1,-1
112,205,197.00,590.00,46.30,117.10,1,-1,-1,-1
112,208,1160.00,521.00,20.50,45.90,1,-1,-1,-1
112,210,1512.00,526.00,31.00,65.00,1,-1,-1,-1
112,213,858.00,506.00,17.20,37.50,1,-1,-1,-1
112,215,1423.00,518.00,25.20,64.60,1,-1,-1,-1
112,216,1350.00,535.00,27.20,66.80,1,-1,-1,-1
113,2,78.00,595.00,59.70,140.30,1,-1,-1,-1
113,4,1729.00,628.00,87.30,230.20,1,-1,-1,-1
113,5,20.00,589.00,57.20,143.20,1,-1,-1,-1
113,8,1754.00,567.00,48.90,109.30,1,-1,-1,-1
113,11,229.00,581.00,49.70,126.30,1,-1,-1,-1
113,15,349.00,559.00,37.10,112.30,1,-1,-1,-1
113,17,557.00,517.00,23.30,65.40,1,-1,-1,-1
113,28,1108.00,505.00,19.30,44.90,1,-1,-1,-1
113,106,296.00,568.00,51.70,148.50,1,-1,-1,-1
113,108,1171.00,519.00,21.80,50.80,1,-1,-1,-1
113,141,581.00,527.00,17.50,41.40,1,-1,-1,-1
113,164,1440.00,532.00,19.90,54.60,1,-1,-1,-1
113,170,1651.00,535.00,45.40,131.60,1,-1,-1,-1
113,180,1225.00,446.00,39.10,73.20,1,-1,-1,-1
113,189,598.00,520.00,21.30,59.20,1,-1,-1,-1
113,192,1316.00,532.00,28.40,69.70,1,-1,-1,-1
113,193,206.00,566.00,49.90,120.00,1,-1,-1,-1
113,200,1301.00,523.00,26.50,57.30,1,-1,-1,-1
113,201,617.00,527.00,22.20,60.70,1,-1,-1,-1
113,205,182.00,583.00,51.10,133.90,1,-1,-1,-1
113,208,1157.00,519.00,20.00,49.50,1,-1,-1,-1
113,210,1505.00,524.00,32.90,70.40,1,-1,-1,-1
113,213,858.00,502.00,15.90,37.60,1,-1,-1,-1
113,215,1429.00,527.00,21.60,56.00,1,-1,-1,-1
113,216,1346.00,533.00,29.80,74.60,1,-1,-1,-1
113,217,850.00,508.00,15.40,34.60,1,-1,-1,-1
113,218,1472.00,528.00,22.70,57.80,1,-1,-1,-1
113,219,635.00,523.00,24.40,65.60,1,-1,-1,-1
114,2,66.00,592.00,58.30,146.80,1,-1,-1,-1
114,4,1746.00,621.00,79.20,233.70,1,-1,-1,-1
114,5,9.00,590.00,64.20,146.50,1,-1,-1,-1
114,8,1755.00,562.00,46.50,112.40,1,-1,-1,-1
114,11,225.00,591.00,52.40,123.40,1,-1,-1,-1
114,15,338.00,562.00,41.60,113.30,1,-1,-1,-1
114,17,554.00,521.00,23.10,60.00,1,-1,-1,-1
114,28,1104.00,504.00,19.00,47.00,1,-1,-1,-1
114,106,292.00,579.00,43.10,136.10,1,-1,-1,-1
114,108,1166.00,522.00,19.80,46.60,1,-1,-1,-1
114,141,575.00,521.00,19.40,50.50,1,-1,-1,-1
114,164,1435.00,527.00,20.50,57.50,1,-1,-1,-1
114,170,1651.00,547.00,45.60,120.50,1,-1,-1,-1
114,180,1218.00,441.00,41.90,89.30,1,-1,-1,-1
114,189,595.00,519.00,21.90,55.00,1,-1,-1,-1
114,192,1314.00,534.00,28.70,73.90,1,-1,-1,-1
114,193,194.00,562.00,46.00,122.20,1,-1,-1,-1
114,200,1301.00,527.00,22.60,51.80,1,-1,-1,-1
114,201,615.00,524.00,22.90,60.10,1,-1,-1,-1
114,205,179.00,593.00,40.30,116.40,1,-1,-1,-1
114,208,1155.00,520.00,20.60,46.80,1,-1,-1,-1
114,210,1507.00,527.00,23.60,65.00,1,-1,-1,-1
114,215,1416.00,522.00,24.50,59.90,1,-1,-1,-1
114,217,847.00,500.00,20.00,49.60,1,-1,-1,-1
114,219,632.00,525.00,22.70,63.20,1,-1,-1,-1
114,220,843.00,502.00,16.10,39.10,1,-1,-1,-1
114,221,1289.00,522.00,23.10,55.60,1,-1,-1,-1
114,222,1239.00,522.00,20.20,47.80,1,-1,-1,-1
115,2,51.00,580.00,59.80,154.40,1,-1,-1,-1
115,4,1741.00,625.00,94.10,250.30,1,-1,-1,-1
115,5,-1.00,593.00,60.60,142.40,1,-1,-1,-1
115,8,1755.00,575.00,47.40,102.00,1,-1,-1,-1
115,11,210.00,581.00,51.20,130.90,1,-1,-1,-1
115,15,327.00,555.00,42.40,115.00,1,-1,-1,-1
115,17,549.00,520.00,22.70,60.10,1,-1,-1,-1
115,28,1099.00,507.00,19.50,47.80,1,-1,-1,-1
115,106,276.00,580.00,45.10,141.40,1,-1,-1,-1
115,108,1161.00,524.00,21.90,47.40,1,-1,-1,-1
115,141,568.00,525.00,19.90,47.90,1,-1,-1,-1
115,164,1431.00,531.00,21.10,57.00,1,-1,-1,-1
115,180,1219.00,439.00,36.70,90.10,1,-1,-1,-1
115,189,583.00,518.00,23.20,61.30,1,-1,-1,-1
115,192,1315.00,533.00,23.00,59.00,1,-1,-1,-1
115,193,188.00,565.00,46.10,122.50,1,-1,-1,-1
115,200,1294.00,522.00,24.60,60.30,1,-1,-1,-1
115,201,608.00,523.00,22.10,58.50,1,-1,-1,-1
115,205,163.00,591.00,48.20,119.00,1,-1,-1,-1
115,208,1147.00,515.00,21.70,49.70,1,-1,-1,-1
115,210,1496.00,531.00,27.60,60.50,1,-1,-1,-1
115,215,1414.00,523.00,21.90,58.50,1,-1,-1,-1
115,217,842.00,507.00,15.80,37.10,1,-1,-1,-1
115,220,834.00,503.00,17.20,38.90,1,-1,-1,-1
115,222,1235.00,520.00,21.50,52.70,1,-1,-1,-1
115,223,1465.00,525.00,24.00,59.00,1,-1,-1,-1
115,224,1338.00,532.00,35.10,79.60,1,-1,-1,-1
115,225,1352.00,446.00,17.90,45.40,1,-1,-1,-1
116,2,42.00,586.00,64.80,162.90,1,-1,-1,-1
116,4,1744.00,631.00,107.80,250.00,1,-1,-1,-1
116,5,-7.00,598.00,53.10,138.40,1,-1,-1,-1
116,8,1750.00,565.00,51.80,113.20,1,-1,-1,-1
116,11,202.00,600.00,50.50,122.70,1,-1,-1,-1
116,15,321.00,566.00,41.90,111.80,1,-1,-1,-1
116,17,543.00,524.00,22.70,58.30,1,-1,-1,-1
116,28,1098.00,509.00,17.20,40.90,1,-1,-1,-1
116,106,269.00,580.00,43.90,143.20,1,-1,-1,-1
116,108,1161.00,524.00,18.30,44.50,1,-1,-1,-1
116,141,563.00,526.00,18.90,47.30,1,-1,-1,-1
116,164,1425.00,532.00,20.00,54.50,1,-1,-1,-1
116,180,1216.00,445.00,37.30,81.70,1,-1,-1,-1
116,189,581.00,514.00,23.80,64.20,1,-1,-1,-1
116,192,1301.00,529.00,28.40,57.40,1,-1,-1,-1
116,193,182.00,564.00,48.40,133.70,1,-1,-1,-1
116,200,1289.00,526.00,21.40,52.90,1,-1,-1,-1
116,201,607.00,523.00,24.40,64.50,1,-1,-1,-1
116,205,152.00,588.00,45.20,120.30,1,-1,-1,-1
116,208,1148.00,519.00,18.60,48.00,1,-1,-1,-1
116,210,1491.00,526.00,30.50,66.20,1,-1,-1,-1
116,215,1407.00,522.00,25.30,69.10,1,-1,-1,-1
116,217,836.00,508.00,15.70,34.30,1,-1,-1,-1
116,222,1233.00,526.00,21.90,47.20,1,-1,-1,-1
116,223,1457.00,526.00,24.20,57.40,1,-1,-1,-1
116,226,1649.00,545.00,43.80,114.20,1,-1,-1,-1
116,227,213.00,555.00,39.20,83.30,1,-1,-1,-1
116,228,1168.00,517.00,20.20,50.30,1,-1,-1,-1
117,2,32.00,579.00,66.00,165.40,1,-1,-1,-1
117,4,1739.00,633.00,108.60,254.00,1,-1,-1,-1
117,8,1745.00,566.00,50.00,109.60,1,-1,-1,-1
117,11,191.00,592.00,50.30,127.70,1,-1,-1,-1
117,15,314.00,563.00,43.00,111.40,1,-1,-1,-1
117,17,541.00,522.00,19.50,58.40,1,-1,-1,-1
117,28,1091.00,503.00,19.40,47.60,1,-1,-1,-1
117,106,250.00,580.00,50.80,141.20,1,-1,-1,-1
117,108,1157.00,521.00,20.70,50.40,1,-1,-1,-1
117,141,556.00,521.00,19.40,50.00,1,-1,-1,-1
117,164,1423.00,532.00,20.90,55.40,1,-1,-1,-1
117,180,1208.00,447.00,40.80,73.90,1,-1,-1,-1
117,189,576.00,514.00,23.90,64.30,1,-1,-1,-1
117,192,1306.00,532.00,33.10,71.30,1,-1,-1,-1
117,193,167.00,578.00,44.80,117.20,1,-1,-1,-1
117,200,1292.00,521.00,25.80,60.10,1,-1,-1,-1
117,201,600.00,524.00,21.90,59.50,1,-1,-1,-1
117,205,143.00,600.00,42.60,116.60,1,-1,-1,-1
117,208,1144.00,521.00,22.00,50.60,1,-1,-1,-1
117,210,1486.00,522.00,29.40,64.60,1,-1,-1,-1
117,215,1403.00,524.00,21.70,61.30,1,-1,-1,-1
117,217,838.00,503.00,15.10,31.70,1,-1,-1,-1
117,226,1640.00,548.00,45.80,122.70,1,-1,-1,-1
117,227,207.00,552.00,45.40,105.00,1,-1,-1,-1
117,229,828.00,508.00,15.80,35.10,1,-1,-1,-1
117,230,1275.00,519.00,24.70,54.90,1,-1,-1,-1
117,231,616.00,531.00,23.40,62.80,1,-1,-1,-1
118,2,29.00,583.00,60.90,159.10,1,-1,-1,-1
118,4,1749.00,643.00,92.40,239.20,1,-1,-1,-1
118,8,1749.00,568.00,51.70,95.90,1,-1,-1,-1
118,11,186.00,592.00,45.50,129.00,1,-1,-1,-1
118,15,306.00,563.00,42.60,114.60,1,-1,-1,-1
118,17,534.00,523.00,20.40,51.30,1,-1,-1,-1
118,28,1088.00,506.00,18.90,41.20,1,-1,-1,-1
118,106,238.00,575.00,49.50,149.10,1,-1,-1,-1
118,108,1153.00,522.00,20.10,49.20,1,-1,-1,-1
118,141,548.00,523.00,20.20,54.70,1,-1,-1,-1
118,164,1422.00,533.00,19.70,53.90,1,-1,-1,-1
118,180,1205.00,444.00,40.40,79.90,1,-1,-1,-1
118,189,572.00,523.00,20.40,52.90,1,-1,-1,-1
118,192,1300.00,532.00,28.60,74.10,1,-1,-1,-1
118,193,157.00,569.00,46.50,128.10,1,-1,-1,-1
118,201,595.00,522.00,23.30,61.80,1,-1,-1,-1
118,205,131.00,594.00,47.40,132.40,1,-1,-1,-1
118,208,1142.00,522.00,20.90,48.70,1,-1,-1,-1
118,210,1486.00,524.00,22.70,62.70,1,-1,-1,-1
118,215,1401.00,522.00,24.10,72.10,1,-1,-1,-1
118,226,1638.00,543.00,45.20,120.80,1,-1,-1,-1
118,227,196.00,548.00,42.30,96.10,1,-1,-1,-1
118,229,827.00,503.00,16.90,39.10,1,-1,-1,-1
118,230,1280.00,521.00,22.60,58.10,1,-1,-1,-1
118,232,821.00,504.00,15.20,33.70,1,-1,-1,-1
118,233,1452.00,527.00,22.60,55.20,1,-1,-1,-1
118,234,1217.00,524.00,22.00,56.70,1,-1,-1,-1
119,2,12.00,573.00,69.00,173.50,1,-1,-1,-1
119,4,1749.00,638.00,111.60,250.70,1,-1,-1,-1
119,8,1744.00,552.00,54.70,120.70,1,-1,-1,-1
119,11,173.00,586.00,51.00,132.50,1,-1,-1,-1
119,15,299.00,566.00,41.90,111.90,1,-1,-1,-1
119,17,526.00,522.00,24.40,63.70,1,-1,-1,-1
119,28,1084.00,503.00,20.70,48.00,1,-1,-1,-1
119,106,235.00,583.00,47.40,142.40,1,-1,-1,-1
119,108,1149.00,520.00,22.90,52.20,1,-1,-1,-1
119,141,547.00,523.00,20.70,53.90,1,-1,-1,-1
119,164,1414.00,529.00,21.40,60.30,1,-1,-1,-1
119,180,1201.00,444.00,39.30,75.40,1,-1,-1,-1
119,189,567.00,520.00,21.60,62.80,1,-1,-1,-1
119,192,1298.00,531.00,28.60,76.00,1,-1,-1,-1
119,201,592.00,522.00,25.10,65.20,1,-1,-1,-1
119,205,124.00,592.00,48.30,131.30,1,-1,-1,-1
119,208,1136.00,517.00,21.30,51.20,1,-1,-1,-1
119,210,1481.00,523.00,25.60,63.10,1,-1,-1,-1
119,215,1398.00,519.00,23.80,66.50,1,-1,-1,-1
119,226,1634.00,553.00,43.20,116.80,1,-1,-1,-1
119,229,824.00,498.00,19.60,46.70,1,-1,-1,-1
119,230,1278.00,521.00,22.10,57.30,1,-1,-1,-1
119,232,818.00,505.00,16.00,35.00,1,-1,-1,-1
119,235,1291.00,524.00,22.50,53.40,1,-1,-1,-1
119,236,1317.00,521.00,23.70,61.80,1,-1,-1,-1
120,2,3.00,583.00,67.80,170.00,1,-1,-1,-1
120,4,1753.00,639.00,100.50,245.40,1,-1,-1,-1
120,8,1743.00,560.00,53.70,115.30,1,-1,-1,-1
120,11,162.00,595.00,50.40,137.90,1,-1,-1,-1
120,15,289.00,554.00,43.40,125.20,1,-1,-1,-1
120,17,522.00,521.00,23.00,57.50,1,-1,-1,-1
120,28,1080.00,506.00,19.20,41.90,1,-1,-1,-1
120,106,227.00,580.00,48.20,145.10,1,-1,-1,-1
120,108,1146.00,522.00,20.40,52.00,1,-1,-1,-1
120,141,541.00,523.00,22.20,55.40,1,-1,-1,-1
120,164,1409.00,526.00,22.30,65.00,1,-1,-1,-1
120,180,1199.00,441.00,41.00,86.50,1,-1,-1,-1
120,189,559.00,517.00,22.60,66.10,1,-1,-1,-1
120,192,1298.00,528.00,29.70,78.40,1,-1,-1,-1
120,201,589.00,520.00,28.90,70.00,1,-1,-1,-1
120,205,130.00,579.00,51.00,128.90,1,-1,-1,-1
120,208,1135.00,517.00,20.00,53.10,1,-1,-1,-1
120,210,1473.00,520.00,30.30,73.40,1,-1,-1,-1
120,226,1630.00,551.00,44.00,124.00,1,-1,-1,-1
120,230,1273.00,520.00,22.10,59.80,1,-1,-1,-1
120,232,812.00,508.00,15.50,32.60,1,-1,-1,-1
120,235,1287.00,523.00,23.20,53.70,1,-1,-1,-1
120,237,109.00,596.00,50.00,130.10,1,-1,-1,-1
120,238,178.00,548.00,43.80,108.30,1,-1,-1,-1
120,239,1262.00,526.00,21.10,50.60,1,-1,-1,-1
121,2,-2.00,590.00,67.30,156.50,1,-1,-1,-1
121,4,1748.00,653.00,120.90,241.30,1,-1,-1,-1
121,8,1743.00,557.00,52.60,122.60,1,-1,-1,-1
121,11,154.00,595.00,48.30,138.80,1,-1,-1,-1
121,15,283.00,556.00,43.80,122.70,1,-1,-1,-1
121,17,524.00,529.00,20.90,51.60,1,-1,-1,-1
121,28,1077.00,506.00,16.70,40.40,1,-1,-1,-1
121,106,213.00,582.00,49.70,151.80,1,-1,-1,-1
121,108,1143.00,518.00,22.10,55.20,1,-1,-1,-1
121,141,538.00,519.00,20.20,58.10,1,-1,-1,-1
121,164,1410.00,530.00,20.40,54.70,1,-1,-1,-1
121,180,1194.00,439.00,40.60,82.20,1,-1,-1,-1
121,189,552.00,517.00,23.30,64.30,1,-1,-1,-1
121,192,1294.00,532.00,29.30,74.40,1,-1,-1,-1
121,201,585.00,523.00,24.20,63.30,1,-1,-1,-1
121,205,117.00,582.00,48.60,129.60,1,-1,-1,-1
121,208,1126.00,517.00,23.40,53.20,1,-1,-1,-1
121,210,1469.00,520.00,27.80,65.10,1,-1,-1,-1
121,226,1635.00,546.00,39.90,116.10,1,-1,-1,-1
121,230,1265.00,524.00,20.40,56.20,1,-1,-1,-1
121,232,816.00,508.00,16.40,33.10,1,-1,-1,-1
121,235,1283.00,519.00,24.00,54.70,1,-1,-1,-1
121,237,98.00,609.00,45.90,121.20,1,-1,-1,-1
121,238,168.00,549.00,42.40,113.70,1,-1,-1,-1
121,240,510.00,519.00,22.70,62.10,1,-1,-1,-1
121,241,806.00,508.00,15.50,34.40,1,-1,-1,-1
121,242,1437.00,529.00,25.00,52.70,1,-1,-1,-1
122,2,-5.00,589.00,57.10,161.50,1,-1,-1,-1
122,4,1757.00,653.00,110.10,233.10,1,-1,-1,-1
122,8,1741.00,564.00,51.00,106.00,1,-1,-1,-1
122,11,142.00,593.00,50.20,138.60,1,-1,-1,-1
122,15,272.00,560.00,44.60,123.00,1,-1,-1,-1
122,28,1072.00,507.00,18.60,45.40,1,-1,-1,-1
122,106,201.00,585.00,56.50,152.70,1,-1,-1,-1
122,108,1137.00,515.00,23.40,53.10,1,-1,-1,-1
122,141,536.00,521.00,19.60,54.70,1,-1,-1,-1
122,164,1403.00,528.00,18.70,53.70,1,-1,-1,-1
122,180,1190.00,438.00,40.20,83.10,1,-1,-1,-1
122,189,551.00,522.00,20.30,56.30,1,-1,-1,-1
122,192,1291.00,526.00,31.70,84.10,1,-1,-1,-1
122,201,581.00,526.00,21.80,59.60,1,-1,-1,-1
122,205,111.00,584.00,53.90,140.10,1,-1,-1,-1
122,208,1127.00,515.00,19.30,50.70,1,-1,-1,-1
122,210,1468.00,518.00,30.40,70.60,1,-1,-1,-1
122,226,1627.00,548.00,43.70,120.80,1,-1,-1,-1
122,230,1258.00,518.00,23.90,59.50,1,-1,-1,-1
122,235,1279.00,523.00,22.70,52.60,1,-1,-1,-1
122,237,87.00,603.00,50.80,128.10,1,-1,-1,-1
122,238,159.00,551.00,45.10,115.60,1,-1,-1,-1
122,240,508.00,522.00,23.70,60.80,1,-1,-1,-1
122,241,806.00,508.00,15.60,35.10,1,-1,-1,-1
122,243,799.00,512.00,14.00,29.20,1,-1,-1,-1
123,2,-9.00,607.00,46.90,145.80,1,-1,-1,-1
123,4,1766.00,658.00,104.40,244.90,1,-1,-1,-1
123,8,1736.00,562.00,56.30,112.60,1,-1,-1,-1
123,11,130.00,598.00,56.10,135.70,1,-1,-1,-1
123,15,268.00,561.00,42.70,121.20,1,-1,-1,-1
123,28,1069.00,502.00,18.30,45.10,1,-1,-1,-1
123,106,196.00,599.00,51.20,145.10,1,-1,-1,-1
123,108,1136.00,518.00,22.20,54.70,1,-1,-1,-1
123,141,528.00,528.00,18.20,49.60,1,-1,-1,-1
123,164,1402.00,524.00,20.70,61.50,1,-1,-1,-1
123,180,1186.00,437.00,42.20,85.50,1,-1,-1,-1
123,189,545.00,523.00,21.90,58.70,1,-1,-1,-1
123,192,1295.00,527.00,27.40,76.70,1,-1,-1,-1
123,201,572.00,521.00,25.60,69.80,1,-1,-1,-1
123,205,104.00,584.00,56.00,137.10,1,-1,-1,-1
123,208,1120.00,520.00,19.20,48.30,1,-1,-1,-1
123,210,1459.00,516.00,29.60,72.40,1,-1,-1,-1
123,226,1623.00,549.00,46.70,113.20,1,-1,-1,-1
123,230,1258.00,525.00,21.40,53.90,1,-1,-1,-1
123,235,1273.00,525.00,22.00,50.80,1,-1,-1,-1
123,237,81.00,600.00,46.50,132.80,1,-1,-1,-1
123,238,152.00,553.00,44.20,105.70,1,-1,-1,-1
123,240,504.00,525.00,25.50,62.20,1,-1,-1,-1
123,241,799.00,509.00,15.10,34.40,1,-1,-1,-1
123,244,1431.00,527.00,23.40,54.40,1,-1,-1,-1
124,4,1764.00,659.00,113.60,251.50,1,-1,-1,-1
124,8,1731.00,563.00,58.00,113.40,1,-1,-1,-1
124,11,120.00,608.00,47.20,138.20,1,-1,-1,-1
124,15,258.00,562.00,43.70,124.70,1,-1,-1,-1
124,28,1067.00,507.00,18.00,44.90,1,-1,-1,-1
124,106,179.00,596.00,54.90,146.40,1,-1,-1,-1
124,108,1130.00,520.00,21.90,48.90,1,-1,-1,-1
124,141,518.00,527.00,21.80,52.60,1,-1,-1,-1
124,164,1398.00,530.00,20.90,57.50,1,-1,-1,-1
124,180,1181.00,441.00,40.10,83.60,1,-1,-1,-1
124,189,541.00,522.00,21.10,57.40,1,-1,-1,-1
124,192,1292.00,529.00,30.40,82.80,1,-1,-1,-1
124,201,570.00,526.00,24.60,64.40,1,-1,-1,-1
124,205,97.00,576.00,48.30,131.70,1,-1,-1,-1
124,208,1116.00,520.00,19.60,53.20,1,-1,-1,-1
124,210,1459.00,517.00,27.30,67.70,1,-1,-1,-1
124,226,1624.00,549.00,42.10,112.30,1,-1,-1,-1
124,230,1252.00,522.00,23.30,59.60,1,-1,-1,-1
124,235,1268.00,523.00,23.10,51.60,1,-1,-1,-1
124,237,64.00,613.00,50.70,130.00,1,-1,-1,-1
124,238,146.00,555.00,46.50,120.50,1,-1,-1,-1
124,240,496.00,522.00,24.70,58.60,1,-1,-1,-1
124,241,793.00,509.00,14.30,29.50,1,-1,-1,-1
124,245,786.00,510.00,14.30,34.50,1,-1,-1,-1
125,4,1762.00,639.00,123.70,285.10,1,-1,-1,-1
125,8,1733.00,564.00,53.70,111.80,1,-1,-1,-1
125,11,106.00,601.00,52.30,136.30,1,-1,-1,-1
125,15,251.00,566.00,41.70,121.00,1,-1,-1,-1
125,28,1061.00,507.00,18.30,40.80,1,-1,-1,-1
125,106,169.00,596.00,59.70,149.90,1,-1,-1,-1
125,108,1132.00,519.00,22.20,55.10,1,-1,-1,-1
125,141,513.00,530.00,19.50,47.20,1,-1,-1,-1
125,164,1393.00,525.00,22.20,62.80,1,-1,-1,-1
125,180,1177.00,438.00,43.80,83.60,1,-1,-1,-1
125,189,530.00,521.00,22.90,61.00,1,-1,-1,-1
125,192,1285.00,525.00,32.20,88.50,1,-1,-1,-1
125,201,566.00,527.00,24.60,66.90,1,-1,-1,-1
125,205,83.00,583.00,46.20,116.20,1,-1,-1,-1
125,208,1113.00,521.00,19.30,47.60,1,-1,-1,-1
125,210,1454.00,523.00,25.70,64.00,1,-1,-1,-1
125,226,1620.00,556.00,41.80,114.30,1,-1,-1,-1
125,230,1246.00,523.00,21.40,53.60,1,-1,-1,-1
125,235,1264.00,520.00,22.70,52.10,1,-1,-1,-1
125,237,56.00,607.00,51.30,137.60,1,-1,-1,-1
125,238,133.00,559.00,45.30,117.50,1,-1,-1,-1
125,240,493.00,520.00,24.90,60.60,1,-1,-1,-1
125,241,787.00,508.00,14.70,31.50,1,-1,-1,-1
125,245,779.00,502.00,19.30,43.00,1,-1,-1,-1
125,246,1189.00,516.00,23.10,65.30,1,-1,-1,-1
126,4,1775.00,648.00,94.50,266.00,1,-1,-1,-1
126,8,1731.00,560.00,55.80,117.60,1,-1,-1,-1
126,11,94.00,602.00,54.50,142.30,1,-1,-1,-1
126,15,243.00,567.00,44.80,129.50,1,-1,-1,-1
126,28,1058.00,504.00,19.60,47.30,1,-1,-1,-1
126,106,158.00,590.00,56.40,150.30,1,-1,-1,-1
126,108,1128.00,518.00,24.10,58.10,1,-1,-1,-1
126,141,512.00,528.00,17.90,50.00,1,-1,-1,-1
126,164,1390.00,527.00,22.90,57.10,1,-1,-1,-1
126,180,1175.00,440.00,40.00,83.60,1,-1,-1,-1
126,189,527.00,519.00,20.30,65.50,1,-1,-1,-1
126,192,1281.00,526.00,34.60,88.80,1,-1,-1,-1
126,201,560.00,527.00,23.30,62.50,1,-1,-1,-1
126,205,67.00,583.00,47.30,128.40,1,-1,-1,-1
126,208,1110.00,520.00,18.90,47.20,1,-1,-1,-1
126,210,1448.00,524.00,26.40,66.50,1,-1,-1,-1
126,226,1611.00,543.00,42.20,120.80,1,-1,-1,-1
126,230,1243.00,526.00,21.60,53.30,1,-1,-1,-1
126,235,1259.00,518.00,24.00,59.30,1,-1,-1,-1
126,237,38.00,611.00,52.50,137.00,1,-1,-1,-1
126,238,125.00,563.00,42.70,125.00,1,-1,-1,-1
126,240,486.00,523.00,23.50,65.90,1,-1,-1,-1
126,241,782.00,512.00,13.90,31.50,1,-1,-1,-1
126,246,1183.00,520.00,23.50,54.60,1,-1,-1,-1
127,4,1767.00,654.00,112.40,264.60,1,-1,-1,-1
127,8,1730.00,562.00,50.70,123.00,1,-1,-1,-1
127,11,88.00,611.00,52.90,133.80,1,-1,-1,-1
127,15,233.00,575.00,43.30,115.10,1,-1,-1,-1
127,28,1055.00,504.00,18.40,43.10,1,-1,-1,-1
127,106,149.00,596.00,54.10,151.70,1,-1,-1,-1
127,108,1123.00,518.00,23.20,53.20,1,-1,-1,-1
127,141,503.00,535.00,19.10,46.60,1,-1,-1,-1
127,164,1390.00,530.00,17.40,51.80,1,-1,-1,-1
127,180,1171.00,438.00,39.50,90.00,1,-1,-1,-1
127,189,522.00,521.00,23.10,64.90,1,-1,-1,-1
127,192,1281.00,526.00,32.60,84.70,1,-1,-1,-1
127,201,551.00,526.00,29.50,73.10,1,-1,-1,-1
127,205,57.00,586.00,58.60,152.50,1,-1,-1,-1
127,208,1106.00,518.00,19.70,52.40,1,-1,-1,-1
127,210,1446.00,521.00,24.20,69.00,1,-1,-1,-1
127,226,1612.00,552.00,44.00,111.70,1,-1,-1,-1
127,230,1238.00,524.00,21.60,54.80,1,-1,-1,-1
127,235,1258.00,525.00,21.50,52.70,1,-1,-1,-1
127,237,29.00,611.00,51.90,141.70,1,-1,-1,-1
127,238,118.00,566.00,46.90,119.10,1,-1,-1,-1
127,240,480.00,525.00,25.80,64.10,1,-1,-1,-1
127,241,776.00,510.00,14.50,31.70,1,-1,-1,-1
127,247,1394.00,524.00,24.00,65.10,1,-1,-1,-1
128,4,1775.00,653.00,117.30,259.40,1,-1,-1,-1
128,8,1725.00,557.00,49.40,124.00,1,-1,-1,-1
128,11,74.00,620.00,50.40,126.80,1,-1,-1,-1
128,15,225.00,578.00,40.90,112.80,1,-1,-1,-1
128,28,1049.00,508.00,18.70,42.40,1,-1,-1,-1
128,106,133.00,591.00,61.70,162.90,1,-1,-1,-1
128,108,1120.00,521.00,24.00,55.30,1,-1,-1,-1
128,141,499.00,531.00,20.00,52.20,1,-1,-1,-1
128,164,1390.00,526.00,19.10,53.60,1,-1,-1,-1
128,180,1166.00,440.00,41.00,82.70,1,-1,-1,-1
128,189,518.00,522.00,23.90,66.10,1,-1,-1,-1
128,192,1280.00,531.00,35.30,84.00,1,-1,-1,-1
128,201,553.00,531.00,23.30,64.70,1,-1,-1,-1
128,205,44.00,584.00,51.20,142.80,1,-1,-1,-1
128,208,1104.00,519.00,20.20,49.60,1,-1,-1,-1
128,210,1438.00,525.00,29.60,69.50,1,-1,-1,-1
128,226,1609.00,541.00,39.80,122.90,1,-1,-1,-1
128,230,1237.00,527.00,21.10,55.50,1,-1,-1,-1
128,235,1254.00,523.00,21.20,54.70,1,-1,-1,-1
128,237,22.00,610.00,49.40,142.00,1,-1,-1,-1
128,238,114.00,560.00,42.20,111.20,1,-1,-1,-1
128,240,475.00,529.00,24.30,63.10,1,-1,-1,-1
128,241,771.00,512.00,14.50,30.50,1,-1,-1,-1
128,248,1267.00,525.00,26.00,61.50,1,-1,-1,-1
129,4,1794.00,657.00,114.80,265.20,1,-1,-1,-1
129,8,1721.00,562.00,55.40,123.30,1,-1,-1,-1
129,11,63.00,602.00,58.40,157.00,1,-1,-1,-1
129,15,223.00,572.00,43.20,126.50,1,-1,-1,-1
129,28,1048.00,506.00,17.30,42.00,1,-1,-1,-1
129,106,123.00,595.00,58.10,162.80,1,-1,-1,-1
129,108,1114.00,522.00,21.80,49.50,1,-1,-1,-1
129,141,489.00,529.00,21.70,54.80,1,-1,-1,-1
129,164,1380.00,527.00,20.50,60.10,1,-1,-1,-1
129,180,1164.00,444.00,39.50,79.20,1,-1,-1,-1
129,189,512.00,529.00,19.50,55.10,1,-1,-1,-1
129,192,1280.00,532.00,29.90,80.10,1,-1,-1,-1
129,201,548.00,530.00,25.90,64.20,1,-1,-1,-1
129,205,42.00,583.00,47.10,120.00,1,-1,-1,-1
129,208,1099.00,521.00,17.50,44.30,1,-1,-1,-1
129,210,1434.00,520.00,29.90,65.20,1,-1,-1,-1
129,226,1605.00,557.00,42.10,112.60,1,-1,-1,-1
129,230,1231.00,524.00,24.20,56.30,1,-1,-1,-1
129,235,1247.00,520.00,22.60,55.10,1,-1,-1,-1
129,237,11.00,616.00,53.40,142.90,1,-1,-1,-1
129,238,103.00,568.00,44.00,124.60,1,-1,-1,-1
129,240,466.00,530.00,24.90,53.80,1,-1,-1,-1
129,241,770.00,511.00,13.70,33.40,1,-1,-1,-1
129,249,762.00,509.00,15.20,32.00,1,-1,-1,-1
130,4,1780.00,640.00,131.40,284.40,1,-1,-1,-1
130,8,1721.00,564.00,53.00,119.00,1,-1,-1,-1
130,11,50.00,613.00,56.20,142.50,1,-1,-1,-1
130,15,210.00,575.00,42.90,126.00,1,-1,-1,-1
130,28,1042.00,504.00,18.60,46.30,1,-1,-1,-1
130,106,115.00,606.00,58.80,156.90,1,-1,-1,-1
130,108,1109.00,522.00,23.40,52.70,1,-1,-1,-1
130,141,486.00,533.00,20.30,49.40,1,-1,-1,-1
130,164,1377.00,525.00,24.30,66.20,1,-1,-1,-1
130,180,1159.00,444.00,40.90,82.10,1,-1,-1,-1
130,189,507.00,524.00,24.00,64.70,1,-1,-1,-1
130,192,1275.00,534.00,30.10,77.50,1,-1,-1,-1
130,201,544.00,528.00,25.30,68.80,1,-1,-1,-1
130,205,29.00,581.00,52.10,170.10,1,-1,-1,-1
130,208,1093.00,517.00,22.10,57.50,1,-1,-1,-1
130,210,1431.00,522.00,29.80,65.80,1,-1,-1,-1
130,226,1604.00,546.00,39.70,117.10,1,-1,-1,-1
130,230,1222.00,523.00,22.70,55.70,1,-1,-1,-1
130,235,1246.00,523.00,21.00,52.10,1,-1,-1,-1
130,237,-1.00,607.00,41.70,140.70,1,-1,-1,-1
130,238,87.00,560.00,45.90,126.00,1,-1,-1,-1
130,240,462.00,527.00,25.10,58.50,1,-1,-1,-1
130,249,760.00,513.00,15.30,30.50,1,-1,-1,-1
130,250,1260.00,528.00,25.40,62.10,1,-1,-1,-1
131,4,1795.00,642.00,127.70,291.50,1,-1,-1,-1
131,8,1715.00,565.00,65.40,110.50,1,-1,-1,-1
131,11,41.00,602.00,56.90,151.10,1,-1,-1,-1
131,15,197.00,579.00,45.90,123.30,1,-1,-1,-1
131,28,1038.00,506.00,18.40,46.30,1,-1,-1,-1
131,106,100.00,596.00,57.30,163.30,1,-1,-1,-1
131,108,1110.00,517.00,24.50,57.50,1,-1,-1,-1
131,141,479.00,533.00,21.00,52.90,1,-1,-1,-1
131,164,1377.00,530.00,20.30,56.80,1,-1,-1,-1
131,180,1155.00,446.00,42.00,86.20,1,-1,-1,-1
131,189,503.00,528.00,20.10,58.20,1,-1,-1,-1
131,192,1271.00,534.00,30.10,79.90,1,-1,-1,-1
131,201,540.00,530.00,23.80,67.50,1,-1,-1,-1
131,205,10.00,583.00,55.40,130.30,1,-1,-1,-1
131,208,1093.00,521.00,20.60,49.70,1,-1,-1,-1
131,210,1428.00,526.00,27.70,64.30,1,-1,-1,-1
131,226,1598.00,549.00,39.90,115.10,1,-1,-1,-1
131,230,1223.00,524.00,22.10,53.30,1,-1,-1,-1
131,235,1236.00,523.00,26.10,55.00,1,-1,-1,-1
131,237,-3.00,612.00,44.30,157.40,1,-1,-1,-1
131,238,80.00,567.00,48.00,119.20,1,-1,-1,-1
131,240,457.00,529.00,25.90,61.70,1,-1,-1,-1
131,249,755.00,510.00,14.60,32.50,1,-1,-1,-1
131,251,1255.00,525.00,17.70,43.40,1,-1,-1,-1
131,252,748.00,507.00,14.40,34.20,1,-1,-1,-1
132,4,1806.00,658.00,119.50,291.10,1,-1,-1,-1
132,8,1715.00,564.00,63.40,116.60,1,-1,-1,-1
132,11,28.00,617.00,54.80,149.40,1,-1,-1,-1
132,15,191.00,576.00,45.60,125.00,1,-1,-1,-1
132,28,1033.00,507.00,16.80,41.20,1,-1,-1,-1
132,106,91.00,619.00,51.40,138.30,1,-1,-1,-1
132,108,1103.00,518.00,22.30,54.50,1,-1,-1,-1
132,141,474.00,530.00,22.00,59.10,1,-1,-1,-1
132,164,1369.00,528.00,22.40,65.30,1,-1,-1,-1
132,180,1152.00,441.00,40.70,83.80,1,-1,-1,-1
132,189,499.00,525.00,22.00,63.10,1,-1,-1,-1
132,192,1264.00,527.00,33.80,89.60,1,-1,-1,-1
132,201,533.00,532.00,24.60,68.80,1,-1,-1,-1
132,205,-3.00,594.00,54.40,135.90,1,-1,-1,-1
132,208,1088.00,521.00,21.80,52.00,1,-1,-1,-1
132,210,1422.00,526.00,24.10,65.70,1,-1,-1,-1
132,226,1595.00,551.00,41.40,110.70,1,-1,-1,-1
132,230,1216.00,523.00,23.10,60.40,1,-1,-1,-1
132,235,1238.00,517.00,20.70,59.20,1,-1,-1,-1
132,238,68.00,570.00,42.00,123.60,1,-1,-1,-1
132,240,450.00,527.00,27.30,69.80,1,-1,-1,-1
132,249,750.00,508.00,14.30,31.80,1,-1,-1,-1
132,251,1252.00,525.00,22.30,62.00,1,-1,-1,-1
133,4,1806.00,675.00,113.30,286.40,1,-1,-1,-1
133,8,1710.00,564.00,56.10,119.70,1,-1,-1,-1
133,11,18.00,623.00,54.00,140.20,1,-1,-1,-1
133,15,180.00,576.00,46.90,132.10,1,-1,-1,-1
133,28,1031.00,508.00,18.40,42.00,1,-1,-1,-1
133,106,76.00,611.00,57.50,161.00,1,-1,-1,-1
133,108,1102.00,524.00,22.20,52.90,1,-1,-1,-1
133,141,472.00,530.00,22.30,58.20,1,-1,-1,-1
133,164,1363.00,528.00,22.20,64.20,1,-1,-1,-1
133,180,1148.00,436.00,38.70,91.00,1,-1,-1,-1
133,189,486.00,523.00,24.00,67.30,1,-1,-1,-1
133,192,1266.00,535.00,31.20,76.20,1,-1,-1,-1
133,201,526.00,529.00,25.20,69.70,1,-1,-1,-1
133,205,-3.00,592.00,42.30,128.70,1,-1,-1,-1
133,208,1084.00,515.00,21.30,54.80,1,-1,-1,-1
133,210,1417.00,528.00,26.50,60.40,1,-1,-1,-1
133,226,1592.00,554.00,39.30,109.30,1,-1,-1,-1
133,230,1213.00,522.00,23.30,56.30,1,-1,-1,-1
133,235,1231.00,517.00,22.20,58.10,1,-1,-1,-1
133,238,64.00,569.00,43.10,117.20,1,-1,-1,-1
133,240,445.00,532.00,23.00,59.40,1,-1,-1,-1
133,249,751.00,510.00,14.10,33.70,1,-1,-1,-1
133,251,1251.00,528.00,25.30,67.70,1,-1,-1,-1
133,253,741.00,508.00,16.60,36.10,1,-1,-1,-1
133,254,460.00,529.00,24.20,65.60,1,-1,-1,-1
133,255,1244.00,526.00,21.00,50.60,1,-1,-1,-1
134,4,1806.00,664.00,120.20,300.10,1,-1,-1,-1
134,8,1713.00,566.00,54.50,112.50,1,-1,-1,-1
134,11,6.00,621.00,54.50,143.50,1,-1,-1,-1
134,15,168.00,574.00,49.50,128.30,1,-1,-1,-1
134,28,1025.00,504.00,19.10,46.50,1,-1,-1,-1
134,106,63.00,614.00,54.80,149.10,1,-1,-1,-1
134,108,1095.00,522.00,24.00,55.20,1,-1,-1,-1
134,141,463.00,533.00,20.30,56.50,1,-1,-1,-1
134,164,1364.00,536.00,18.60,54.00,1,-1,-1,-1
134,180,1144.00,444.00,39.90,85.10,1,-1,-1,-1
134,189,487.00,528.00,20.90,56.50,1,-1,-1,-1
134,192,1262.00,535.00,31.80,82.40,1,-1,-1,-1
134,201,521.00,532.00,23.30,65.70,1,-1,-1,-1
134,208,1081.00,519.00,22.20,56.90,1,-1,-1,-1
134,210,1416.00,525.00,29.10,65.90,1,-1,-1,-1
134,226,1587.00,546.00,45.00,116.00,1,-1,-1,-1
134,230,1208.00,523.00,21.00,56.70,1,-1,-1,-1
134,235,1228.00,519.00,24.70,61.00,1,-1,-1,-1
134,238,52.00,563.00,47.20,121.90,1,-1,-1,-1
134,240,438.00,533.00,25.30,64.10,1,-1,-1,-1
134,253,735.00,510.00,16.60,39.70,1,-1,-1,-1
134,256,1352.00,527.00,22.60,60.00,1,-1,-1,-1
134,257,726.00,507.00,16.60,38.10,1,-1,-1,-1
134,258,1155.00,521.00,23.80,61.90,1,-1,-1,-1
135,4,1821.00,675.00,110.40,298.30,1,-1,-1,-1
135,8,1705.00,565.00,57.70,113.60,1,-1,-1,-1
135,11,-5.00,623.00,56.80,143.80,1,-1,-1,-1
135,15,165.00,579.00,43.20,130.50,1,-1,-1,-1
135,28,1022.00,507.00,19.10,45.80,1,-1,-1,-1
135,106,56.00,607.00,56.20,158.90,1,-1,-1,-1
135,108,1093.00,520.00,23.90,56.00,1,-1,-1,-1
135,141,456.00,535.00,20.90,53.30,1,-1,-1,-1
135,164,1361.00,531.00,23.50,57.00,1,-1,-1,-1
135,180,1139.00,443.00,41.10,83.40,1,-1,-1,-1
135,189,480.00,529.00,19.90,62.10,1,-1,-1,-1
135,192,1259.00,542.00,27.80,69.10,1,-1,-1,-1
135,201,519.00,537.00,22.60,62.90,1,-1,-1,-1
135,208,1072.00,517.00,23.50,55.30,1,-1,-1,-1
135,210,1409.00,526.00,27.40,62.10,1,-1,-1,-1
135,226,1584.00,555.00,41.10,113.60,1,-1,-1,-1
135,230,1202.00,523.00,23.00,58.50,1,-1,-1,-1
135,235,1225.00,519.00,22.10,54.90,1,-1,-1,-1
135,238,40.00,576.00,48.10,113.70,1,-1,-1,-1
135,240,437.00,537.00,20.70,59.40,1,-1,-1,-1
135,253,733.00,517.00,14.50,30.80,1,-1,-1,-1
135,257,727.00,507.00,16.20,38.40,1,-1,-1,-1
135,259,1213.00,515.00,29.50,70.40,1,-1,-1,-1
136,4,1818.00,675.00,113.40,291.50,1,-1,-1,-1
136,8,1702.00,558.00,63.80,122.70,1,-1,-1,-1
136,11,-5.00,618.00,43.40,163.20,1,-1,-1,-1
136,15,155.00,581.00,44.00,126.40,1,-1,-1,-1
136,28,1014.00,502.00,19.60,49.70,1,-1,-1,-1
136,106,34.00,600.00,63.70,171.50,1,-1,-1,-1
136,108,1091.00,517.00,22.40,56.00,1,-1,-1,-1
136,141,451.00,531.00,21.40,60.30,1,-1,-1,-1
136,164,1351.00,535.00,21.90,50.20,1,-1,-1,-1
136,180,1134.00,440.00,42.10,83.80,1,-1,-1,-1
136,189,474.00,531.00,21.10,58.50,1,-1,-1,-1
136,192,1254.00,541.00,30.60,76.30,1,-1,-1,-1
136,201,511.00,531.00,25.50,69.50,1,-1,-1,-1
136,208,1075.00,522.00,18.80,48.40,1,-1,-1,-1
136,210,1403.00,522.00,29.30,66.80,1,-1,-1,-1
136,226,1581.00,548.00,40.20,114.50,1,-1,-1,-1
136,230,1199.00,524.00,23.90,57.40,1,-1,-1,-1
136,235,1222.00,521.00,23.00,61.00,1,-1,-1,-1
136,240,427.00,534.00,23.70,66.30,1,-1,-1,-1
136,253,727.00,509.00,14.10,34.70,1,-1,-1,-1
136,260,715.00,507.00,15.70,36.60,1,-1,-1,-1
136,261,1237.00,526.00,24.20,70.60,1,-1,-1,-1
137,4,1825.00,697.00,112.00,259.70,1,-1,-1,-1
137,8,1702.00,568.00,55.10,112.80,1,-1,-1,-1
137,15,151.00,585.00,41.30,125.20,1,-1,-1,-1
137,28,1013.00,506.00,19.50,49.10,1,-1,-1,-1
137,106,33.00,614.00,52.80,162.80,1,-1,-1,-1
137,108,1087.00,518.00,21.90,55.00,1,-1,-1,-1
137,141,446.00,536.00,20.70,54.90,1,-1,-1,-1
137,164,1350.00,532.00,21.50,53.00,1,-1,-1,-1
137,180,1131.00,441.00,42.00,87.50,1,-1,-1,-1
137,189,465.00,527.00,21.70,60.00,1,-1,-1,-1
137,192,1252.00,535.00,33.50,85.60,1,-1,-1,-1
137,201,504.00,533.00,24.30,67.90,1,-1,-1,-1
137,208,1066.00,518.00,22.10,52.50,1,-1,-1,-1
137,210,1401.00,527.00,30.00,70.50,1,-1,-1,-1
137,226,1574.00,554.00,41.70,115.40,1,-1,-1,-1
137,230,1193.00,521.00,24.60,60.10,1,-1,-1,-1
137,235,1227.00,529.00,17.60,49.50,1,-1,-1,-1
137,240,426.00,536.00,21.60,60.00,1,-1,-1,-1
137,253,723.00,510.00,13.80,35.20,1,-1,-1,-1
137,260,712.00,508.00,15.70,34.00,1,-1,-1,-1
137,262,1211.00,519.00,23.60,60.20,1,-1,-1,-1
138,4,1826.00,667.00,126.50,326.00,1,-1,-1,-1
138,8,1700.00,565.00,56.00,113.80,1,-1,-1,-1
138,15,136.00,584.00,46.30,127.50,1,-1,-1,-1
138,28,1012.00,504.00,18.20,45.60,1,-1,-1,-1
138,106,18.00,591.00,66.40,193.40,1,-1,-1,-1
138,108,1084.00,516.00,22.90,57.60,1,-1,-1,-1
138,141,438.00,530.00,21.30,57.30,1,-1,-1,-1
138,164,1345.00,531.00,21.50,54.70,1,-1,-1,-1
138,180,1128.00,437.00,40.20,84.10,1,-1,-1,-1
138,189,463.00,526.00,22.70,59.60,1,-1,-1,-1
138,192,1251.00,534.00,32.80,84.60,1,-1,-1,-1
138,201,502.00,529.00,24.90,71.30,1,-1,-1,-1
138,208,1067.00,519.00,20.50,53.70,1,-1,-1,-1
138,210,1395.00,528.00,27.10,60.50,1,-1,-1,-1
138,226,1573.00,556.00,44.30,118.60,1,-1,-1,-1
138,230,1193.00,521.00,25.10,57.70,1,-1,-1,-1
138,240,417.00,529.00,24.90,65.40,1,-1,-1,-1
138,253,721.00,511.00,14.20,32.50,1,-1,-1,-1
138,260,713.00,511.00,15.90,34.30,1,-1,-1,-1
138,262,1211.00,517.00,23.00,57.40,1,-1,-1,-1
138,263,1352.00,511.00,25.60,68.50,1,-1,-1,-1
138,264,1306.00,519.00,29.20,77.00,1,-1,-1,-1
139,4,1845.00,676.00,103.30,302.20,1,-1,-1,-1
139,8,1699.00,563.00,54.40,112.40,1,-1,-1,-1
139,15,128.00,579.00,44.70,128.70,1,-1,-1,-1
139,28,1007.00,505.00,17.60,41.40,1,-1,-1,-1
139,106,13.00,609.00,54.40,165.70,1,-1,-1,-1
139,108,1080.00,518.00,23.50,52.90,1,-1,-1,-1
139,141,433.00,535.00,20.60,56.90,1,-1,-1,-1
139,164,1346.00,525.00,22.90,57.00,1,-1,-1,-1
139,180,1125.00,439.00,40.40,85.90,1,-1,-1,-1
139,189,454.00,525.00,21.60,61.00,1,-1,-1,-1
139,192,1247.00,533.00,33.00,86.70,1,-1,-1,-1
139,201,498.00,534.00,23.20,61.50,1,-1,-1,-1
139,208,1058.00,520.00,21.10,52.00,1,-1,-1,-1
139,210,1393.00,523.00,28.20,65.20,1,-1,-1,-1
139,226,1567.00,554.00,41.80,108.70,1,-1,-1,-1
139,230,1186.00,521.00,22.90,56.40,1,-1,-1,-1
139,240,409.00,528.00,27.60,65.40,1,-1,-1,-1
139,253,722.00,508.00,13.40,32.80,1,-1,-1,-1
139,260,713.00,510.00,15.10,32.40,1,-1,-1,-1
139,262,1204.00,522.00,21.30,55.50,1,-1,-1,-1
139,265,705.00,507.00,15.30,34.50,1,-1,-1,-1
140,4,1830.00,679.00,128.50,307.00,1,-1,-1,-1
140,8,1691.00,557.00,64.60,119.80,1,-1,-1,-1
140,15,123.00,588.00,42.40,124.60,1,-1,-1,-1
140,28,1002.00,505.00,17.30,43.20,1,-1,-1,-1
140,106,-3.00,606.00,59.50,162.10,1,-1,-1,-1
140,108,1076.00,518.00,23.50,56.40,1,-1,-1,-1
140,141,428.00,538.00,19.00,48.30,1,-1,-1,-1
140,164,1338.00,526.00,20.90,60.10,1,-1,-1,-1
140,180,1122.00,435.00,38.80,91.80,1,-1,-1,-1
140,189,454.00,522.00,23.70,66.50,1,-1,-1,-1
140,192,1251.00,535.00,29.70,78.30,1,-1,-1,-1
140,201,491.00,531.00,26.20,73.80,1,-1,-1,-1
140,208,1057.00,515.00,22.10,54.20,1,-1,-1,-1
140,210,1390.00,525.00,27.10,63.60,1,-1,-1,-1
140,226,1567.00,554.00,40.20,109.30,1,-1,-1,-1
140,230,1188.00,522.00,22.70,54.90,1,-1,-1,-1
140,240,407.00,527.00,26.60,67.90,1,-1,-1,-1
140,260,707.00,510.00,14.90,33.50,1,-1,-1,-1
140,262,1201.00,515.00,23.20,63.50,1,-1,-1,-1
141,4,1838.00,681.00,125.90,322.10,1,-1,-1,-1
141,8,1693.00,558.00,58.80,121.10,1,-1,-1,-1
141,15,115.00,586.00,44.40,124.30,1,-1,-1,-1
141,28,999.00,502.00,19.10,47.70,1,-1,-1,-1
141,106,-2.00,573.00,42.80,114.70,1,-1,-1,-1
141,108,1073.00,522.00,21.30,51.50,1,-1,-1,-1
141,141,428.00,536.00,18.50,53.10,1,-1,-1,-1
141,164,1337.00,529.00,19.80,58.10,1,-1,-1,-1
141,180,1121.00,434.00,37.60,97.10,1,-1,-1,-1
141,189,451.00,526.00,20.50,60.10,1,-1,-1,-1
141,192,1248.00,538.00,29.00,74.00,1,-1,-1,-1
141,201,488.00,528.00,24.90,68.10,1,-1,-1,-1
141,208,1057.00,519.00,19.50,49.70,1,-1,-1,-1
141,210,1383.00,522.00,31.10,67.80,1,-1,-1,-1
141,226,1559.00,552.00,43.90,113.40,1,-1,-1,-1
141,230,1178.00,518.00,23.30,59.30,1,-1,-1,-1
141,240,403.00,532.00,20.80,62.90,1,-1,-1,-1
141,260,701.00,509.00,15.00,34.20,1,-1,-1,-1
141,262,1200.00,515.00,24.20,61.80,1,-1,-1,-1
141,266,439.00,528.00,21.50,59.70,1,-1,-1,-1
142,4,1846.00,687.00,113.10,319.80,1,-1,-1,-1
142,8,1697.00,557.00,50.30,122.30,1,-1,-1,-1
142,15,108.00,578.00,45.50,137.30,1,-1,-1,-1
142,28,996.00,502.00,18.90,46.70,1,-1,-1,-1
142,106,-3.00,577.00,37.10,108.90,1,-1,-1,-1
142,108,1074.00,519.00,19.80,50.00,1,-1,-1,-1
142,141,421.00,528.00,20.80,60.30,1,-1,-1,-1
142,164,1334.00,528.00,20.30,55.30,1,-1,-1,-1
142,180,1117.00,435.00,42.80,90.20,1,-1,-1,-1
142,189,444.00,527.00,21.40,58.00,1,-1,-1,-1
142,192,1243.00,535.00,34.30,78.50,1,-1,-1,-1
142,201,485.00,533.00,23.30,64.10,1,-1,-1,-1
142,208,1054.00,519.00,18.80,51.50,1,-1,-1,-1
142,210,1381.00,517.00,30.70,69.50,1,-1,-1,-1
142,226,1558.00,547.00,41.50,116.90,1,-1,-1,-1
142,230,1178.00,520.00,20.80,55.40,1,-1,-1,-1
142,240,399.00,532.00,24.80,67.00,1,-1,-1,-1
142,260,701.00,513.00,13.70,29.20,1,-1,-1,-1
142,262,1196.00,516.00,22.20,59.30,1,-1,-1,-1
142,267,692.00,507.00,15.70,38.90,1,-1,-1,-1
143,8,1689.00,558.00,62.40,124.00,1,-1,-1,-1
143,15,98.00,581.00,43.20,134.10,1,-1,-1,-1
143,28,996.00,501.00,19.80,46.50,1,-1,-1,-1
143,106,-1.00,567.00,24.20,93.20,1,-1,-1,-1
143,108,1070.00,518.00,21.90,54.00,1,-1,-1,-1
143,141,415.00,529.00,20.20,55.40,1,-1,-1,-1
143,164,1335.00,528.00,20.10,56.60,1,-1,-1,-1
143,180,1114.00,434.00,38.10,92.80,1,-1,-1,-1
143,189,439.00,520.00,24.00,65.20,1,-1,-1,-1
143,192,1245.00,535.00,30.20,74.30,1,-1,-1,-1
143,201,481.00,531.00,25.30,65.40,1,-1,-1,-1
143,208,1050.00,517.00,19.10,51.80,1,-1,-1,-1
143,210,1379.00,525.00,30.40,64.20,1,-1,-1,-1
143,226,1551.00,554.00,41.50,110.20,1,-1,-1,-1
143,230,1172.00,520.00,24.30,59.80,1,-1,-1,-1
143,240,389.00,528.00,24.90,72.10,1,-1,-1,-1
143,260,699.00,506.00,14.00,33.00,1,-1,-1,-1
143,262,1200.00,520.00,19.90,55.40,1,-1,-1,-1
143,267,690.00,505.00,15.10,32.00,1,-1,-1,-1
143,268,1185.00,516.00,23.80,59.20,1,-1,-1,-1
143,269,1358.00,529.00,26.50,61.10,1,-1,-1,-1
144,8,1698.00,560.00,51.70,122.60,1,-1,-1,-1
144,15,85.00,580.00,47.60,141.70,1,-1,-1,-1
144,28,991.00,503.00,20.90,48.20,1,-1,-1,-1
144,108,1068.00,517.00,21.10,52.50,1,-1,-1,-1
144,141,417.00,525.00,24.60,68.60,1,-1,-1,-1
144,164,1327.00,534.00,23.10,53.70,1,-1,-1,-1
144,180,1110.00,438.00,40.80,88.70,1,-1,-1,-1
144,189,430.00,525.00,24.60,63.30,1,-1,-1,-1
144,192,1241.00,535.00,32.90,83.60,1,-1,-1,-1
144,201,476.00,530.00,23.90,66.50,1,-1,-1,-1
144,208,1049.00,513.00,20.20,55.60,1,-1,-1,-1
144,210,1375.00,522.00,28.90,65.00,1,-1,-1,-1
144,226,1553.00,556.00,42.30,112.60,1,-1,-1,-1
144,230,1177.00,517.00,23.50,59.30,1,-1,-1,-1
144,240,387.00,533.00,25.10,65.80,1,-1,-1,-1
144,262,1192.00,513.00,21.90,62.70,1,-1,-1,-1
144,267,692.00,509.00,13.60,32.30,1,-1,-1,-1
144,269,1356.00,531.00,23.40,53.40,1,-1,-1,-1
144,270,1168.00,525.00,20.60,50.10,1,-1,-1,-1
144,271,410.00,534.00,18.90,52.60,1,-1,-1,-1
144,272,1057.00,520.00,22.70,53.60,1,-1,-1,-1
144,273,685.00,504.00,16.20,40.90,1,-1,-1,-1
145,8,1692.00,563.00,49.40,127.90,1,-1,-1,-1
145,15,79.00,576.00,44.90,145.40,1,-1,-1,-1
145,28,989.00,508.00,17.70,41.90,1,-1,-1,-1
145,108,1063.00,522.00,21.30,50.90,1,-1,-1,-1
145,141,427.00,523.00,22.10,64.40,1,-1,-1,-1
145,164,1327.00,530.00,20.40,54.10,1,-1,-1,-1
145,180,1106.00,440.00,42.30,82.90,1,-1,-1,-1
145,192,1238.00,535.00,34.20,83.80,1,-1,-1,-1
145,201,474.00,531.00,25.10,63.60,1,-1,-1,-1
145,208,1047.00,522.00,17.20,47.30,1,-1,-1,-1
145,210,1369.00,525.00,27.60,68.50,1,-1,-1,-1
145,226,1544.00,553.00,48.50,114.80,1,-1,-1,-1
145,230,1181.00,515.00,23.90,60.40,1,-1,-1,-1
145,240,383.00,533.00,24.00,62.00,1,-1,-1,-1
145,267,686.00,508.00,15.30,36.20,1,-1,-1,-1
145,269,1354.00,530.00,25.90,60.10,1,-1,-1,-1
145,270,1165.00,524.00,22.40,55.00,1,-1,-1,-1
145,271,402.00,528.00,21.40,57.60,1,-1,-1,-1
146,8,1693.00,562.00,49.40,124.10,1,-1,-1,-1
146,15,68.00,570.00,49.20,146.30,1,-1,-1,-1
146,28,983.00,505.00,18.60,42.80,1,-1,-1,-1
146,108,1059.00,521.00,22.60,53.10,1,-1,-1,-1
146,141,423.00,525.00,23.90,61.60,1,-1,-1,-1
146,164,1325.00,532.00,19.90,56.30,1,-1,-1,-1
146,180,1099.00,435.00,43.90,91.10,1,-1,-1,-1
146,192,1239.00,536.00,31.90,80.20,1,-1,-1,-1
146,201,472.00,533.00,23.20,64.80,1,-1,-1,-1
146,208,1046.00,517.00,20.70,54.10,1,-1,-1,-1
146,210,1359.00,525.00,28.20,67.70,1,-1,-1,-1
146,226,1537.00,548.00,45.90,122.50,1,-1,-1,-1
146,230,1181.00,520.00,22.60,55.10,1,-1,-1,-1
146,240,376.00,526.00,26.00,73.10,1,-1,-1,-1
146,269,1349.00,532.00,22.20,52.50,1,-1,-1,-1
146,270,1161.00,522.00,23.20,57.10,1,-1,-1,-1
146,271,399.00,526.00,23.10,62.30,1,-1,-1,-1
146,274,678.00,506.00,13.50,32.80,1,-1,-1,-1
147,8,1688.00,568.00,51.10,122.10,1,-1,-1,-1
147,15,57.00,571.00,49.50,147.30,1,-1,-1,-1
147,28,983.00,506.00,19.10,46.90,1,-1,-1,-1
147,108,1055.00,525.00,21.20,52.30,1,-1,-1,-1
147,141,413.00,523.00,23.90,67.00,1,-1,-1,-1
147,164,1326.00,533.00,19.10,54.40,1,-1,-1,-1
147,180,1095.00,438.00,46.90,91.50,1,-1,-1,-1
147,192,1237.00,540.00,28.10,74.90,1,-1,-1,-1
147,201,466.00,533.00,23.60,63.30,1,-1,-1,-1
147,208,1040.00,519.00,20.80,58.60,1,-1,-1,-1
147,210,1362.00,524.00,29.60,65.00,1,-1,-1,-1
147,226,1537.00,546.00,54.30,116.70,1,-1,-1,-1
147,230,1175.00,521.00,22.80,57.50,1,-1,-1,-1
147,240,373.00,529.00,25.20,71.00,1,-1,-1,-1
147,269,1345.00,535.00,22.70,52.20,1,-1,-1,-1
147,270,1159.00,521.00,22.80,60.90,1,-1,-1,-1
147,271,393.00,533.00,21.30,53.20,1,-1,-1,-1
147,274,678.00,509.00,14.20,32.20,1,-1,-1,-1
147,275,1188.00,516.00,22.50,62.30,1,-1,-1,-1
147,276,672.00,504.00,16.60,41.70,1,-1,-1,-1
148,8,1680.00,563.00,55.40,119.90,1,-1,-1,-1
148,15,52.00,580.00,47.40,144.80,1,-1,-1,-1
148,28,976.00,504.00,18.50,44.10,1,-1,-1,-1
148,108,1051.00,520.00,22.40,55.90,1,-1,-1,-1
148,141,412.00,526.00,23.30,62.30,1,-1,-1,-1
148,164,1323.00,533.00,19.80,54.20,1,-1,-1,-1
148,180,1092.00,440.00,44.00,88.60,1,-1,-1,-1
148,192,1231.00,543.00,32.20,73.30,1,-1,-1,-1
148,201,462.00,535.00,22.60,63.70,1,-1,-1,-1
148,208,1039.00,525.00,19.50,48.40,1,-1,-1,-1
148,210,1346.00,524.00,40.90,72.30,1,-1,-1,-1
148,226,1532.00,559.00,45.10,115.60,1,-1,-1,-1
148,230,1175.00,520.00,23.50,59.40,1,-1,-1,-1
148,240,365.00,531.00,25.80,66.40,1,-1,-1,-1
148,269,1340.00,532.00,22.60,52.10,1,-1,-1,-1
148,270,1161.00,520.00,23.90,60.00,1,-1,-1,-1
148,271,386.00,525.00,24.30,66.30,1,-1,-1,-1
148,274,672.00,510.00,13.90,30.80,1,-1,-1,-1
148,277,1150.00,525.00,22.80,56.80,1,-1,-1,-1
149,8,1679.00,564.00,46.60,121.10,1,-1,-1,-1
149,15,44.00,586.00,47.40,135.50,1,-1,-1,-1
149,28,973.00,501.00,19.30,48.80,1,-1,-1,-1
149,108,1049.00,520.00,23.50,56.90,1,-1,-1,-1
149,141,413.00,526.00,23.80,72.70,1,-1,-1,-1
149,164,1315.00,529.00,20.40,56.60,1,-1,-1,-1
149,180,1092.00,438.00,43.60,90.90,1,-1,-1,-1
149,192,1232.00,544.00,28.50,70.00,1,-1,-1,-1
149,201,455.00,532.00,25.50,68.60,1,-1,-1,-1
149,208,1033.00,516.00,22.00,56.90,1,-1,-1,-1
149,210,1339.00,528.00,27.70,63.40,1,-1,-1,-1
149,226,1522.00,552.00,51.20,120.30,1,-1,-1,-1
149,230,1171.00,520.00,21.40,56.60,1,-1,-1,-1
149,240,361.00,531.00,24.10,66.40,1,-1,-1,-1
149,270,1157.00,515.00,25.90,64.20,1,-1,-1,-1
149,271,384.00,534.00,22.50,58.20,1,-1,-1,-1
149,274,671.00,506.00,14.70,31.90,1,-1,-1,-1
149,277,1144.00,518.00,22.80,60.70,1,-1,-1,-1
149,278,401.00,528.00,23.10,59.90,1,-1,-1,-1
149,279,662.00,508.00,14.30,33.50,1,-1,-1,-1
150,8,1683.00,561.00,45.80,130.50,1,-1,-1,-1
150,15,34.00,588.00,46.70,134.30,1,-1,-1,-1
150,28,971.00,508.00,18.40,42.50,1,-1,-1,-1
150,108,1049.00,520.00,24.70,57.10,1,-1,-1,-1
150,164,1320.00,527.00,20.90,60.30,1,-1,-1,-1
150,180,1087.00,435.00,42.40,89.00,1,-1,-1,-1
150,192,1228.00,544.00,31.40,76.90,1,-1,-1,-1
150,201,449.00,529.00,27.40,74.80,1,-1,-1,-1
150,208,1032.00,519.00,22.30,58.20,1,-1,-1,-1
150,210,1338.00,522.00,33.30,71.00,1,-1,-1,-1
150,226,1516.00,556.00,49.70,118.40,1,-1,-1,-1
150,230,1166.00,518.00,22.10,57.70,1,-1,-1,-1
150,240,354.00,529.00,25.60,69.70,1,-1,-1,-1
150,270,1148.00,518.00,24.30,62.90,1,-1,-1,-1
150,271,375.00,528.00,23.40,63.70,1,-1,-1,-1
150,274,665.00,510.00,15.30,33.80,1,-1,-1,-1
150,278,398.00,527.00,23.30,63.60,1,-1,-1,-1
150,279,656.00,511.00,13.80,30.30,1,-1,-1,-1
150,280,1307.00,527.00,23.00,66.30,1,-1,-1,-1
150,281,1335.00,533.00,19.80,47.80,1,-1,-1,-1
151,8,1680.00,565.00,46.20,123.90,1,-1,-1,-1
151,15,20.00,592.00,51.20,136.40,1,-1,-1,-1
151,28,964.00,505.00,19.60,48.10,1,-1,-1,-1
151,108,1039.00,522.00,23.20,58.20,1,-1,-1,-1
151,164,1316.00,529.00,22.60,58.20,1,-1,-1,-1
151,180,1080.00,440.00,43.20,89.90,1,-1,-1,-1
151,192,1225.00,540.00,33.70,79.40,1,-1,-1,-1
151,201,443.00,534.00,28.80,69.90,1,-1,-1,-1
151,208,1027.00,513.00,21.70,62.40,1,-1,-1,-1
151,210,1329.00,521.00,45.90,74.10,1,-1,-1,-1
151,226,1514.00,555.00,51.60,120.10,1,-1,-1,-1
151,230,1162.00,517.00,22.70,61.10,1,-1,-1,-1
151,240,350.00,534.00,22.80,65.60,1,-1,-1,-1
151,270,1144.00,523.00,24.50,61.00,1,-1,-1,-1
151,271,372.00,532.00,22.40,61.40,1,-1,-1,-1
151,278,392.00,525.00,25.70,69.30,1,-1,-1,-1
151,279,653.00,511.00,13.80,36.30,1,-1,-1,-1
151,280,1304.00,532.00,18.60,55.40,1,-1,-1,-1
151,281,1331.00,531.00,25.60,61.50,1,-1,-1,-1
151,282,1291.00,528.00,20.50,68.50,1,-1,-1,-1
152,8,1678.00,568.00,46.10,115.10,1,-1,-1,-1
152,15,12.00,597.00,49.90,127.10,1,-1,-1,-1
152,28,964.00,507.00,19.50,44.90,1,-1,-1,-1
152,108,1036.00,524.00,21.20,51.50,1,-1,-1,-1
152,180,1076.00,436.00,46.60,92.70,1,-1,-1,-1
152,192,1224.00,543.00,30.30,76.10,1,-1,-1,-1
152,201,439.00,533.00,24.20,69.90,1,-1,-1,-1
152,208,1023.00,522.00,21.20,55.80,1,-1,-1,-1
152,210,1330.00,525.00,32.60,73.20,1,-1,-1,-1
152,226,1505.00,552.00,48.80,118.70,1,-1,-1,-1
152,230,1167.00,519.00,22.70,57.10,1,-1,-1,-1
152,240,343.00,536.00,25.30,65.80,1,-1,-1,-1
152,270,1141.00,521.00,22.40,57.00,1,-1,-1,-1
152,271,362.00,537.00,23.10,56.90,1,-1,-1,-1
152,278,383.00,530.00,25.60,65.10,1,-1,-1,-1
152,279,655.00,514.00,14.80,35.90,1,-1,-1,-1
152,280,1298.00,530.00,20.40,52.90,1,-1,-1,-1
152,283,646.00,510.00,15.50,36.00,1,-1,-1,-1
152,284,1156.00,515.00,22.70,58.10,1,-1,-1,-1
153,8,1675.00,561.00,44.10,117.90,1,-1,-1,-1
153,15,2.00,601.00,47.30,124.50,1,-1,-1,-1
153,28,956.00,505.00,21.40,50.80,1,-1,-1,-1
153,108,1033.00,518.00,23.30,57.90,1,-1,-1,-1
153,180,1070.00,438.00,45.80,90.70,1,-1,-1,-1
153,192,1223.00,541.00,32.10,79.20,1,-1,-1,-1
153,201,433.00,533.00,25.20,68.40,1,-1,-1,-1
153,208,1017.00,514.00,24.50,64.90,1,-1,-1,-1
153,210,1322.00,520.00,33.20,75.00,1,-1,-1,-1
153,226,1506.00,555.00,46.20,117.90,1,-1,-1,-1
153,240,348.00,539.00,21.80,60.10,1,-1,-1,-1
153,270,1132.00,521.00,23.50,55.50,1,-1,-1,-1
153,271,360.00,533.00,21.30,61.30,1,-1,-1,-1
153,278,378.00,524.00,27.10,72.40,1,-1,-1,-1
153,279,649.00,507.00,16.00,40.70,1,-1,-1,-1
153,280,1294.00,536.00,23.10,56.40,1,-1,-1,-1
153,283,644.00,512.00,13.80,31.30,1,-1,-1,-1
153,284,1154.00,514.00,22.70,59.70,1,-1,-1,-1
153,285,332.00,532.00,24.90,74.20,1,-1,-1,-1
154,8,1665.00,558.00,56.40,121.80,1,-1,-1,-1
154,15,-2.00,609.00,37.40,125.10,1,-1,-1,-1
154,28,953.00,502.00,19.80,52.00,1,-1,-1,-1
154,108,1029.00,523.00,22.20,56.00,1,-1,-1,-1
154,180,1069.00,437.00,41.90,89.50,1,-1,-1,-1
154,192,1218.00,539.00,32.10,78.00,1,-1,-1,-1
154,201,425.00,535.00,24.40,71.70,1,-1,-1,-1
154,208,1012.00,518.00,21.50,55.80,1,-1,-1,-1
154,210,1320.00,522.00,27.30,66.00,1,-1,-1,-1
154,226,1498.00,555.00,47.20,119.00,1,-1,-1,-1
154,240,351.00,536.00,23.10,57.70,1,-1,-1,-1
154,270,1128.00,521.00,24.80,58.40,1,-1,-1,-1
154,278,372.00,526.00,25.90,68.30,1,-1,-1,-1
154,280,1304.00,532.00,21.90,56.80,1,-1,-1,-1
154,283,639.00,513.00,13.70,34.10,1,-1,-1,-1
154,284,1159.00,519.00,20.50,55.60,1,-1,-1,-1
154,285,329.00,536.00,22.10,67.10,1,-1,-1,-1
154,286,1149.00,520.00,20.50,51.90,1,-1,-1,-1
154,287,632.00,508.00,14.60,37.90,1,-1,-1,-1
155,8,1661.00,557.00,46.30,118.90,1,-1,-1,-1
155,28,950.00,504.00,20.10,46.90,1,-1,-1,-1
155,108,1025.00,517.00,23.20,61.40,1,-1,-1,-1
155,180,1061.00,435.00,44.10,94.20,1,-1,-1,-1
155,192,1213.00,539.00,33.90,75.20,1,-1,-1,-1
155,201,418.00,539.00,25.90,70.00,1,-1,-1,-1
155,208,1008.00,516.00,23.30,60.40,1,-1,-1,-1
155,210,1316.00,523.00,29.30,69.20,1,-1,-1,-1
155,226,1492.00,547.00,45.80,122.10,1,-1,-1,-1
155,240,345.00,535.00,21.70,59.40,1,-1,-1,-1
155,270,1124.00,515.00,24.20,66.00,1,-1,-1,-1
155,278,363.00,529.00,26.00,68.50,1,-1,-1,-1
155,283,634.00,512.00,14.30,30.60,1,-1,-1,-1
155,285,323.00,533.00,25.30,69.90,1,-1,-1,-1
155,286,1141.00,511.00,27.10,64.00,1,-1,-1,-1
155,287,626.00,513.00,15.00,32.80,1,-1,-1,-1
155,288,1282.00,526.00,21.60,59.30,1,-1,-1,-1
156,8,1658.00,568.00,42.00,104.00,1,-1,-1,-1
156,28,943.00,505.00,18.00,46.30,1,-1,-1,-1
156,108,1018.00,515.00,25.10,67.00,1,-1,-1,-1
156,180,1054.00,438.00,45.40,86.70,1,-1,-1,-1
156,192,1210.00,542.00,33.50,74.60,1,-1,-1,-1
156,201,414.00,535.00,24.70,70.90,1,-1,-1,-1
156,208,1004.00,519.00,22.10,59.60,1,-1,-1,-1
156,210,1308.00,519.00,28.50,73.20,1,-1,-1,-1
156,226,1480.00,550.00,47.20,122.40,1,-1,-1,-1
156,240,334.00,529.00,27.10,65.00,1,-1,-1,-1
156,270,1114.00,516.00,25.80,68.10,1,-1,-1,-1
156,278,360.00,531.00,27.60,72.10,1,-1,-1,-1
156,283,626.00,511.00,16.10,36.10,1,-1,-1,-1
156,285,312.00,538.00,27.30,71.10,1,-1,-1,-1
156,286,1138.00,515.00,23.70,61.10,1,-1,-1,-1
156,288,1275.00,520.00,25.50,73.30,1,-1,-1,-1
156,289,1258.00,535.00,27.00,67.90,1,-1,-1,-1
157,8,1649.00,554.00,49.40,118.70,1,-1,-1,-1
157,28,941.00,504.00,20.00,49.70,1,-1,-1,-1
157,108,1012.00,519.00,24.30,62.10,1,-1,-1,-1
157,180,1053.00,439.00,47.40,93.60,1,-1,-1,-1
157,192,1207.00,539.00,31.00,74.00,1,-1,-1,-1
157,201,408.00,542.00,25.40,65.50,1,-1,-1,-1
157,208,999.00,516.00,21.00,56.10,1,-1,-1,-1
157,210,1302.00,524.00,29.90,66.10,1,-1,-1,-1
157,226,1481.00,540.00,48.10,129.30,1,-1,-1,-1
157,240,328.00,542.00,20.00,60.40,1,-1,-1,-1
157,270,1112.00,519.00,23.80,61.00,1,-1,-1,-1
157,278,350.00,533.00,24.90,68.70,1,-1,-1,-1
157,283,621.00,513.00,14.40,32.90,1,-1,-1,-1
157,285,308.00,539.00,26.30,67.40,1,-1,-1,-1
157,286,1134.00,514.00,22.50,56.60,1,-1,-1,-1
157,288,1274.00,536.00,21.90,59.10,1,-1,-1,-1
157,289,1254.00,529.00,24.60,69.70,1,-1,-1,-1
157,290,1147.00,524.00,21.70,53.60,1,-1,-1,-1
158,8,1648.00,548.00,49.20,133.40,1,-1,-1,-1
158,28,937.00,506.00,20.50,49.80,1,-1,-1,-1
158,108,1010.00,523.00,21.80,54.70,1,-1,-1,-1
158,180,1050.00,435.00,46.30,94.90,1,-1,-1,-1
158,192,1204.00,538.00,31.30,81.60,1,-1,-1,-1
158,201,403.00,536.00,26.60,75.70,1,-1,-1,-1
158,208,997.00,518.00,20.10,55.20,1,-1,-1,-1
158,210,1300.00,520.00,30.20,69.00,1,-1,-1,-1
158,226,1470.00,542.00,54.30,127.60,1,-1,-1,-1
158,240,321.00,537.00,27.10,70.20,1,-1,-1,-1
158,270,1107.00,517.00,23.80,67.90,1,-1,-1,-1
158,278,342.00,536.00,23.90,69.60,1,-1,-1,-1
158,283,623.00,510.00,16.40,37.00,1,-1,-1,-1
158,285,302.00,540.00,24.70,68.90,1,-1,-1,-1
158,286,1128.00,516.00,23.80,60.60,1,-1,-1,-1
158,289,1260.00,528.00,20.60,56.40,1,-1,-1,-1
158,291,613.00,517.00,13.30,31.70,1,-1,-1,-1
158,292,616.00,507.00,14.70,37.20,1,-1,-1,-1
158,293,604.00,507.00,19.70,43.20,1,-1,-1,-1
159,8,1643.00,544.00,48.90,137.30,1,-1,-1,-1
159,28,933.00,507.00,18.80,48.50,1,-1,-1,-1
159,108,1005.00,521.00,23.00,58.90,1,-1,-1,-1
159,180,1047.00,428.00,42.20,106.00,1,-1,-1,-1
159,192,1200.00,534.00,32.50,83.60,1,-1,-1,-1
159,201,392.00,543.00,26.60,69.30,1,-1,-1,-1
159,208,994.00,516.00,21.30,59.90,1,-1,-1,-1
159,210,1293.00,520.00,28.70,66.70,1,-1,-1,-1
159,226,1471.00,538.00,45.50,126.50,1,-1,-1,-1
159,240,319.00,534.00,23.70,68.50,1,-1,-1,-1
159,270,1100.00,518.00,23.70,60.40,1,-1,-1,-1
159,278,338.00,533.00,26.30,71.90,1,-1,-1,-1
159,285,293.00,541.00,29.20,73.50,1,-1,-1,-1
159,286,1122.00,520.00,24.60,56.70,1,-1,-1,-1
159,289,1254.00,530.00,21.60,61.10,1,-1,-1,-1
159,291,615.00,512.00,13.90,33.30,1,-1,-1,-1
159,293,608.00,515.00,13.20,31.80,1,-1,-1,-1
159,294,1267.00,536.00,21.80,64.20,1,-1,-1,-1
159,295,600.00,511.00,14.50,36.10,1,-1,-1,-1
160,8,1639.00,549.00,45.70,124.40,1,-1,-1,-1
160,28,930.00,503.00,21.00,51.60,1,-1,-1,-1
160,108,1005.00,522.00,23.90,56.90,1,-1,-1,-1
160,180,1037.00,434.00,44.10,89.80,1,-1,-1,-1
160,192,1195.00,539.00,32.20,81.80,1,-1,-1,-1
160,201,391.00,542.00,24.80,71.80,1,-1,-1,-1
160,208,992.00,521.00,20.90,56.00,1,-1,-1,-1
160,210,1287.00,516.00,33.70,77.30,1,-1,-1,-1
160,226,1460.00,541.00,50.20,129.20,1,-1,-1,-1
160,240,313.00,545.00,22.80,60.50,1,-1,-1,-1
160,270,1098.00,521.00,22.60,58.90,1,-1,-1,-1
160,278,333.00,533.00,28.60,75.30,1,-1,-1,-1
160,285,293.00,544.00,25.40,72.00,1,-1,-1,-1
160,286,1120.00,519.00,26.10,59.80,1,-1,-1,-1
160,289,1256.00,527.00,25.20,66.30,1,-1,-1,-1
160,293,605.00,514.00,14.50,35.50,1,-1,-1,-1
160,295,597.00,513.00,15.20,34.30,1,-1,-1,-1
160,296,1244.00,527.00,23.80,71.40,1,-1,-1,-1
161,8,1642.00,548.00,45.90,120.80,1,-1,-1,-1
161,28,925.00,504.00,18.30,45.60,1,-1,-1,-1
161,108,997.00,517.00,23.90,66.30,1,-1,-1,-1
161,180,1039.00,430.00,42.70,96.00,1,-1,-1,-1
161,192,1199.00,538.00,35.00,78.40,1,-1,-1,-1
161,201,384.00,546.00,24.70,64.40,1,-1,-1,-1
161,208,986.00,520.00,20.30,57.40,1,-1,-1,-1
161,210,1281.00,518.00,33.20,76.20,1,-1,-1,-1
161,226,1457.00,540.00,51.10,131.40,1,-1,-1,-1
161,270,1093.00,519.00,22.70,64.80,1,-1,-1,-1
161,278,327.00,538.00,27.70,71.80,1,-1,-1,-1
161,285,287.00,542.00,26.10,71.00,1,-1,-1,-1
161,286,1115.00,519.00,27.10,59.50,1,-1,-1,-1
161,289,1251.00,531.00,20.20,61.30,1,-1,-1,-1
161,293,607.00,512.00,15.90,37.90,1,-1,-1,-1
161,295,599.00,516.00,15.10,33.70,1,-1,-1,-1
161,296,1236.00,526.00,27.30,75.40,1,-1,-1,-1
161,297,592.00,516.00,14.80,36.80,1,-1,-1,-1
162,8,1632.00,547.00,51.90,130.20,1,-1,-1,-1
162,28,919.00,501.00,21.10,55.00,1,-1,-1,-1
162,108,998.00,520.00,22.90,59.90,1,-1,-1,-1
162,180,1033.00,432.00,45.00,103.00,1,-1,-1,-1
162,192,1194.00,532.00,34.40,86.60,1,-1,-1,-1
162,201,379.00,546.00,25.40,66.50,1,-1,-1,-1
162,208,981.00,516.00,21.80,60.20,1,-1,-1,-1
162,210,1272.00,513.00,41.60,83.90,1,-1,-1,-1
162,226,1452.00,544.00,47.80,121.90,1,-1,-1,-1
162,270,1088.00,520.00,25.30,63.60,1,-1,-1,-1
162,278,324.00,540.00,24.30,64.60,1,-1,-1,-1
162,285,281.00,545.00,26.10,74.20,1,-1,-1,-1
162,286,1114.00,517.00,25.40,64.00,1,-1,-1,-1
162,289,1244.00,532.00,23.00,61.40,1,-1,-1,-1
162,293,602.00,515.00,15.90,36.50,1,-1,-1,-1
162,295,594.00,517.00,13.60,32.90,1,-1,-1,-1
162,298,297.00,539.00,24.00,70.50,1,-1,-1,-1
163,8,1628.00,541.00,51.40,147.90,1,-1,-1,-1
163,28,917.00,509.00,19.10,46.00,1,-1,-1,-1
163,108,992.00,519.00,24.30,65.40,1,-1,-1,-1
163,180,1023.00,431.00,50.90,96.90,1,-1,-1,-1
163,192,1188.00,536.00,35.30,87.80,1,-1,-1,-1
163,201,370.00,546.00,28.00,70.90,1,-1,-1,-1
163,208,978.00,525.00,22.40,53.20,1,-1,-1,-1
163,210,1265.00,514.00,39.10,83.70,1,-1,-1,-1
163,226,1449.00,547.00,41.80,118.60,1,-1,-1,-1
163,270,1083.00,521.00,22.70,58.40,1,-1,-1,-1
163,278,315.00,542.00,25.20,67.90,1,-1,-1,-1
163,285,278.00,546.00,26.00,70.60,1,-1,-1,-1
163,286,1105.00,520.00,28.60,63.50,1,-1,-1,-1
163,289,1236.00,530.00,25.80,69.50,1,-1,-1,-1
163,295,592.00,517.00,14.40,34.50,1,-1,-1,-1
163,299,585.00,518.00,12.60,30.00,1,-1,-1,-1
163,300,576.00,517.00,14.50,34.90,1,-1,-1,-1
164,8,1623.00,550.00,49.20,129.00,1,-1,-1,-1
164,28,918.00,505.00,18.90,48.90,1,-1,-1,-1
164,108,992.00,520.00,21.10,53.80,1,-1,-1,-1
164,180,1021.00,432.00,46.40,97.50,1,-1,-1,-1
164,192,1191.00,531.00,33.70,88.30,1,-1,-1,-1
164,201,367.00,547.00,27.50,66.40,1,-1,-1,-1
164,208,973.00,514.00,22.60,61.20,1,-1,-1,-1
164,210,1263.00,520.00,33.80,70.10,1,-1,-1,-1
164,226,1448.00,552.00,46.30,117.10,1,-1,-1,-1
164,270,1080.00,517.00,23.70,61.30,1,-1,-1,-1
164,278,313.00,544.00,22.90,62.90,1,-1,-1,-1
164,285,271.00,544.00,27.00,71.00,1,-1,-1,-1
164,286,1103.00,519.00,26.40,61.40,1,-1,-1,-1
164,289,1235.00,532.00,22.00,68.10,1,-1,-1,-1
164,299,583.00,516.00,14.30,33.30,1,-1,-1,-1
164,301,1245.00,525.00,25.00,68.70,1,-1,-1,-1
165,8,1633.00,556.00,45.60,120.10,1,-1,-1,-1
165,28,914.00,506.00,18.50,46.70,1,-1,-1,-1
165,108,990.00,526.00,19.30,51.40,1,-1,-1,-1
165,180,1020.00,430.00,46.50,102.00,1,-1,-1,-1
165,192,1186.00,530.00,36.70,96.60,1,-1,-1,-1
165,201,360.00,545.00,28.60,82.10,1,-1,-1,-1
165,208,974.00,520.00,20.30,56.10,1,-1,-1,-1
165,210,1260.00,520.00,32.30,75.30,1,-1,-1,-1
165,226,1436.00,548.00,49.90,120.70,1,-1,-1,-1
165,270,1085.00,520.00,24.20,60.10,1,-1,-1,-1
165,278,306.00,543.00,24.20,69.00,1,-1,-1,-1
165,285,265.00,548.00,23.60,69.00,1,-1,-1,-1
165,286,1099.00,519.00,24.20,57.90,1,-1,-1,-1
165,289,1235.00,534.00,21.10,62.50,1,-1,-1,-1
165,299,576.00,516.00,14.50,35.20,1,-1,-1,-1
165,301,1245.00,525.00,24.60,72.60,1,-1,-1,-1
165,302,1074.00,522.00,23.40,57.20,1,-1,-1,-1
165,303,568.00,516.00,13.60,31.40,1,-1,-1,-1
166,28,909.00,502.00,22.80,54.80,1,-1,-1,-1
166,108,985.00,523.00,20.40,51.70,1,-1,-1,-1
166,180,1012.00,429.00,54.40,103.10,1,-1,-1,-1
166,192,1182.00,533.00,41.10,94.90,1,-1,-1,-1
166,201,357.00,550.00,29.30,68.90,1,-1,-1,-1
166,208,966.00,519.00,19.90,58.70,1,-1,-1,-1
166,210,1252.00,512.00,36.20,83.80,1,-1,-1,-1
166,226,1433.00,547.00,47.20,123.20,1,-1,-1,-1
166,270,1093.00,522.00,27.00,59.30,1,-1,-1,-1
166,278,300.00,541.00,27.80,72.00,1,-1,-1,-1
166,285,257.00,549.00,27.90,70.70,1,-1,-1,-1
166,289,1240.00,534.00,20.90,57.70,1,-1,-1,-1
166,299,575.00,518.00,16.50,36.60,1,-1,-1,-1
166,302,1071.00,520.00,24.10,64.00,1,-1,-1,-1
166,303,569.00,521.00,13.30,33.20,1,-1,-1,-1
166,304,1610.00,550.00,42.90,122.00,1,-1,-1,-1
166,305,560.00,518.00,13.90,34.90,1,-1,-1,-1
166,306,1165.00,530.00,18.10,49.40,1,-1,-1,-1
167,28,905.00,506.00,21.70,51.90,1,-1,-1,-1
167,108,981.00,527.00,22.40,51.10,1,-1,-1,-1
167,180,1008.00,431.00,49.20,96.20,1,-1,-1,-1
167,192,1181.00,528.00,37.70,96.80,1,-1,-1,-1
167,201,355.00,549.00,24.40,68.00,1,-1,-1,-1
167,208,965.00,515.00,23.60,64.10,1,-1,-1,-1
167,210,1251.00,516.00,35.90,79.40,1,-1,-1,-1
167,226,1431.00,542.00,43.70,121.90,1,-1,-1,-1
167,270,1089.00,521.00,23.30,55.60,1,-1,-1,-1
167,278,294.00,539.00,26.70,74.80,1,-1,-1,-1
167,285,251.00,550.00,25.90,73.60,1,-1,-1,-1
167,289,1235.00,520.00,24.90,69.60,1,-1,-1,-1
167,299,572.00,518.00,13.70,29.30,1,-1,-1,-1
167,302,1066.00,519.00,28.00,67.50,1,-1,-1,-1
167,303,566.00,523.00,14.00,30.50,1,-1,-1,-1
167,304,1595.00,545.00,44.10,108.00,1,-1,-1,-1
167,307,1627.00,550.00,45.20,118.50,1,-1,-1,-1
168,28,904.00,503.00,22.10,50.30,1,-1,-1,-1
168,108,982.00,525.00,22.30,56.70,1,-1,-1,-1
168,180,1007.00,430.00,48.00,104.30,1,-1,-1,-1
168,192,1183.00,530.00,37.40,96.50,1,-1,-1,-1
168,201,346.00,544.00,27.30,75.30,1,-1,-1,-1
168,208,965.00,520.00,22.10,57.40,1,-1,-1,-1
168,210,1246.00,516.00,33.30,72.90,1,-1,-1,-1
168,226,1429.00,540.00,47.60,128.00,1,-1,-1,-1
168,270,1089.00,518.00,25.50,58.60,1,-1,-1,-1
168,278,286.00,541.00,26.50,71.90,1,-1,-1,-1
168,285,248.00,545.00,28.20,73.90,1,-1,-1,-1
168,289,1230.00,524.00,27.30,66.50,1,-1,-1,-1
168,299,569.00,513.00,16.30,41.50,1,-1,-1,-1
168,302,1065.00,519.00,24.10,68.30,1,-1,-1,-1
168,303,563.00,519.00,13.70,31.40,1,-1,-1,-1
168,307,1618.00,552.00,42.00,127.10,1,-1,-1,-1
168,308,555.00,519.00,13.10,29.20,1,-1,-1,-1
168,309,1217.00,540.00,24.40,62.10,1,-1,-1,-1
169,28,900.00,501.00,21.60,53.80,1,-1,-1,-1
169,108,977.00,526.00,21.50,55.00,1,-1,-1,-1
169,180,1004.00,429.00,47.70,105.90,1,-1,-1,-1
169,192,1184.00,533.00,38.50,93.80,1,-1,-1,-1
169,201,339.00,544.00,29.20,75.60,1,-1,-1,-1
169,208,960.00,521.00,19.60,57.30,1,-1,-1,-1
169,210,1247.00,515.00,30.20,71.00,1,-1,-1,-1
169,226,1421.00,540.00,43.90,120.50,1,-1,-1,-1
169,270,1084.00,520.00,23.00,55.10,1,-1,-1,-1
169,278,278.00,540.00,28.80,72.20,1,-1,-1,-1
169,285,243.00,550.00,28.90,74.50,1,-1,-1,-1
169,289,1229.00,525.00,26.70,67.00,1,-1,-1,-1
169,302,1062.00,523.00,24.40,62.60,1,-1,-1,-1
169,303,560.00,518.00,14.10,33.60,1,-1,-1,-1
169,307,1617.00,562.00,42.60,108.20,1,-1,-1,-1
169,308,555.00,518.00,12.30,30.10,1,-1,-1,-1
169,309,1215.00,541.00,22.20,57.90,1,-1,-1,-1
169,310,1596.00,547.00,45.30,111.40,1,-1,-1,-1
170,28,897.00,502.00,21.70,50.40,1,-1,-1,-1
170,108,973.00,531.00,21.90,51.70,1,-1,-1,-1
170,180,1000.00,431.00,52.70,96.70,1,-1,-1,-1
170,192,1181.00,537.00,37.70,87.60,1,-1,-1,-1
170,201,338.00,550.00,26.60,65.40,1,-1,-1,-1
170,208,961.00,520.00,22.60,59.70,1,-1,-1,-1
170,210,1241.00,510.00,31.20,79.70,1,-1,-1,-1
170,226,1420.00,543.00,44.00,118.60,1,-1,-1,-1
170,270,1079.00,515.00,25.60,62.90,1,-1,-1,-1
170,278,279.00,543.00,23.80,68.00,1,-1,-1,-1
170,285,235.00,544.00,30.90,78.70,1,-1,-1,-1
170,289,1222.00,541.00,25.50,60.60,1,-1,-1,-1
170,302,1061.00,521.00,22.70,61.60,1,-1,-1,-1
170,303,553.00,518.00,13.80,33.70,1,-1,-1,-1
170,307,1613.00,556.00,48.80,111.80,1,-1,-1,-1
170,309,1203.00,527.00,30.00,79.00,1,-1,-1,-1
170,311,264.00,542.00,28.80,70.30,1,-1,-1,-1
171,28,896.00,501.00,21.90,54.00,1,-1,-1,-1
171,108,973.00,527.00,20.20,53.80,1,-1,-1,-1
171,180,994.00,428.00,57.00,104.70,1,-1,-1,-1
171,192,1178.00,532.00,38.30,94.40,1,-1,-1,-1
171,201,334.00,549.00,28.20,69.70,1,-1,-1,-1
171,208,957.00,522.00,22.30,56.80,1,-1,-1,-1
171,226,1418.00,541.00,44.70,122.10,1,-1,-1,-1
171,270,1075.00,517.00,27.10,66.00,1,-1,-1,-1
171,278,270.00,537.00,28.10,71.60,1,-1,-1,-1
171,285,228.00,546.00,30.40,77.30,1,-1,-1,-1
171,289,1216.00,538.00,25.80,64.60,1,-1,-1,-1
171,302,1056.00,522.00,22.40,60.90,1,-1,-1,-1
171,303,551.00,515.00,12.90,35.90,1,-1,-1,-1
171,307,1618.00,553.00,43.20,112.80,1,-1,-1,-1
171,309,1207.00,544.00,23.10,59.10,1,-1,-1,-1
171,312,542.00,517.00,12.90,32.70,1,-1,-1,-1
171,313,558.00,516.00,13.40,32.70,1,-1,-1,-1
172,28,894.00,505.00,17.50,45.90,1,-1,-1,-1
172,180,995.00,423.00,52.30,111.30,1,-1,-1,-1
172,192,1178.00,531.00,39.10,99.90,1,-1,-1,-1
172,201,330.00,549.00,27.40,66.60,1,-1,-1,-1
172,208,955.00,518.00,25.50,60.20,1,-1,-1,-1
172,226,1410.00,540.00,45.10,122.30,1,-1,-1,-1
172,270,1071.00,517.00,26.40,64.10,1,-1,-1,-1
172,278,266.00,539.00,27.10,74.10,1,-1,-1,-1
172,285,226.00,550.00,25.00,70.40,1,-1,-1,-1
172,289,1205.00,521.00,33.00,97.50,1,-1,-1,-1
172,302,1051.00,523.00,23.70,62.90,1,-1,-1,-1
172,303,551.00,516.00,12.20,33.00,1,-1,-1,-1
172,307,1609.00,537.00,50.70,136.30,1,-1,-1,-1
172,309,1207.00,547.00,25.10,63.00,1,-1,-1,-1
172,312,543.00,514.00,13.60,33.90,1,-1,-1,-1
172,314,251.00,547.00,28.10,71.70,1,-1,-1,-1
173,28,891.00,504.00,19.70,46.80,1,-1,-1,-1
173,180,995.00,425.00,47.90,106.30,1,-1,-1,-1
173,192,1180.00,532.00,39.70,100.00,1,-1,-1,-1
173,201,325.00,549.00,27.10,66.60,1,-1,-1,-1
173,208,949.00,519.00,23.00,63.40,1,-1,-1,-1
173,226,1407.00,545.00,45.80,124.30,1,-1,-1,-1
173,270,1069.00,516.00,25.40,63.20,1,-1,-1,-1
173,278,260.00,540.00,26.60,75.60,1,-1,-1,-1
173,285,223.00,544.00,29.40,78.10,1,-1,-1,-1
173,289,1212.00,552.00,21.60,57.00,1,-1,-1,-1
173,302,1048.00,521.00,22.90,64.50,1,-1,-1,-1
173,307,1610.00,527.00,50.00,146.10,1,-1,-1,-1
173,312,543.00,514.00,14.00,34.80,1,-1,-1,-1
173,314,243.00,542.00,24.20,69.30,1,-1,-1,-1
173,315,534.00,518.00,13.90,31.80,1,-1,-1,-1
173,316,967.00,526.00,21.30,53.10,1,-1,-1,-1
174,28,889.00,506.00,19.80,50.00,1,-1,-1,-1
174,180,988.00,430.00,56.90,111.90,1,-1,-1,-1
174,192,1178.00,529.00,38.30,96.70,1,-1,-1,-1
174,201,317.00,546.00,27.80,70.60,1,-1,-1,-1
174,208,952.00,519.00,23.60,60.40,1,-1,-1,-1
174,226,1401.00,542.00,46.80,119.60,1,-1,-1,-1
174,270,1065.00,514.00,26.10,64.30,1,-1,-1,-1
174,278,252.00,540.00,27.00,71.20,1,-1,-1,-1
174,285,221.00,548.00,26.80,70.40,1,-1,-1,-1
174,289,1209.00,553.00,24.30,61.80,1,-1,-1,-1
174,302,1047.00,513.00,25.80,69.10,1,-1,-1,-1
174,307,1608.00,557.00,48.70,125.00,1,-1,-1,-1
174,312,537.00,514.00,14.00,38.50,1,-1,-1,-1
174,315,532.00,514.00,12.20,32.10,1,-1,-1,-1
174,316,966.00,525.00,21.90,53.60,1,-1,-1,-1
175,28,883.00,505.00,20.20,45.80,1,-1,-1,-1
175,180,983.00,424.00,57.30,112.80,1,-1,-1,-1
175,192,1182.00,534.00,37.70,94.00,1,-1,-1,-1
175,201,314.00,545.00,26.90,67.60,1,-1,-1,-1
175,208,951.00,519.00,23.10,59.90,1,-1,-1,-1
175,226,1399.00,545.00,47.90,117.60,1,-1,-1,-1
175,270,1060.00,519.00,25.30,61.90,1,-1,-1,-1
175,278,249.00,535.00,27.30,74.30,1,-1,-1,-1
175,285,211.00,546.00,28.80,70.90,1,-1,-1,-1
175,289,1210.00,555.00,22.50,55.00,1,-1,-1,-1
175,302,1045.00,519.00,23.10,63.80,1,-1,-1,-1
175,307,1615.00,547.00,49.00,130.20,1,-1,-1,-1
175,312,537.00,517.00,12.90,34.20,1,-1,-1,-1
175,315,531.00,512.00,12.30,33.50,1,-1,-1,-1
175,317,1161.00,533.00,39.00,89.50,1,-1,-1,-1
176,28,884.00,505.00,19.30,46.90,1,-1,-1,-1
176,180,979.00,428.00,58.50,105.90,1,-1,-1,-1
176,192,1175.00,537.00,36.90,96.70,1,-1,-1,-1
176,201,313.00,545.00,29.10,72.90,1,-1,-1,-1
176,208,947.00,524.00,21.40,53.80,1,-1,-1,-1
176,226,1386.00,548.00,55.70,121.10,1,-1,-1,-1
176,270,1055.00,519.00,27.70,58.70,1,-1,-1,-1
176,278,244.00,541.00,26.40,71.30,1,-1,-1,-1
176,285,213.00,550.00,29.50,69.40,1,-1,-1,-1
176,289,1200.00,528.00,31.50,83.00,1,-1,-1,-1
176,302,1043.00,516.00,21.60,64.70,1,-1,-1,-1
176,307,1609.00,560.00,44.70,121.40,1,-1,-1,-1
176,312,535.00,514.00,13.10,35.10,1,-1,-1,-1
176,315,525.00,512.00,12.70,33.90,1,-1,-1,-1
176,318,962.00,526.00,20.70,54.80,1,-1,-1,-1
176,319,230.00,541.00,23.20,69.60,1,-1,-1,-1
176,320,516.00,514.00,14.50,37.50,1,-1,-1,-1
177,28,882.00,502.00,19.80,49.70,1,-1,-1,-1
177,180,984.00,431.00,49.90,107.30,1,-1,-1,-1
177,192,1174.00,537.00,36.10,91.20,1,-1,-1,-1
177,201,306.00,542.00,28.30,72.10,1,-1,-1,-1
177,208,944.00,523.00,24.00,59.30,1,-1,-1,-1
177,226,1391.00,542.00,49.70,121.20,1,-1,-1,-1
177,270,1053.00,518.00,25.70,59.90,1,-1,-1,-1
177,278,233.00,536.00,28.60,73.20,1,-1,-1,-1
177,285,202.00,547.00,28.70,70.60,1,-1,-1,-1
177,302,1037.00,521.00,24.10,65.00,1,-1,-1,-1
177,307,1615.00,554.00,48.90,120.90,1,-1,-1,-1
177,312,529.00,512.00,13.10,34.60,1,-1,-1,-1
177,315,519.00,516.00,14.30,34.60,1,-1,-1,-1
177,321,1146.00,530.00,20.80,57.60,1,-1,-1,-1
178,28,877.00,507.00,19.00,46.80,1,-1,-1,-1
178,180,980.00,426.00,48.20,109.30,1,-1,-1,-1
178,192,1176.00,537.00,36.80,96.10,1,-1,-1,-1
178,201,301.00,546.00,29.00,74.50,1,-1,-1,-1
178,208,941.00,518.00,22.10,58.40,1,-1,-1,-1
178,226,1388.00,544.00,47.10,116.70,1,-1,-1,-1
178,270,1053.00,519.00,24.70,63.70,1,-1,-1,-1
178,278,231.00,538.00,26.60,74.30,1,-1,-1,-1
178,285,197.00,548.00,28.50,68.30,1,-1,-1,-1
178,302,1035.00,521.00,22.90,63.80,1,-1,-1,-1
178,307,1616.00,552.00,42.90,126.40,1,-1,-1,-1
178,315,521.00,514.00,14.10,37.10,1,-1,-1,-1
178,322,1197.00,529.00,31.20,82.30,1,-1,-1,-1
178,323,512.00,510.00,17.10,42.50,1,-1,-1,-1
179,28,875.00,504.00,20.30,47.10,1,-1,-1,-1
179,180,978.00,423.00,49.40,113.70,1,-1,-1,-1
179,192,1168.00,532.00,40.30,100.90,1,-1,-1,-1
179,201,295.00,545.00,29.30,73.10,1,-1,-1,-1
179,208,936.00,521.00,23.10,59.80,1,-1,-1,-1
179,226,1389.00,553.00,45.00,114.70,1,-1,-1,-1
179,270,1051.00,516.00,23.40,62.80,1,-1,-1,-1
179,278,227.00,537.00,29.30,80.80,1,-1,-1,-1
179,285,192.00,547.00,30.30,73.90,1,-1,-1,-1
179,302,1033.00,519.00,24.20,64.50,1,-1,-1,-1
179,307,1615.00,552.00,46.50,126.20,1,-1,-1,-1
179,315,519.00,517.00,13.50,36.00,1,-1,-1,-1
179,323,511.00,517.00,15.40,37.00,1,-1,-1,-1
179,324,950.00,523.00,24.30,61.10,1,-1,-1,-1
180,28,874.00,507.00,20.90,51.00,1,-1,-1,-1
180,180,977.00,430.00,49.90,106.20,1,-1,-1,-1
180,192,1175.00,534.00,33.90,96.50,1,-1,-1,-1
180,201,292.00,549.00,28.50,70.00,1,-1,-1,-1
180,208,937.00,521.00,20.70,53.90,1,-1,-1,-1
180,226,1383.00,545.00,49.80,126.40,1,-1,-1,-1
180,270,1044.00,517.00,26.10,66.50,1,-1,-1,-1
180,278,221.00,538.00,28.60,75.20,1,-1,-1,-1
180,285,189.00,550.00,27.60,74.80,1,-1,-1,-1
180,302,1030.00,520.00,25.70,64.00,1,-1,-1,-1
180,307,1612.00,551.00,51.50,128.50,1,-1,-1,-1
180,315,513.00,515.00,13.40,35.20,1,-1,-1,-1
180,324,946.00,522.00,25.70,56.80,1,-1,-1,-1
180,325,1156.00,525.00,36.80,99.40,1,-1,-1,-1
181,28,869.00,507.00,18.80,46.50,1,-1,-1,-1
181,180,969.00,422.00,56.50,121.60,1,-1,-1,-1
181,192,1176.00,544.00,34.20,89.70,1,-1,-1,-1
181,201,290.00,548.00,26.50,67.60,1,-1,-1,-1
181,208,934.00,528.00,21.80,52.70,1,-1,-1,-1
181,226,1384.00,548.00,47.30,124.30,1,-1,-1,-1
181,270,1048.00,514.00,26.50,67.80,1,-1,-1,-1
181,278,229.00,543.00,25.30,67.50,1,-1,-1,-1
181,285,180.00,551.00,28.30,70.70,1,-1,-1,-1
181,302,1028.00,520.00,24.60,64.10,1,-1,-1,-1
181,307,1606.00,556.00,60.10,119.40,1,-1,-1,-1
181,315,507.00,518.00,15.10,35.40,1,-1,-1,-1
181,324,943.00,515.00,24.90,68.50,1,-1,-1,-1
181,325,1165.00,525.00,29.00,88.30,1,-1,-1,-1
181,326,213.00,541.00,27.90,78.60,1,-1,-1,-1
181,327,500.00,502.00,22.20,49.40,1,-1,-1,-1
182,28,869.00,508.00,18.80,45.00,1,-1,-1,-1
182,180,969.00,425.00,51.40,115.90,1,-1,-1,-1
182,192,1174.00,536.00,38.70,100.30,1,-1,-1,-1
182,201,285.00,549.00,28.90,74.40,1,-1,-1,-1
182,208,931.00,524.00,23.50,56.60,1,-1,-1,-1
182,226,1373.00,548.00,48.90,121.30,1,-1,-1,-1
182,270,1045.00,521.00,25.20,61.70,1,-1,-1,-1
182,285,178.00,553.00,28.00,69.00,1,-1,-1,-1
182,302,1023.00,516.00,27.80,72.20,1,-1,-1,-1
182,307,1609.00,552.00,59.20,136.20,1,-1,-1,-1
182,315,504.00,515.00,13.40,34.20,1,-1,-1,-1
182,326,213.00,542.00,25.60,72.30,1,-1,-1,-1
182,327,499.00,503.00,19.80,52.00,1,-1,-1,-1
183,28,868.00,505.00,19.20,48.90,1,-1,-1,-1
183,180,967.00,423.00,58.40,113.20,1,-1,-1,-1
183,192,1168.00,543.00,39.10,97.00,1,-1,-1,-1
183,201,284.00,549.00,27.90,73.40,1,-1,-1,-1
183,208,932.00,525.00,21.10,56.90,1,-1,-1,-1
183,226,1372.00,544.00,46.30,122.20,1,-1,-1,-1
183,270,1041.00,519.00,23.40,65.10,1,-1,-1,-1
183,285,174.00,552.00,30.30,70.40,1,-1,-1,-1
183,302,1022.00,521.00,22.60,62.50,1,-1,-1,-1
183,307,1612.00,559.00,49.90,124.80,1,-1,-1,-1
183,315,496.00,509.00,18.40,42.40,1,-1,-1,-1
183,326,205.00,539.00,29.00,78.10,1,-1,-1,-1
184,28,866.00,508.00,17.90,47.50,1,-1,-1,-1
184,180,961.00,425.00,58.30,118.70,1,-1,-1,-1
184,192,1172.00,547.00,37.30,90.70,1,-1,-1,-1
184,201,272.00,550.00,30.40,75.70,1,-1,-1,-1
184,208,928.00,526.00,24.10,58.10,1,-1,-1,-1
184,226,1374.00,545.00,48.30,125.00,1,-1,-1,-1
184,270,1038.00,520.00,26.30,67.00,1,-1,-1,-1
184,285,170.00,557.00,27.90,67.20,1,-1,-1,-1
184,302,1017.00,520.00,23.60,63.20,1,-1,-1,-1
184,307,1612.00,558.00,55.60,123.90,1,-1,-1,-1
184,315,499.00,512.00,16.70,38.50,1,-1,-1,-1
184,326,200.00,541.00,26.90,73.00,1,-1,-1,-1
184,328,494.00,518.00,13.50,32.00,1,-1,-1,-1
184,329,1148.00,527.00,32.80,81.10,1,-1,-1,-1
184,330,492.00,509.00,18.60,48.10,1,-1,-1,-1
185,28,863.00,509.00,18.50,49.10,1,-1,-1,-1
185,180,959.00,434.00,51.30,116.70,1,-1,-1,-1
185,192,1169.00,536.00,40.50,101.60,1,-1,-1,-1
185,201,269.00,552.00,28.80,73.60,1,-1,-1,-1
185,208,927.00,523.00,23.80,61.80,1,-1,-1,-1
185,226,1368.00,544.00,54.30,127.60,1,-1,-1,-1
185,270,1040.00,521.00,24.00,64.60,1,-1,-1,-1
185,285,162.00,552.00,30.80,77.00,1,-1,-1,-1
185,302,1014.00,524.00,22.50,55.50,1,-1,-1,-1
185,307,1602.00,560.00,59.00,120.10,1,-1,-1,-1
185,315,496.00,516.00,13.90,37.00,1,-1,-1,-1
185,326,195.00,543.00,30.10,71.30,1,-1,-1,-1
185,329,1153.00,535.00,24.80,70.00,1,-1,-1,-1
185,331,1142.00,530.00,39.20,100.70,1,-1,-1,-1
186,28,860.00,509.00,19.80,49.80,1,-1,-1,-1
186,180,951.00,428.00,55.30,114.90,1,-1,-1,-1
186,192,1166.00,544.00,44.30,102.20,1,-1,-1,-1
186,201,266.00,551.00,30.30,76.90,1,-1,-1,-1
186,208,930.00,517.00,29.70,66.90,1,-1,-1,-1
186,226,1365.00,544.00,50.90,127.10,1,-1,-1,-1
186,270,1034.00,522.00,25.50,62.70,1,-1,-1,-1
186,285,162.00,560.00,28.20,69.00,1,-1,-1,-1
186,302,1013.00,526.00,23.40,61.50,1,-1,-1,-1
186,307,1608.00,563.00,54.50,122.50,1,-1,-1,-1
186,326,192.00,546.00,25.30,68.00,1,-1,-1,-1
186,329,1152.00,540.00,21.50,62.60,1,-1,-1,-1
186,331,1138.00,534.00,39.60,97.20,1,-1,-1,-1
186,332,921.00,522.00,21.70,62.50,1,-1,-1,-1
186,333,488.00,514.00,14.60,39.10,1,-1,-1,-1
186,334,481.00,516.00,17.10,44.30,1,-1,-1,-1
187,28,859.00,505.00,19.70,51.10,1,-1,-1,-1
187,180,945.00,431.00,58.10,114.90,1,-1,-1,-1
187,192,1166.00,541.00,43.00,113.00,1,-1,-1,-1
187,201,263.00,553.00,30.30,76.90,1,-1,-1,-1
187,208,928.00,515.00,30.80,70.70,1,-1,-1,-1
187,226,1366.00,548.00,50.60,126.90,1,-1,-1,-1
187,270,1035.00,522.00,22.60,59.80,1,-1,-1,-1
187,285,153.00,560.00,28.50,72.90,1,-1,-1,-1
187,302,1009.00,521.00,25.40,65.40,1,-1,-1,-1
187,307,1605.00,556.00,53.60,120.30,1,-1,-1,-1
187,326,185.00,547.00,27.90,78.40,1,-1,-1,-1
187,329,1154.00,536.00,22.40,64.30,1,-1,-1,-1
187,331,1136.00,522.00,36.50,86.00,1,-1,-1,-1
187,332,924.00,525.00,22.20,57.40,1,-1,-1,-1
187,333,489.00,522.00,14.00,32.90,1,-1,-1,-1
187,334,481.00,518.00,17.60,42.90,1,-1,-1,-1
187,335,1677.00,605.00,30.20,80.70,1,-1,-1,-1
188,28,855.00,508.00,21.00,48.60,1,-1,-1,-1
188,180,946.00,430.00,58.10,116.90,1,-1,-1,-1
188,192,1166.00,538.00,42.20,105.20,1,-1,-1,-1
188,201,261.00,553.00,27.60,73.20,1,-1,-1,-1
188,208,927.00,513.00,30.70,71.60,1,-1,-1,-1
188,226,1362.00,547.00,47.00,122.40,1,-1,-1,-1
188,270,1033.00,524.00,24.40,63.40,1,-1,-1,-1
188,285,152.00,561.00,26.50,68.90,1,-1,-1,-1
188,302,1007.00,524.00,23.30,59.40,1,-1,-1,-1
188,307,1606.00,549.00,51.60,126.60,1,-1,-1,-1
188,326,176.00,546.00,30.80,81.10,1,-1,-1,-1
188,329,1152.00,541.00,22.00,64.30,1,-1,-1,-1
188,331,1139.00,530.00,35.30,94.60,1,-1,-1,-1
188,332,921.00,528.00,22.20,55.10,1,-1,-1,-1
188,333,492.00,521.00,13.90,35.10,1,-1,-1,-1
188,334,482.00,520.00,14.10,37.50,1,-1,-1,-1
188,336,474.00,518.00,16.40,40.40,1,-1,-1,-1
189,28,853.00,512.00,20.00,49.90,1,-1,-1,-1
189,180,944.00,425.00,59.70,120.80,1,-1,-1,-1
189,192,1165.00,538.00,44.10,113.70,1,-1,-1,-1
189,201,256.00,557.00,29.70,76.60,1,-1,-1,-1
189,208,920.00,526.00,23.60,60.80,1,-1,-1,-1
189,226,1361.00,549.00,42.70,115.10,1,-1,-1,-1
189,270,1026.00,524.00,24.30,58.20,1,-1,-1,-1
189,285,148.00,564.00,28.60,70.30,1,-1,-1,-1
189,302,1006.00,523.00,23.30,60.40,1,-1,-1,-1
189,307,1602.00,545.00,62.70,128.80,1,-1,-1,-1
189,326,174.00,547.00,30.70,78.10,1,-1,-1,-1
189,329,1153.00,538.00,21.00,60.30,1,-1,-1,-1
189,331,1137.00,532.00,36.00,93.90,1,-1,-1,-1
189,333,485.00,513.00,16.40,42.40,1,-1,-1,-1
189,334,480.00,522.00,13.60,37.70,1,-1,-1,-1
189,336,470.00,522.00,17.60,39.60,1,-1,-1,-1
190,28,851.00,508.00,20.90,52.90,1,-1,-1,-1
190,180,950.00,427.00,54.80,117.00,1,-1,-1,-1
190,192,1164.00,542.00,40.30,104.30,1,-1,-1,-1
190,201,254.00,558.00,27.80,73.10,1,-1,-1,-1
190,208,921.00,520.00,24.10,66.00,1,-1,-1,-1
190,226,1354.00,548.00,47.50,123.60,1,-1,-1,-1
190,270,1020.00,524.00,25.80,61.30,1,-1,-1,-1
190,285,134.00,557.00,34.00,86.10,1,-1,-1,-1
190,302,1003.00,521.00,24.30,65.10,1,-1,-1,-1
190,307,1596.00,550.00,69.20,128.60,1,-1,-1,-1
190,326,172.00,550.00,28.70,79.80,1,-1,-1,-1
190,329,1148.00,536.00,23.10,67.70,1,-1,-1,-1
190,331,1134.00,533.00,35.40,94.80,1,-1,-1,-1
190,333,482.00,525.00,13.60,35.70,1,-1,-1,-1
190,334,473.00,525.00,14.10,36.30,1,-1,-1,-1
190,337,978.00,528.00,18.60,51.90,1,-1,-1,-1
191,28,850.00,510.00,19.80,51.30,1,-1,-1,-1
191,180,942.00,430.00,60.10,113.80,1,-1,-1,-1
191,192,1165.00,541.00,40.10,105.80,1,-1,-1,-1
191,201,246.00,557.00,29.50,76.00,1,-1,-1,-1
191,208,922.00,521.00,25.00,65.50,1,-1,-1,-1
191,226,1358.00,550.00,47.90,119.70,1,-1,-1,-1
191,270,1020.00,525.00,24.80,58.60,1,-1,-1,-1
191,285,136.00,557.00,29.00,82.60,1,-1,-1,-1
191,302,999.00,521.00,24.00,63.10,1,-1,-1,-1
191,307,1604.00,548.00,58.50,136.10,1,-1,-1,-1
191,326,169.00,551.00,28.50,79.70,1,-1,-1,-1
191,329,1137.00,539.00,30.50,89.40,1,-1,-1,-1
191,333,478.00,523.00,14.70,38.20,1,-1,-1,-1
191,334,469.00,520.00,16.90,41.90,1,-1,-1,-1
191,338,459.00,523.00,18.00,40.20,1,-1,-1,-1
192,28,850.00,507.00,19.30,52.50,1,-1,-1,-1
192,180,935.00,422.00,64.10,124.90,1,-1,-1,-1
192,192,1165.00,540.00,40.50,105.90,1,-1,-1,-1
192,201,243.00,562.00,27.50,69.90,1,-1,-1,-1
192,208,916.00,526.00,23.80,63.50,1,-1,-1,-1
192,226,1349.00,539.00,49.70,134.40,1,-1,-1,-1
192,270,1018.00,522.00,23.90,57.60,1,-1,-1,-1
192,285,129.00,564.00,28.50,72.00,1,-1,-1,-1
192,302,997.00,521.00,24.80,64.40,1,-1,-1,-1
192,307,1602.00,553.00,64.50,129.00,1,-1,-1,-1
192,326,160.00,555.00,27.00,73.90,1,-1,-1,-1
192,329,1139.00,535.00,26.00,71.20,1,-1,-1,-1
192,333,472.00,519.00,15.00,39.10,1,-1,-1,-1
192,334,462.00,520.00,18.00,44.00,1,-1,-1,-1
192,339,1129.00,526.00,23.50,67.70,1,-1,-1,-1
193,28,849.00,508.00,19.20,49.60,1,-1,-1,-1
193,180,941.00,427.00,57.60,127.00,1,-1,-1,-1
193,192,1162.00,540.00,41.60,105.50,1,-1,-1,-1
193,201,239.00,565.00,29.10,70.40,1,-1,-1,-1
193,208,913.00,521.00,25.10,65.80,1,-1,-1,-1
193,226,1352.00,547.00,49.50,123.30,1,-1,-1,-1
193,270,1015.00,523.00,25.30,61.00,1,-1,-1,-1
193,285,128.00,562.00,29.80,78.20,1,-1,-1,-1
193,302,996.00,523.00,23.50,65.80,1,-1,-1,-1
193,307,1607.00,545.00,55.50,133.50,1,-1,-1,-1
193,326,157.00,556.00,26.60,75.50,1,-1,-1,-1
193,329,1136.00,532.00,27.50,81.70,1,-1,-1,-1
193,333,471.00,523.00,16.20,40.40,1,-1,-1,-1
193,334,461.00,522.00,15.90,40.10,1,-1,-1,-1
193,340,971.00,530.00,21.20,52.40,1,-1,-1,-1
194,28,847.00,512.00,19.70,49.20,1,-1,-1,-1
194,180,935.00,432.00,56.20,123.00,1,-1,-1,-1
194,192,1161.00,545.00,41.20,102.30,1,-1,-1,-1
194,201,236.00,562.00,27.40,74.00,1,-1,-1,-1
194,208,911.00,528.00,25.70,63.30,1,-1,-1,-1
194,226,1345.00,542.00,48.90,128.70,1,-1,-1,-1
194,270,1013.00,521.00,24.40,59.30,1,-1,-1,-1
194,285,124.00,565.00,28.50,74.30,1,-1,-1,-1
194,302,994.00,527.00,22.50,62.30,1,-1,-1,-1
194,307,1601.00,556.00,68.60,124.50,1,-1,-1,-1
194,326,148.00,551.00,32.80,85.90,1,-1,-1,-1
194,329,1129.00,534.00,24.80,70.60,1,-1,-1,-1
194,334,459.00,528.00,14.50,35.80,1,-1,-1,-1
194,341,452.00,521.00,14.80,35.10,1,-1,-1,-1
195,28,843.00,515.00,19.30,48.30,1,-1,-1,-1
195,180,932.00,422.00,61.40,127.40,1,-1,-1,-1
195,192,1161.00,539.00,45.90,108.10,1,-1,-1,-1
195,201,233.00,564.00,28.30,74.30,1,-1,-1,-1
195,208,911.00,523.00,26.20,63.70,1,-1,-1,-1
195,226,1349.00,546.00,47.00,122.40,1,-1,-1,-1
195,270,1007.00,521.00,25.20,59.80,1,-1,-1,-1
195,285,116.00,566.00,31.10,81.50,1,-1,-1,-1
195,302,986.00,525.00,24.00,62.50,1,-1,-1,-1
195,307,1605.00,551.00,59.40,129.90,1,-1,-1,-1
195,326,143.00,557.00,29.00,83.20,1,-1,-1,-1
195,329,1123.00,538.00,25.00,69.90,1,-1,-1,-1
195,334,457.00,525.00,15.40,37.60,1,-1,-1,-1
195,341,446.00,522.00,14.20,36.20,1,-1,-1,-1
195,342,1131.00,536.00,39.60,99.30,1,-1,-1,-1
195,343,1088.00,535.00,23.50,64.50,1,-1,-1,-1
196,28,842.00,514.00,19.80,48.20,1,-1,-1,-1
196,180,925.00,424.00,65.40,122.90,1,-1,-1,-1
196,192,1163.00,540.00,43.40,114.70,1,-1,-1,-1
196,201,227.00,566.00,29.50,74.10,1,-1,-1,-1
196,208,908.00,523.00,28.50,68.80,1,-1,-1,-1
196,226,1345.00,539.00,52.90,128.80,1,-1,-1,-1
196,270,1007.00,525.00,26.90,62.00,1,-1,-1,-1
196,285,112.00,573.00,30.80,77.50,1,-1,-1,-1
196,302,985.00,519.00,23.90,67.00,1,-1,-1,-1
196,307,1615.00,558.00,52.50,123.60,1,-1,-1,-1
196,326,141.00,556.00,31.90,81.00,1,-1,-1,-1
196,329,1122.00,541.00,23.60,64.30,1,-1,-1,-1
196,334,451.00,525.00,15.50,36.70,1,-1,-1,-1
196,342,1128.00,533.00,40.00,109.60,1,-1,-1,-1
196,344,1140.00,541.00,19.40,58.00,1,-1,-1,-1
196,345,1060.00,521.00,27.70,67.30,1,-1,-1,-1
197,28,842.00,513.00,18.30,47.80,1,-1,-1,-1
197,180,929.00,426.00,62.10,122.50,1,-1,-1,-1
197,192,1162.00,537.00,43.60,111.50,1,-1,-1,-1
197,201,226.00,564.00,29.20,75.00,1,-1,-1,-1
197,208,910.00,529.00,24.50,65.00,1,-1,-1,-1
197,226,1344.00,539.00,57.10,132.80,1,-1,-1,-1
197,270,1005.00,524.00,24.80,57.00,1,-1,-1,-1
197,285,108.00,568.00,28.70,73.40,1,-1,-1,-1
197,302,986.00,522.00,22.50,60.70,1,-1,-1,-1
197,307,1604.00,556.00,59.30,120.90,1,-1,-1,-1
197,326,136.00,557.00,27.50,77.00,1,-1,-1,-1
197,329,1125.00,544.00,22.10,60.20,1,-1,-1,-1
197,334,447.00,526.00,14.50,37.40,1,-1,-1,-1
197,342,1132.00,538.00,39.70,106.00,1,-1,-1,-1
197,344,1135.00,540.00,22.80,67.80,1,-1,-1,-1
197,346,456.00,525.00,16.00,40.40,1,-1,-1,-1
198,28,838.00,516.00,18.70,47.40,1,-1,-1,-1
198,180,923.00,431.00,58.60,120.50,1,-1,-1,-1
198,192,1157.00,545.00,45.90,106.30,1,-1,-1,-1
198,201,220.00,568.00,29.40,70.80,1,-1,-1,-1
198,208,903.00,519.00,32.00,70.60,1,-1,-1,-1
198,226,1343.00,544.00,47.30,127.90,1,-1,-1,-1
198,270,1000.00,523.00,25.10,64.00,1,-1,-1,-1
198,285,104.00,568.00,29.80,80.80,1,-1,-1,-1
198,302,983.00,525.00,25.40,60.90,1,-1,-1,-1
198,307,1603.00,554.00,71.40,128.60,1,-1,-1,-1
198,326,130.00,552.00,31.40,83.90,1,-1,-1,-1
198,329,1124.00,525.00,30.50,90.10,1,-1,-1,-1
198,334,448.00,529.00,14.80,35.60,1,-1,-1,-1
198,346,455.00,521.00,16.50,41.30,1,-1,-1,-1
198,347,1115.00,535.00,26.50,74.80,1,-1,-1,-1
198,348,1057.00,524.00,26.40,63.70,1,-1,-1,-1
198,349,440.00,523.00,16.30,40.40,1,-1,-1,-1
198,350,1084.00,535.00,20.10,60.80,1,-1,-1,-1
198,351,923.00,529.00,25.50,63.50,1,-1,-1,-1
199,28,838.00,511.00,19.80,49.80,1,-1,-1,-1
199,180,920.00,426.00,56.30,127.40,1,-1,-1,-1
199,192,1165.00,540.00,45.30,114.80,1,-1,-1,-1
199,201,217.00,565.00,28.00,74.30,1,-1,-1,-1
199,208,905.00,533.00,24.20,57.70,1,-1,-1,-1
199,226,1341.00,546.00,46.20,124.10,1,-1,-1,-1
199,270,1004.00,519.00,27.30,67.10,1,-1,-1,-1
199,285,97.00,563.00,32.90,86.90,1,-1,-1,-1
199,302,982.00,527.00,23.30,64.10,1,-1,-1,-1
199,307,1617.00,549.00,56.10,128.40,1,-1,-1,-1
199,326,129.00,560.00,28.50,80.00,1,-1,-1,-1
199,329,1123.00,530.00,36.80,107.20,1,-1,-1,-1
199,334,447.00,524.00,16.70,40.70,1,-1,-1,-1
199,347,1119.00,535.00,24.60,78.50,1,-1,-1,-1
199,348,1051.00,522.00,24.40,63.20,1,-1,-1,-1
199,349,440.00,525.00,14.70,37.30,1,-1,-1,-1
200,28,837.00,515.00,18.60,47.80,1,-1,-1,-1
200,180,917.00,429.00,64.40,124.50,1,-1,-1,-1
200,192,1159.00,547.00,44.30,99.40,1,-1,-1,-1
200,201,211.00,570.00,28.90,70.20,1,-1,-1,-1
200,208,899.00,532.00,24.80,62.00,1,-1,-1,-1
200,226,1338.00,538.00,46.00,127.80,1,-1,-1,-1
200,270,997.00,523.00,30.10,64.80,1,-1,-1,-1
200,285,91.00,573.00,30.20,77.50,1,-1,-1,-1
200,302,982.00,523.00,24.60,68.70,1,-1,-1,-1
200,307,1610.00,546.00,66.70,132.20,1,-1,-1,-1
200,326,119.00,556.00,32.70,91.50,1,-1,-1,-1
200,329,1130.00,527.00,28.90,81.70,1,-1,-1,-1
200,334,446.00,527.00,14.60,36.70,1,-1,-1,-1
200,347,1119.00,542.00,23.20,66.00,1,-1,-1,-1
200,348,1054.00,527.00,25.50,64.20,1,-1,-1,-1
200,352,1107.00,532.00,34.20,87.60,1,-1,-1,-1
201,28,834.00,516.00,18.50,46.60,1,-1,-1,-1
201,180,918.00,433.00,59.20,125.90,1,-1,-1,-1
201,192,1163.00,536.00,46.70,112.60,1,-1,-1,-1
201,201,206.00,567.00,29.50,73.80,1,-1,-1,-1
201,208,902.00,535.00,20.10,52.80,1,-1,-1,-1
201,226,1334.00,539.00,50.90,133.40,1,-1,-1,-1
201,270,997.00,526.00,30.40,61.60,1,-1,-1,-1
201,285,88.00,566.00,30.70,84.00,1,-1,-1,-1
201,302,977.00,523.00,24.20,69.40,1,-1,-1,-1
201,307,1608.00,551.00,67.30,135.10,1,-1,-1,-1
201,326,117.00,560.00,29.30,85.10,1,-1,-1,-1
201,334,440.00,525.00,16.50,38.90,1,-1,-1,-1
201,347,1113.00,532.00,25.30,72.80,1,-1,-1,-1
201,348,1050.00,525.00,23.40,61.30,1,-1,-1,-1
201,353,432.00,525.00,13.90,37.50,1,-1,-1,-1
201,354,904.00,520.00,28.10,74.00,1,-1,-1,-1
202,28,835.00,514.00,18.50,45.40,1,-1,-1,-1
202,180,913.00,423.00,68.10,129.60,1,-1,-1,-1
202,192,1164.00,547.00,43.20,102.80,1,-1,-1,-1
202,201,202.00,569.00,29.00,76.60,1,-1,-1,-1
202,208,894.00,529.00,20.40,58.10,1,-1,-1,-1
202,226,1337.00,551.00,48.70,125.20,1,-1,-1,-1
202,270,995.00,523.00,28.90,65.70,1,-1,-1,-1
202,285,86.00,569.00,32.50,82.40,1,-1,-1,-1
202,302,978.00,526.00,26.30,68.70,1,-1,-1,-1
202,307,1615.00,543.00,65.80,148.00,1,-1,-1,-1
202,326,111.00,561.00,31.80,87.30,1,-1,-1,-1
202,334,441.00,528.00,15.30,40.60,1,-1,-1,-1
202,347,1113.00,535.00,26.90,77.80,1,-1,-1,-1
202,348,1047.00,527.00,23.80,56.30,1,-1,-1,-1
202,353,431.00,527.00,15.40,38.90,1,-1,-1,-1
202,355,919.00,526.00,26.70,65.10,1,-1,-1,-1
202,356,1130.00,531.00,26.30,75.70,1,-1,-1,-1
202,357,423.00,526.00,15.30,41.20,1,-1,-1,-1
203,28,837.00,518.00,16.50,41.90,1,-1,-1,-1
203,180,912.00,434.00,61.00,130.10,1,-1,-1,-1
203,192,1163.00,547.00,44.20,103.70,1,-1,-1,-1
203,201,200.00,568.00,30.50,75.90,1,-1,-1,-1
203,208,894.00,532.00,20.40,52.50,1,-1,-1,-1
203,226,1335.00,547.00,49.70,131.90,1,-1,-1,-1
203,270,997.00,527.00,25.30,58.30,1,-1,-1,-1
203,285,79.00,563.00,34.00,85.60,1,-1,-1,-1
203,302,975.00,528.00,23.60,64.70,1,-1,-1,-1
203,307,1619.00,550.00,61.90,128.60,1,-1,-1,-1
203,326,109.00,563.00,29.20,86.30,1,-1,-1,-1
203,334,433.00,527.00,16.70,42.60,1,-1,-1,-1
203,347,1110.00,540.00,26.30,72.50,1,-1,-1,-1
203,353,424.00,527.00,14.60,36.60,1,-1,-1,-1
203,356,1124.00,527.00,23.50,77.30,1,-1,-1,-1
204,28,830.00,516.00,19.00,50.80,1,-1,-1,-1
204,180,910.00,424.00,62.40,129.60,1,-1,-1,-1
204,192,1164.00,542.00,49.10,111.20,1,-1,-1,-1
204,201,198.00,571.00,30.20,75.90,1,-1,-1,-1
204,208,894.00,534.00,20.90,50.30,1,-1,-1,-1
204,226,1332.00,543.00,53.50,141.60,1,-1,-1,-1
204,270,996.00,529.00,25.80,61.60,1,-1,-1,-1
204,285,71.00,573.00,31.50,85.70,1,-1,-1,-1
204,302,975.00,527.00,21.90,62.60,1,-1,-1,-1
204,307,1618.00,541.00,67.20,148.00,1,-1,-1,-1
204,326,101.00,561.00,33.50,91.00,1,-1,-1,-1
204,334,432.00,530.00,14.70,35.70,1,-1,-1,-1
204,347,1105.00,540.00,23.40,70.10,1,-1,-1,-1
204,356,1125.00,529.00,27.50,78.90,1,-1,-1,-1
204,358,438.00,524.00,15.70,41.50,1,-1,-1,-1
204,359,910.00,525.00,25.10,63.90,1,-1,-1,-1
205,28,830.00,514.00,19.30,49.60,1,-1,-1,-1
205,180,907.00,433.00,67.00,124.40,1,-1,-1,-1
205,192,1162.00,550.00,47.90,107.00,1,-1,-1,-1
205,201,190.00,569.00,30.90,80.30,1,-1,-1,-1
205,208,890.00,532.00,23.10,53.00,1,-1,-1,-1
205,226,1336.00,546.00,51.30,127.40,1,-1,-1,-1
205,270,991.00,526.00,28.20,63.80,1,-1,-1,-1
205,285,69.00,566.00,31.60,89.80,1,-1,-1,-1
205,302,971.00,526.00,25.80,70.80,1,-1,-1,-1
205,307,1621.00,545.00,69.50,128.90,1,-1,-1,-1
205,326,97.00,568.00,30.00,83.90,1,-1,-1,-1
205,334,435.00,529.00,15.50,42.30,1,-1,-1,-1
205,347,1103.00,539.00,24.20,72.00,1,-1,-1,-1
205,356,1114.00,536.00,27.20,72.10,1,-1,-1,-1
205,359,907.00,523.00,26.00,68.90,1,-1,-1,-1
205,360,1037.00,527.00,22.70,57.00,1,-1,-1,-1
205,361,746.00,566.00,29.20,78.80,1,-1,-1,-1
205,362,1136.00,550.00,24.30,65.50,1,-1,-1,-1
206,28,833.00,515.00,17.10,46.20,1,-1,-1,-1
206,180,904.00,427.00,71.20,127.90,1,-1,-1,-1
206,192,1166.00,540.00,50.10,111.90,1,-1,-1,-1
206,201,187.00,573.00,29.90,77.50,1,-1,-1,-1
206,208,886.00,532.00,21.40,52.20,1,-1,-1,-1
206,226,1333.00,549.00,47.40,133.00,1,-1,-1,-1
206,270,986.00,528.00,27.90,61.30,1,-1,-1,-1
206,285,65.00,570.00,30.50,84.30,1,-1,-1,-1
206,302,970.00,528.00,22.50,64.40,1,-1,-1,-1
206,307,1630.00,546.00,61.60,140.70,1,-1,-1,-1
206,326,90.00,568.00,32.40,86.80,1,-1,-1,-1
206,334,429.00,529.00,15.30,40.80,1,-1,-1,-1
206,347,1101.00,550.00,21.60,60.70,1,-1,-1,-1
206,359,905.00,531.00,24.90,61.80,1,-1,-1,-1
206,360,1037.00,528.00,23.60,60.10,1,-1,-1,-1
206,362,1144.00,560.00,18.90,54.90,1,-1,-1,-1
206,363,1129.00,541.00,38.50,89.40,1,-1,-1,-1
206,364,419.00,526.00,15.90,39.50,1,-1,-1,-1
207,28,828.00,516.00,19.70,51.40,1,-1,-1,-1
207,180,903.00,424.00,60.00,136.30,1,-1,-1,-1
207,192,1168.00,552.00,47.40,106.00,1,-1,-1,-1
207,201,184.00,574.00,29.30,76.80,1,-1,-1,-1
207,208,887.00,526.00,22.50,64.50,1,-1,-1,-1
207,226,1334.00,554.00,52.30,122.90,1,-1,-1,-1
207,270,986.00,525.00,27.80,61.60,1,-1,-1,-1
207,285,64.00,578.00,31.90,83.40,1,-1,-1,-1
207,302,972.00,530.00,22.10,62.60,1,-1,-1,-1
207,307,1624.00,547.00,69.90,139.20,1,-1,-1,-1
207,326,85.00,567.00,32.60,84.60,1,-1,-1,-1
207,334,427.00,534.00,14.60,36.70,1,-1,-1,-1
207,347,1100.00,545.00,22.40,66.20,1,-1,-1,-1
207,359,903.00,532.00,22.80,65.70,1,-1,-1,-1
207,360,1030.00,525.00,26.60,67.50,1,-1,-1,-1
207,362,1146.00,564.00,20.80,49.00,1,-1,-1,-1
207,363,1119.00,526.00,32.00,92.40,1,-1,-1,-1
207,365,742.00,573.00,31.80,73.00,1,-1,-1,-1
207,366,435.00,529.00,16.40,37.50,1,-1,-1,-1
208,28,827.00,516.00,18.90,49.10,1,-1,-1,-1
208,180,896.00,432.00,72.90,134.70,1,-1,-1,-1
208,192,1168.00,551.00,46.60,102.00,1,-1,-1,-1
208,201,180.00,574.00,29.00,78.30,1,-1,-1,-1
208,208,881.00,528.00,26.30,67.20,1,-1,-1,-1
208,226,1330.00,551.00,49.20,129.20,1,-1,-1,-1
208,270,989.00,529.00,26.10,56.40,1,-1,-1,-1
208,285,55.00,575.00,35.00,88.60,1,-1,-1,-1
208,302,970.00,529.00,23.00,66.90,1,-1,-1,-1
208,307,1621.00,558.00,64.10,130.00,1,-1,-1,-1
208,326,75.00,568.00,33.20,84.90,1,-1,-1,-1
208,334,425.00,532.00,13.90,35.00,1,-1,-1,-1
208,347,1097.00,542.00,24.60,75.30,1,-1,-1,-1
208,360,1030.00,527.00,24.70,60.80,1,-1,-1,-1
208,362,1144.00,564.00,23.50,54.20,1,-1,-1,-1
208,366,430.00,529.00,19.90,42.60,1,-1,-1,-1
209,28,827.00,519.00,18.50,47.30,1,-1,-1,-1
209,180,902.00,427.00,68.40,131.00,1,-1,-1,-1
209,192,1171.00,553.00,39.60,97.90,1,-1,-1,-1
209,201,180.00,574.00,29.40,73.80,1,-1,-1,-1
209,208,883.00,531.00,25.30,63.70,1,-1,-1,-1
209,226,1334.00,556.00,50.90,127.00,1,-1,-1,-1
209,270,984.00,526.00,25.40,59.80,1,-1,-1,-1
209,285,49.00,578.00,31.90,82.50,1,-1,-1,-1
209,302,968.00,531.00,21.30,63.60,1,-1,-1,-1
209,307,1632.00,551.00,66.00,137.80,1,-1,-1,-1
209,326,73.00,567.00,31.50,87.10,1,-1,-1,-1
209,334,431.00,528.00,16.40,39.50,1,-1,-1,-1
209,347,1096.00,538.00,25.10,81.60,1,-1,-1,-1
209,360,1025.00,530.00,24.50,59.60,1,-1,-1,-1
209,367,1119.00,532.00,30.30,78.90,1,-1,-1,-1
209,368,94.00,579.00,23.30,61.20,1,-1,-1,-1
210,28,826.00,520.00,19.10,49.90,1,-1,-1,-1
210,180,895.00,417.00,66.60,143.00,1,-1,-1,-1
210,192,1169.00,551.00,45.60,111.10,1,-1,-1,-1
210,201,176.00,578.00,28.20,75.70,1,-1,-1,-1
210,226,1330.00,550.00,50.50,134.90,1,-1,-1,-1
210,270,979.00,531.00,25.60,61.50,1,-1,-1,-1
210,285,45.00,576.00,30.30,85.10,1,-1,-1,-1
210,302,967.00,529.00,21.30,63.80,1,-1,-1,-1
210,307,1635.00,552.00,71.60,132.40,1,-1,-1,-1
210,326,62.00,571.00,35.10,87.70,1,-1,-1,-1
210,347,1091.00,546.00,25.10,72.20,1,-1,-1,-1
210,360,1027.00,532.00,25.70,62.50,1,-1,-1,-1
210,367,1122.00,537.00,33.20,85.00,1,-1,-1,-1
210,368,87.00,579.00,23.90,64.70,1,-1,-1,-1
211,28,823.00,521.00,19.00,50.40,1,-1,-1,-1
211,180,896.00,430.00,71.00,140.00,1,-1,-1,-1
211,192,1168.00,549.00,46.60,108.50,1,-1,-1,-1
211,201,169.00,576.00,30.80,82.30,1,-1,-1,-1
211,226,1337.00,543.00,50.80,139.00,1,-1,-1,-1
211,270,986.00,532.00,26.00,62.00,1,-1,-1,-1
211,285,33.00,579.00,31.10,80.50,1,-1,-1,-1
211,302,963.00,530.00,24.00,67.80,1,-1,-1,-1
211,307,1643.00,553.00,64.50,138.80,1,-1,-1,-1
211,326,65.00,568.00,31.30,91.10,1,-1,-1,-1
211,347,1094.00,545.00,23.20,68.90,1,-1,-1,-1
211,360,1024.00,532.00,23.80,63.30,1,-1,-1,-1
211,367,1125.00,535.00,34.80,89.00,1,-1,-1,-1
211,369,876.00,531.00,24.90,63.90,1,-1,-1,-1
212,28,822.00,519.00,18.30,48.80,1,-1,-1,-1
212,180,893.00,437.00,74.80,128.80,1,-1,-1,-1
212,192,1168.00,551.00,43.40,110.80,1,-1,-1,-1
212,201,166.00,575.00,30.40,78.20,1,-1,-1,-1
212,226,1335.00,547.00,50.40,135.10,1,-1,-1,-1
212,270,980.00,530.00,27.90,63.30,1,-1,-1,-1
212,285,35.00,582.00,28.40,83.10,1,-1,-1,-1
212,302,961.00,531.00,22.40,67.50,1,-1,-1,-1
212,307,1642.00,562.00,71.30,132.10,1,-1,-1,-1
212,326,59.00,571.00,31.50,84.50,1,-1,-1,-1
212,347,1088.00,544.00,22.50,69.20,1,-1,-1,-1
212,360,1022.00,530.00,25.30,64.50,1,-1,-1,-1
212,367,1130.00,540.00,28.00,77.20,1,-1,-1,-1
212,369,881.00,530.00,22.30,64.20,1,-1,-1,-1
213,28,824.00,521.00,18.80,49.30,1,-1,-1,-1
213,180,891.00,436.00,78.00,130.30,1,-1,-1,-1
213,192,1170.00,553.00,43.40,107.40,1,-1,-1,-1
213,201,168.00,582.00,28.00,71.80,1,-1,-1,-1
213,226,1335.00,554.00,48.60,127.90,1,-1,-1,-1
213,270,984.00,533.00,21.50,59.30,1,-1,-1,-1
213,285,20.00,583.00,34.50,85.20,1,-1,-1,-1
213,302,961.00,531.00,23.30,70.30,1,-1,-1,-1
213,307,1650.00,550.00,71.70,146.10,1,-1,-1,-1
213,326,48.00,577.00,34.80,86.70,1,-1,-1,-1
213,347,1088.00,549.00,25.00,69.00,1,-1,-1,-1
213,360,1021.00,531.00,25.30,63.80,1,-1,-1,-1
213,367,1130.00,538.00,32.00,94.40,1,-1,-1,-1
214,28,820.00,519.00,20.60,53.30,1,-1,-1,-1
214,180,892.00,433.00,79.60,136.80,1,-1,-1,-1
214,192,1169.00,555.00,48.20,111.60,1,-1,-1,-1
214,201,164.00,581.00,28.60,82.10,1,-1,-1,-1
214,226,1332.00,552.00,48.80,130.40,1,-1,-1,-1
214,270,982.00,533.00,22.70,58.50,1,-1,-1,-1
214,285,20.00,582.00,33.40,86.00,1,-1,-1,-1
214,302,966.00,535.00,20.00,61.70,1,-1,-1,-1
214,307,1652.00,553.00,62.40,140.50,1,-1,-1,-1
214,326,48.00,579.00,33.20,88.70,1,-1,-1,-1
214,347,1086.00,547.00,22.30,68.30,1,-1,-1,-1
214,360,1020.00,530.00,27.40,70.80,1,-1,-1,-1
214,367,1130.00,563.00,31.70,78.40,1,-1,-1,-1
214,370,1148.00,570.00,20.40,52.70,1,-1,-1,-1
214,371,879.00,537.00,22.80,56.90,1,-1,-1,-1
214,372,1115.00,538.00,35.70,95.70,1,-1,-1,-1
215,28,823.00,523.00,16.90,45.70,1,-1,-1,-1
215,180,886.00,433.00,84.90,138.20,1,-1,-1,-1
215,192,1177.00,549.00,52.20,119.10,1,-1,-1,-1
215,201,158.00,579.00,28.60,78.20,1,-1,-1,-1
215,226,1331.00,552.00,50.20,135.30,1,-1,-1,-1
215,270,981.00,533.00,26.20,63.50,1,-1,-1,-1
215,285,26.00,582.00,27.50,80.40,1,-1,-1,-1
215,302,965.00,534.00,20.50,62.80,1,-1,-1,-1
215,307,1654.00,561.00,73.20,135.20,1,-1,-1,-1
215,326,46.00,574.00,32.40,86.00,1,-1,-1,-1
215,347,1082.00,537.00,23.20,75.50,1,-1,-1,-1
215,360,1019.00,535.00,20.30,53.70,1,-1,-1,-1
215,367,1118.00,541.00,41.30,105.20,1,-1,-1,-1
215,371,876.00,535.00,25.40,61.50,1,-1,-1,-1
215,373,9.00,589.00,28.60,74.30,1,-1,-1,-1
216,28,824.00,518.00,18.90,52.60,1,-1,-1,-1
216,180,888.00,422.00,83.60,150.50,1,-1,-1,-1
216,192,1171.00,549.00,53.00,117.40,1,-1,-1,-1
216,201,158.00,576.00,31.90,81.30,1,-1,-1,-1
216,226,1337.00,555.00,49.90,135.10,1,-1,-1,-1
216,270,982.00,535.00,24.80,59.00,1,-1,-1,-1
216,285,26.00,589.00,27.50,75.40,1,-1,-1,-1
216,302,962.00,534.00,23.80,67.20,1,-1,-1,-1
216,307,1657.00,555.00,67.60,138.40,1,-1,-1,-1
216,326,43.00,575.00,33.30,88.40,1,-1,-1,-1
216,347,1083.00,542.00,24.40,70.30,1,-1,-1,-1
216,360,1020.00,533.00,26.50,66.90,1,-1,-1,-1
216,367,1123.00,553.00,37.50,98.50,1,-1,-1,-1
216,373,9.00,582.00,31.00,82.30,1,-1,-1,-1
216,374,1105.00,538.00,29.00,74.00,1,-1,-1,-1
216,375,144.00,581.00,26.80,78.40,1,-1,-1,-1
217,28,819.00,520.00,18.80,50.90,1,-1,-1,-1
217,180,895.00,425.00,69.80,141.00,1,-1,-1,-1
217,192,1173.00,554.00,52.00,123.30,1,-1,-1,-1
217,201,158.00,579.00,30.00,80.80,1,-1,-1,-1
217,226,1334.00,554.00,48.70,127.90,1,-1,-1,-1
217,270,979.00,533.00,22.70,62.00,1,-1,-1,-1
217,285,23.00,587.00,30.70,77.60,1,-1,-1,-1
217,302,961.00,529.00,25.20,72.60,1,-1,-1,-1
217,307,1665.00,555.00,76.50,138.70,1,-1,-1,-1
217,326,40.00,580.00,29.40,74.10,1,-1,-1,-1
217,347,1080.00,546.00,25.00,71.10,1,-1,-1,-1
217,360,1013.00,538.00,24.70,58.20,1,-1,-1,-1
217,367,1125.00,566.00,32.40,86.70,1,-1,-1,-1
217,374,1107.00,538.00,28.10,78.40,1,-1,-1,-1
217,375,142.00,580.00,27.30,80.30,1,-1,-1,-1
218,28,824.00,518.00,18.40,51.90,1,-1,-1,-1
218,180,887.00,423.00,78.80,143.80,1,-1,-1,-1
218,192,1174.00,553.00,49.70,128.70,1,-1,-1,-1
218,201,152.00,579.00,31.20,79.00,1,-1,-1,-1
218,226,1338.00,560.00,47.00,127.50,1,-1,-1,-1
218,270,980.00,530.00,25.90,65.40,1,-1,-1,-1
218,285,10.00,582.00,34.00,81.60,1,-1,-1,-1
218,302,960.00,533.00,22.90,63.00,1,-1,-1,-1
218,307,1668.00,549.00,75.30,141.10,1,-1,-1,-1
218,326,33.00,577.00,32.80,89.90,1,-1,-1,-1
218,347,1080.00,544.00,25.60,72.90,1,-1,-1,-1
218,360,1009.00,535.00,25.60,60.90,1,-1,-1,-1
218,367,1126.00,554.00,35.50,92.50,1,-1,-1,-1
218,374,1112.00,536.00,29.50,85.00,1,-1,-1,-1
219,28,825.00,516.00,19.10,54.50,1,-1,-1,-1
219,180,883.00,424.00,87.70,148.80,1,-1,-1,-1
219,192,1183.00,556.00,48.30,124.40,1,-1,-1,-1
219,201,149.00,579.00,30.20,76.50,1,-1,-1,-1
219,226,1331.00,556.00,55.50,132.20,1,-1,-1,-1
219,270,980.00,534.00,25.30,62.50,1,-1,-1,-1
219,285,17.00,587.00,29.20,81.60,1,-1,-1,-1
219,302,961.00,530.00,25.20,69.50,1,-1,-1,-1
219,307,1682.00,561.00,64.40,133.30,1,-1,-1,-1
219,326,32.00,580.00,30.20,77.70,1,-1,-1,-1
219,347,1076.00,544.00,25.70,72.80,1,-1,-1,-1
219,360,1010.00,535.00,23.30,54.00,1,-1,-1,-1
219,367,1129.00,555.00,35.00,90.50,1,-1,-1,-1
219,374,1110.00,533.00,32.40,88.20,1,-1,-1,-1
220,28,820.00,522.00,19.60,50.20,1,-1,-1,-1
220,180,884.00,432.00,86.00,142.10,1,-1,-1,-1
220,192,1185.00,548.00,48.40,121.90,1,-1,-1,-1
220,201,149.00,582.00,28.80,80.00,1,-1,-1,-1
220,226,1343.00,553.00,51.10,133.70,1,-1,-1,-1
220,270,983.00,528.00,23.20,69.50,1,-1,-1,-1
220,285,1.00,575.00,40.70,95.30,1,-1,-1,-1
220,302,960.00,531.00,24.30,66.70,1,-1,-1,-1
220,307,1687.00,553.00,69.40,147.70,1,-1,-1,-1
220,326,25.00,580.00,35.70,90.90,1,-1,-1,-1
220,347,1071.00,544.00,24.00,73.70,1,-1,-1,-1
220,367,1130.00,551.00,41.00,108.50,1,-1,-1,-1
220,374,1110.00,538.00,29.40,77.20,1,-1,-1,-1
221,28,821.00,515.00,19.00,59.80,1,-1,-1,-1
221,180,893.00,424.00,71.80,154.80,1,-1,-1,-1
221,192,1182.00,554.00,54.20,126.10,1,-1,-1,-1
221,201,148.00,579.00,31.30,82.50,1,-1,-1,-1
221,226,1346.00,564.00,46.40,131.50,1,-1,-1,-1
221,270,985.00,533.00,23.20,62.50,1,-1,-1,-1
221,285,22.00,585.00,33.10,90.60,1,-1,-1,-1
221,302,959.00,533.00,25.50,68.00,1,-1,-1,-1
221,307,1699.00,550.00,63.40,149.50,1,-1,-1,-1
221,347,1071.00,542.00,27.20,74.60,1,-1,-1,-1
221,376,971.00,528.00,25.90,70.10,1,-1,-1,-1
221,377,134.00,582.00,30.20,88.50,1,-1,-1,-1
222,28,825.00,515.00,20.20,53.60,1,-1,-1,-1
222,180,893.00,428.00,75.20,139.10,1,-1,-1,-1
222,192,1188.00,557.00,48.20,121.30,1,-1,-1,-1
222,201,142.00,580.00,30.50,84.00,1,-1,-1,-1
222,226,1345.00,552.00,50.50,134.60,1,-1,-1,-1
222,270,980.00,534.00,23.70,61.20,1,-1,-1,-1
222,285,16.00,583.00,36.60,89.80,1,-1,-1,-1
222,302,961.00,526.00,27.30,71.70,1,-1,-1,-1
222,307,1697.00,544.00,81.20,149.00,1,-1,-1,-1
222,347,1068.00,543.00,25.40,73.90,1,-1,-1,-1
222,378,1134.00,559.00,39.40,107.70,1,-1,-1,-1
222,379,1015.00,526.00,24.20,65.50,1,-1,-1,-1
223,28,825.00,515.00,19.50,54.30,1,-1,-1,-1
223,180,890.00,416.00,79.10,158.90,1,-1,-1,-1
223,192,1194.00,553.00,48.60,123.20,1,-1,-1,-1
223,201,143.00,580.00,32.80,86.90,1,-1,-1,-1
223,226,1344.00,555.00,53.10,133.10,1,-1,-1,-1
223,270,983.00,534.00,26.00,63.80,1,-1,-1,-1
223,285,15.00,582.00,37.60,89.50,1,-1,-1,-1
223,302,960.00,530.00,25.20,70.80,1,-1,-1,-1
223,307,1709.00,548.00,73.00,144.90,1,-1,-1,-1
223,347,1071.00,540.00,26.70,81.90,1,-1,-1,-1
223,379,1016.00,529.00,23.50,63.80,1,-1,-1,-1
223,380,2.00,575.00,27.70,103.60,1,-1,-1,-1
223,381,1142.00,631.00,36.80,77.00,1,-1,-1,-1
224,28,825.00,522.00,18.00,47.70,1,-1,-1,-1
224,180,894.00,427.00,75.90,148.00,1,-1,-1,-1
224,192,1195.00,557.00,51.90,126.90,1,-1,-1,-1
224,201,138.00,578.00,31.30,86.30,1,-1,-1,-1
224,226,1346.00,559.00,49.40,129.70,1,-1,-1,-1
224,270,983.00,530.00,26.40,64.20,1,-1,-1,-1
224,285,10.00,580.00,35.80,93.80,1,-1,-1,-1
224,302,962.00,534.00,23.10,65.10,1,-1,-1,-1
224,307,1715.00,538.00,64.40,156.10,1,-1,-1,-1
224,347,1069.00,544.00,27.40,75.10,1,-1,-1,-1
224,379,1016.00,534.00,23.30,61.20,1,-1,-1,-1
224,381,1142.00,638.00,40.40,103.30,1,-1,-1,-1
224,382,1113.00,543.00,32.30,82.90,1,-1,-1,-1
225,28,824.00,522.00,18.10,48.70,1,-1,-1,-1
225,180,893.00,418.00,80.50,161.30,1,-1,-1,-1
225,192,1199.00,562.00,49.80,122.00,1,-1,-1,-1
225,201,138.00,585.00,30.20,81.00,1,-1,-1,-1
225,226,1352.00,559.00,49.70,132.00,1,-1,-1,-1
225,270,983.00,533.00,23.50,59.90,1,-1,-1,-1
225,285,8.00,587.00,32.90,88.50,1,-1,-1,-1
225,302,961.00,533.00,26.40,65.80,1,-1,-1,-1
225,307,1724.00,546.00,68.30,139.60,1,-1,-1,-1
225,347,1071.00,543.00,26.90,74.90,1,-1,-1,-1
225,379,1016.00,534.00,23.90,62.40,1,-1,-1,-1
225,383,867.00,510.00,38.10,110.20,1,-1,-1,-1
226,28,826.00,522.00,17.60,46.40,1,-1,-1,-1
226,180,896.00,421.00,79.90,162.70,1,-1,-1,-1
226,192,1204.00,563.00,54.50,119.80,1,-1,-1,-1
226,201,135.00,583.00,34.00,87.80,1,-1,-1,-1
226,226,1352.00,553.00,50.50,134.30,1,-1,-1,-1
226,270,980.00,531.00,26.70,65.50,1,-1,-1,-1
226,285,5.00,591.00,34.30,87.90,1,-1,-1,-1
226,302,964.00,529.00,24.40,69.90,1,-1,-1,-1
226,307,1730.00,545.00,62.60,139.50,1,-1,-1,-1
226,347,1069.00,536.00,27.30,77.00,1,-1,-1,-1
226,384,855.00,562.00,29.00,69.10,1,-1,-1,-1
227,28,824.00,522.00,19.50,50.80,1,-1,-1,-1
227,180,882.00,426.00,89.00,152.80,1,-1,-1,-1
227,192,1200.00,566.00,51.40,120.40,1,-1,-1,-1
227,201,133.00,589.00,30.80,85.30,1,-1,-1,-1
227,226,1358.00,554.00,49.40,133.30,1,-1,-1,-1
227,270,984.00,533.00,25.30,68.50,1,-1,-1,-1
227,285,2.00,583.00,34.60,99.20,1,-1,-1,-1
227,302,963.00,537.00,24.00,61.00,1,-1,-1,-1
227,307,1736.00,547.00,71.10,145.80,1,-1,-1,-1
227,347,1069.00,541.00,26.10,70.20,1,-1,-1,-1
227,384,854.00,563.00,30.30,71.40,1,-1,-1,-1
228,28,827.00,523.00,18.60,49.80,1,-1,-1,-1
228,180,883.00,416.00,91.20,156.70,1,-1,-1,-1
228,192,1209.00,561.00,50.20,124.50,1,-1,-1,-1
228,201,131.00,585.00,31.30,86.90,1,-1,-1,-1
228,226,1356.00,550.00,50.00,144.30,1,-1,-1,-1
228,270,986.00,533.00,22.50,63.70,1,-1,-1,-1
228,285,2.00,598.00,26.80,90.90,1,-1,-1,-1
228,302,963.00,528.00,27.60,66.40,1,-1,-1,-1
228,307,1741.00,540.00,70.00,152.00,1,-1,-1,-1
228,347,1070.00,540.00,27.30,72.20,1,-1,-1,-1
228,384,861.00,573.00,25.70,59.90,1,-1,-1,-1
228,385,1158.00,638.00,41.80,106.30,1,-1,-1,-1
229,28,828.00,523.00,19.10,51.50,1,-1,-1,-1
229,180,895.00,423.00,79.70,165.80,1,-1,-1,-1
229,192,1212.00,561.00,49.90,126.70,1,-1,-1,-1
229,201,130.00,588.00,32.80,83.90,1,-1,-1,-1
229,226,1364.00,553.00,43.90,135.90,1,-1,-1,-1
229,270,986.00,535.00,22.50,62.90,1,-1,-1,-1
229,285,1.00,594.00,25.10,94.30,1,-1,-1,-1
229,302,964.00,533.00,24.90,62.60,1,-1,-1,-1
229,307,1747.00,545.00,75.70,150.30,1,-1,-1,-1
229,347,1067.00,546.00,25.20,70.20,1,-1,-1,-1
229,386,885.00,568.00,25.30,55.60,1,-1,-1,-1
229,387,1127.00,528.00,30.70,89.80,1,-1,-1,-1
230,28,826.00,526.00,18.60,45.50,1,-1,-1,-1
230,180,889.00,422.00,87.20,153.50,1,-1,-1,-1
230,192,1211.00,567.00,54.30,118.20,1,-1,-1,-1
230,201,127.00,589.00,33.50,87.50,1,-1,-1,-1
230,226,1355.00,546.00,59.20,142.90,1,-1,-1,-1
230,270,981.00,536.00,27.10,62.80,1,-1,-1,-1
230,285,1.00,593.00,34.10,91.90,1,-1,-1,-1
230,302,963.00,535.00,22.80,61.00,1,-1,-1,-1
230,307,1763.00,542.00,64.50,146.30,1,-1,-1,-1
230,347,1066.00,544.00,28.00,78.30,1,-1,-1,-1
230,387,1127.00,527.00,35.70,88.10,1,-1,-1,-1
230,388,1003.00,527.00,28.70,74.30,1,-1,-1,-1
230,389,1157.00,633.00,46.20,133.80,1,-1,-1,-1
231,28,827.00,521.00,20.80,51.60,1,-1,-1,-1
231,180,891.00,413.00,89.80,179.40,1,-1,-1,-1
231,192,1213.00,567.00,53.00,125.40,1,-1,-1,-1
231,201,125.00,588.00,30.80,86.40,1,-1,-1,-1
231,226,1355.00,551.00,58.00,145.80,1,-1,-1,-1
231,270,983.00,533.00,25.30,62.70,1,-1,-1,-1
231,285,1.00,594.00,24.00,96.10,1,-1,-1,-1
231,307,1767.00,542.00,69.20,156.00,1,-1,-1,-1
231,347,1066.00,546.00,27.30,79.80,1,-1,-1,-1
231,387,1127.00,531.00,36.20,94.30,1,-1,-1,-1
231,388,1002.00,535.00,29.70,72.30,1,-1,-1,-1
232,28,830.00,522.00,18.50,52.20,1,-1,-1,-1
232,180,886.00,411.00,90.30,178.60,1,-1,-1,-1
232,192,1215.00,557.00,55.40,127.90,1,-1,-1,-1
232,201,128.00,587.00,32.20,88.60,1,-1,-1,-1
232,226,1365.00,554.00,53.00,138.00,1,-1,-1,-1
232,270,986.00,534.00,25.60,65.90,1,-1,-1,-1
232,285,-1.00,598.00,28.40,92.50,1,-1,-1,-1
232,307,1774.00,546.00,67.40,147.50,1,-1,-1,-1
232,347,1066.00,549.00,26.30,69.70,1,-1,-1,-1
232,387,1128.00,523.00,40.80,106.00,1,-1,-1,-1
232,388,1000.00,527.00,32.70,80.00,1,-1,-1,-1
232,390,1139.00,530.00,27.00,75.80,1,-1,-1,-1
232,391,864.00,566.00,31.00,68.20,1,-1,-1,-1
232,392,1172.00,633.00,45.70,131.80,1,-1,-1,-1
233,28,830.00,522.00,19.30,49.90,1,-1,-1,-1
233,180,887.00,410.00,92.90,167.10,1,-1,-1,-1
233,192,1219.00,560.00,58.60,124.60,1,-1,-1,-1
233,201,123.00,588.00,31.40,88.20,1,-1,-1,-1
233,226,1371.00,556.00,48.50,134.50,1,-1,-1,-1
233,270,982.00,536.00,24.90,60.80,1,-1,-1,-1
233,285,0.00,590.00,25.70,97.60,1,-1,-1,-1
233,307,1784.00,542.00,73.50,158.00,1,-1,-1,-1
233,347,1065.00,543.00,24.50,79.50,1,-1,-1,-1
233,387,1134.00,530.00,27.80,78.50,1,-1,-1,-1
233,391,868.00,552.00,33.00,81.20,1,-1,-1,-1
233,393,964.00,531.00,24.40,64.10,1,-1,-1,-1
234,28,828.00,520.00,21.30,52.50,1,-1,-1,-1
234,180,890.00,407.00,91.90,182.40,1,-1,-1,-1
234,192,1226.00,562.00,52.90,122.20,1,-1,-1,-1
234,201,123.00,588.00,36.30,89.60,1,-1,-1,-1
234,226,1375.00,555.00,50.40,130.80,1,-1,-1,-1
234,270,985.00,529.00,27.50,69.00,1,-1,-1,-1
234,285,-1.00,590.00,22.20,96.60,1,-1,-1,-1
234,307,1796.00,545.00,68.50,148.00,1,-1,-1,-1
234,347,1068.00,547.00,28.30,78.20,1,-1,-1,-1
234,387,1137.00,529.00,27.90,80.70,1,-1,-1,-1
234,393,971.00,527.00,28.90,77.30,1,-1,-1,-1
234,394,1003.00,534.00,28.70,76.80,1,-1,-1,-1
235,28,835.00,520.00,19.50,50.40,1,-1,-1,-1
235,180,900.00,410.00,82.40,167.10,1,-1,-1,-1
235,192,1231.00,567.00,58.60,130.60,1,-1,-1,-1
235,201,122.00,589.00,32.40,87.30,1,-1,-1,-1
235,226,1374.00,552.00,55.90,136.70,1,-1,-1,-1
235,270,979.00,527.00,29.30,69.20,1,-1,-1,-1
235,285,0.00,587.00,19.90,97.40,1,-1,-1,-1
235,307,1804.00,547.00,70.60,138.70,1,-1,-1,-1
235,347,1067.00,543.00,30.70,81.20,1,-1,-1,-1
235,387,1144.00,527.00,30.20,80.60,1,-1,-1,-1
235,394,1005.00,529.00,29.60,67.50,1,-1,-1,-1
235,395,961.00,574.00,20.10,45.20,1,-1,-1,-1
235,396,1128.00,540.00,31.80,91.20,1,-1,-1,-1
236,28,834.00,519.00,21.10,51.50,1,-1,-1,-1
236,180,894.00,414.00,95.20,164.80,1,-1,-1,-1
236,192,1236.00,559.00,54.90,135.70,1,-1,-1,-1
236,201,124.00,589.00,31.50,87.90,1,-1,-1,-1
236,226,1381.00,550.00,50.20,141.40,1,-1,-1,-1
236,270,982.00,532.00,26.60,63.30,1,-1,-1,-1
236,285,-2.00,590.00,24.60,88.10,1,-1,-1,-1
236,307,1805.00,540.00,76.30,146.50,1,-1,-1,-1
236,347,1066.00,551.00,30.70,72.90,1,-1,-1,-1
236,387,1141.00,529.00,26.80,76.90,1,-1,-1,-1
236,394,1011.00,529.00,29.90,69.40,1,-1,-1,-1
236,395,960.00,553.00,24.40,64.00,1,-1,-1,-1
237,28,836.00,517.00,20.90,54.70,1,-1,-1,-1
237,180,907.00,409.00,83.80,164.50,1,-1,-1,-1
237,192,1236.00,565.00,66.10,130.20,1,-1,-1,-1
237,201,120.00,588.00,31.30,88.40,1,-1,-1,-1
237,226,1387.00,548.00,44.90,135.80,1,-1,-1,-1
237,270,985.00,532.00,24.80,60.00,1,-1,-1,-1
237,285,0.00,576.00,18.00,107.30,1,-1,-1,-1
237,307,1828.00,538.00,63.60,148.50,1,-1,-1,-1
237,347,1068.00,543.00,28.90,80.20,1,-1,-1,-1
237,387,1148.00,529.00,26.70,75.40,1,-1,-1,-1
237,394,1012.00,526.00,29.10,67.60,1,-1,-1,-1
237,395,964.00,552.00,22.80,65.10,1,-1,-1,-1
237,397,996.00,524.00,24.60,75.50,1,-1,-1,-1
238,28,838.00,515.00,22.10,55.90,1,-1,-1,-1
238,180,898.00,405.00,88.00,171.20,1,-1,-1,-1
238,192,1242.00,557.00,57.00,133.30,1,-1,-1,-1
238,201,122.00,588.00,31.00,91.40,1,-1,-1,-1
238,226,1384.00,552.00,51.80,140.10,1,-1,-1,-1
238,270,990.00,531.00,24.10,61.40,1,-1,-1,-1
238,307,1832.00,535.00,73.40,163.30,1,-1,-1,-1
238,347,1065.00,538.00,32.70,83.00,1,-1,-1,-1
238,387,1152.00,523.00,28.60,77.90,1,-1,-1,-1
238,394,1010.00,530.00,31.40,83.60,1,-1,-1,-1
238,395,972.00,548.00,24.00,62.80,1,-1,-1,-1
238,398,1002.00,559.00,23.00,61.30,1,-1,-1,-1
239,28,840.00,518.00,20.30,49.40,1,-1,-1,-1
239,180,910.00,413.00,89.70,169.50,1,-1,-1,-1
239,192,1245.00,563.00,66.20,135.90,1,-1,-1,-1
239,201,119.00,586.00,35.10,87.00,1,-1,-1,-1
239,226,1390.00,547.00,52.90,146.10,1,-1,-1,-1
239,270,991.00,528.00,25.20,63.70,1,-1,-1,-1
239,307,1845.00,529.00,71.90,162.60,1,-1,-1,-1
239,347,1069.00,542.00,32.10,78.30,1,-1,-1,-1
239,387,1152.00,524.00,28.70,74.30,1,-1,-1,-1
239,394,1010.00,527.00,37.10,86.50,1,-1,-1,-1
239,395,966.00,558.00,28.00,63.10,1,-1,-1,-1
239,398,997.00,547.00,26.00,70.20,1,-1,-1,-1
240,28,841.00,521.00,18.80,44.70,1,-1,-1,-1
240,180,907.00,408.00,88.90,177.00,1,-1,-1,-1
240,192,1251.00,561.00,66.00,146.10,1,-1,-1,-1
240,201,118.00,585.00,35.00,91.40,1,-1,-1,-1
240,226,1393.00,553.00,46.50,132.20,1,-1,-1,-1
240,270,993.00,524.00,25.90,67.40,1,-1,-1,-1
240,307,1854.00,541.00,69.30,138.00,1,-1,-1,-1
240,347,1067.00,537.00,33.40,96.20,1,-1,-1,-1
240,387,1162.00,527.00,25.10,71.80,1,-1,-1,-1
240,395,964.00,551.00,32.60,71.00,1,-1,-1,-1
240,398,1001.00,548.00,24.10,66.30,1,-1,-1,-1
240,399,884.00,656.00,29.90,88.10,1,-1,-1,-1
241,28,842.00,516.00,20.00,52.20,1,-1,-1,-1
241,180,912.00,405.00,91.40,173.00,1,-1,-1,-1
241,192,1254.00,557.00,74.90,156.00,1,-1,-1,-1
241,201,119.00,586.00,35.70,95.10,1,-1,-1,-1
241,226,1389.00,544.00,56.70,155.20,1,-1,-1,-1
241,270,994.00,527.00,26.40,70.20,1,-1,-1,-1
241,307,1873.00,528.00,63.30,163.50,1,-1,-1,-1
241,347,1068.00,541.00,32.30,89.70,1,-1,-1,-1
241,387,1158.00,529.00,27.40,77.10,1,-1,-1,-1
241,395,973.00,552.00,31.10,75.10,1,-1,-1,-1
241,400,1011.00,549.00,30.50,79.70,1,-1,-1,-1
242,28,847.00,519.00,20.40,49.80,1,-1,-1,-1
242,180,914.00,398.00,98.70,187.90,1,-1,-1,-1
242,192,1267.00,565.00,55.10,138.40,1,-1,-1,-1
242,201,116.00,589.00,36.20,89.90,1,-1,-1,-1
242,226,1405.00,552.00,50.50,146.50,1,-1,-1,-1
242,270,999.00,524.00,26.60,81.00,1,-1,-1,-1
242,347,1069.00,539.00,32.70,85.20,1,-1,-1,-1
242,395,970.00,562.00,32.00,76.00,1,-1,-1,-1
242,400,1011.00,551.00,29.10,77.00,1,-1,-1,-1
242,401,988.00,555.00,30.50,72.60,1,-1,-1,-1
242,402,1023.00,524.00,24.20,75.70,1,-1,-1,-1
242,403,1225.00,651.00,48.10,135.60,1,-1,-1,-1
242,404,1030.00,542.00,28.60,77.80,1,-1,-1,-1
243,28,850.00,515.00,20.10,53.80,1,-1,-1,-1
243,180,922.00,396.00,91.30,190.20,1,-1,-1,-1
243,192,1269.00,560.00,68.60,148.90,1,-1,-1,-1
243,201,117.00,582.00,36.20,101.10,1,-1,-1,-1
243,226,1406.00,553.00,52.10,145.30,1,-1,-1,-1
243,270,999.00,511.00,30.50,80.50,1,-1,-1,-1
243,347,1069.00,543.00,30.70,81.40,1,-1,-1,-1
243,400,1012.00,551.00,29.80,70.20,1,-1,-1,-1
243,402,1024.00,543.00,32.50,83.10,1,-1,-1,-1
243,405,1169.00,521.00,30.30,79.30,1,-1,-1,-1
243,406,1087.00,539.00,31.70,83.50,1,-1,-1,-1
244,28,848.00,513.00,21.30,53.80,1,-1,-1,-1
244,180,918.00,397.00,97.00,181.70,1,-1,-1,-1
244,192,1284.00,567.00,63.40,140.20,1,-1,-1,-1
244,201,119.00,580.00,36.40,94.20,1,-1,-1,-1
244,226,1414.00,550.00,53.60,144.70,1,-1,-1,-1
244,270,1004.00,517.00,25.30,67.90,1,-1,-1,-1
244,347,1072.00,540.00,29.10,84.20,1,-1,-1,-1
244,402,1031.00,550.00,30.40,71.80,1,-1,-1,-1
244,405,1173.00,520.00,27.50,79.00,1,-1,-1,-1
244,407,1054.00,542.00,32.40,82.30,1,-1,-1,-1
244,408,992.00,528.00,35.30,86.20,1,-1,-1,-1
245,28,856.00,520.00,17.50,47.30,1,-1,-1,-1
245,180,913.00,381.00,103.70,205.60,1,-1,-1,-1
245,192,1288.00,569.00,61.50,149.50,1,-1,-1,-1
245,201,118.00,584.00,31.10,93.80,1,-1,-1,-1
245,226,1411.00,544.00,61.60,159.10,1,-1,-1,-1
245,347,1073.00,543.00,33.00,74.70,1,-1,-1,-1
245,402,1045.00,551.00,29.50,71.80,1,-1,-1,-1
245,405,1177.00,523.00,29.00,73.70,1,-1,-1,-1
245,409,1010.00,548.00,33.20,77.30,1,-1,-1,-1
245,410,1125.00,570.00,20.20,50.60,1,-1,-1,-1
246,28,860.00,520.00,18.00,47.50,1,-1,-1,-1
246,180,925.00,401.00,103.10,193.40,1,-1,-1,-1
246,192,1294.00,567.00,65.30,153.90,1,-1,-1,-1
246,201,119.00,581.00,37.40,98.80,1,-1,-1,-1
246,226,1423.00,553.00,46.30,140.00,1,-1,-1,-1
246,347,1082.00,541.00,31.80,85.50,1,-1,-1,-1
246,402,1043.00,553.00,33.70,77.90,1,-1,-1,-1
246,405,1181.00,520.00,32.30,81.80,1,-1,-1,-1
246,409,1009.00,541.00,32.50,88.30,1,-1,-1,-1
246,411,1060.00,546.00,32.80,81.30,1,-1,-1,-1
247,28,861.00,517.00,19.70,47.30,1,-1,-1,-1
247,180,925.00,387.00,105.00,214.30,1,-1,-1,-1
247,192,1305.00,562.00,64.60,148.80,1,-1,-1,-1
247,201,117.00,586.00,35.00,97.10,1,-1,-1,-1
247,226,1428.00,548.00,54.70,150.80,1,-1,-1,-1
247,347,1079.00,543.00,32.60,87.30,1,-1,-1,-1
247,402,1029.00,527.00,39.30,97.10,1,-1,-1,-1
247,405,1184.00,522.00,30.10,78.20,1,-1,-1,-1
247,409,1020.00,552.00,34.90,76.60,1,-1,-1,-1
247,411,1057.00,553.00,35.20,83.00,1,-1,-1,-1
248,28,864.00,517.00,20.50,50.20,1,-1,-1,-1
248,180,940.00,387.00,102.70,212.10,1,-1,-1,-1
248,192,1312.00,570.00,66.00,151.00,1,-1,-1,-1
248,201,118.00,583.00,35.30,95.50,1,-1,-1,-1
248,226,1427.00,550.00,55.00,141.80,1,-1,-1,-1
248,347,1084.00,534.00,37.70,98.80,1,-1,-1,-1
248,402,1037.00,528.00,39.30,106.80,1,-1,-1,-1
248,405,1190.00,526.00,30.40,71.80,1,-1,-1,-1
248,409,1022.00,549.00,36.80,87.50,1,-1,-1,-1
248,411,1054.00,558.00,33.10,77.70,1,-1,-1,-1
248,412,1121.00,535.00,28.80,73.00,1,-1,-1,-1
249,28,870.00,518.00,20.90,52.50,1,-1,-1,-1
249,180,935.00,395.00,98.00,204.90,1,-1,-1,-1
249,192,1327.00,568.00,66.10,155.20,1,-1,-1,-1
249,201,119.00,586.00,35.40,93.30,1,-1,-1,-1
249,226,1437.00,558.00,54.90,138.70,1,-1,-1,-1
249,347,1089.00,542.00,35.40,90.20,1,-1,-1,-1
249,402,1038.00,552.00,33.10,74.30,1,-1,-1,-1
249,405,1195.00,522.00,26.40,82.10,1,-1,-1,-1
249,409,1019.00,557.00,31.90,65.00,1,-1,-1,-1
249,412,1128.00,543.00,28.60,69.10,1,-1,-1,-1
249,413,1068.00,529.00,40.00,101.60,1,-1,-1,-1
249,414,1111.00,539.00,33.20,82.30,1,-1,-1,-1
250,28,871.00,515.00,20.90,51.00,1,-1,-1,-1
250,180,948.00,387.00,101.60,204.50,1,-1,-1,-1
250,192,1327.00,569.00,67.80,153.40,1,-1,-1,-1
250,201,123.00,591.00,33.30,93.60,1,-1,-1,-1
250,226,1442.00,545.00,60.90,154.70,1,-1,-1,-1
250,347,1096.00,538.00,34.00,89.70,1,-1,-1,-1
250,402,1033.00,558.00,27.00,66.30,1,-1,-1,-1
250,405,1200.00,524.00,28.30,80.40,1,-1,-1,-1
250,412,1136.00,542.00,31.00,81.50,1,-1,-1,-1
250,413,1078.00,532.00,36.00,104.70,1,-1,-1,-1
250,414,1116.00,541.00,29.40,80.80,1,-1,-1,-1
250,415,1056.00,552.00,39.00,83.00,1,-1,-1,-1
251,28,877.00,519.00,20.20,46.80,1,-1,-1,-1
251,180,952.00,394.00,96.80,208.90,1,-1,-1,-1
251,192,1341.00,576.00,62.00,148.20,1,-1,-1,-1
251,201,124.00,591.00,35.60,94.70,1,-1,-1,-1
251,226,1445.00,553.00,58.60,152.90,1,-1,-1,-1
251,347,1090.00,540.00,41.00,96.70,1,-1,-1,-1
251,405,1207.00,523.00,29.90,78.40,1,-1,-1,-1
251,412,1144.00,526.00,37.30,93.00,1,-1,-1,-1
251,414,1119.00,544.00,35.80,84.20,1,-1,-1,-1
251,415,1044.00,521.00,44.30,107.20,1,-1,-1,-1
251,416,925.00,524.00,27.80,74.90,1,-1,-1,-1
252,28,879.00,521.00,20.60,46.40,1,-1,-1,-1
252,180,953.00,383.00,108.30,219.50,1,-1,-1,-1
252,192,1351.00,576.00,61.80,141.40,1,-1,-1,-1
252,201,123.00,589.00,34.20,94.90,1,-1,-1,-1
252,226,1459.00,541.00,55.40,151.30,1,-1,-1,-1
252,347,1102.00,545.00,34.40,81.50,1,-1,-1,-1
252,405,1207.00,522.00,33.00,82.00,1,-1,-1,-1
252,412,1148.00,518.00,37.00,106.60,1,-1,-1,-1
252,414,1131.00,545.00,29.90,74.70,1,-1,-1,-1
252,415,1058.00,556.00,32.50,73.60,1,-1,-1,-1
252,417,1076.00,553.00,35.90,79.40,1,-1,-1,-1
252,418,1192.00,539.00,24.00,63.00,1,-1,-1,-1
253,28,883.00,521.00,20.40,50.70,1,-1,-1,-1
253,180,959.00,387.00,112.20,224.90,1,-1,-1,-1
253,192,1354.00,570.00,71.20,153.40,1,-1,-1,-1
253,201,128.00,589.00,35.00,98.10,1,-1,-1,-1
253,226,1460.00,541.00,61.20,155.30,1,-1,-1,-1
253,347,1097.00,544.00,37.80,89.90,1,-1,-1,-1
253,405,1217.00,518.00,29.60,83.10,1,-1,-1,-1
253,412,1160.00,538.00,31.80,80.80,1,-1,-1,-1
253,414,1134.00,541.00,37.10,92.00,1,-1,-1,-1
253,418,1201.00,532.00,24.40,70.40,1,-1,-1,-1
253,419,1297.00,594.00,37.00,104.40,1,-1,-1,-1
254,28,886.00,520.00,21.80,44.70,1,-1,-1,-1
254,180,968.00,386.00,111.90,226.20,1,-1,-1,-1
254,192,1366.00,566.00,65.30,164.20,1,-1,-1,-1
254,201,131.00,597.00,34.50,93.70,1,-1,-1,-1
254,226,1472.00,550.00,58.20,140.50,1,-1,-1,-1
254,347,1099.00,544.00,37.20,88.20,1,-1,-1,-1
254,405,1223.00,525.00,30.20,77.00,1,-1,-1,-1
254,412,1150.00,535.00,38.40,99.60,1,-1,-1,-1
254,414,1123.00,545.00,34.20,86.40,1,-1,-1,-1
254,418,1202.00,525.00,27.40,86.10,1,-1,-1,-1
255,28,890.00,519.00,21.30,51.10,1,-1,-1,-1
255,180,975.00,373.00,123.70,246.70,1,-1,-1,-1
255,192,1381.00,578.00,57.20,151.50,1,-1,-1,-1
255,201,128.00,596.00,34.50,96.80,1,-1,-1,-1
255,226,1477.00,534.00,56.90,161.70,1,-1,-1,-1
255,347,1107.00,545.00,38.70,88.90,1,-1,-1,-1
255,405,1218.00,526.00,34.90,93.90,1,-1,-1,-1
255,412,1140.00,544.00,38.90,84.20,1,-1,-1,-1
255,418,1208.00,533.00,27.00,78.20,1,-1,-1,-1
255,420,1231.00,516.00,27.30,76.30,1,-1,-1,-1
255,421,-1.00,604.00,26.60,100.40,1,-1,-1,-1
255,422,1162.00,525.00,37.40,92.90,1,-1,-1,-1
256,28,897.00,518.00,21.80,51.00,1,-1,-1,-1
256,180,986.00,367.00,112.20,245.80,1,-1,-1,-1
256,192,1386.00,567.00,62.40,157.70,1,-1,-1,-1
256,201,134.00,604.00,33.70,93.80,1,-1,-1,-1
256,226,1484.00,539.00,60.40,162.10,1,-1,-1,-1
256,347,1109.00,540.00,43.00,97.80,1,-1,-1,-1
256,405,1213.00,530.00,30.30,84.70,1,-1,-1,-1
256,412,1153.00,541.00,33.50,92.70,1,-1,-1,-1
256,420,1236.00,532.00,29.30,81.30,1,-1,-1,-1
256,421,-2.00,609.00,29.30,98.80,1,-1,-1,-1
256,422,1170.00,544.00,34.70,73.20,1,-1,-1,-1
256,423,1356.00,586.00,55.50,135.80,1,-1,-1,-1
257,28,899.00,517.00,21.10,48.90,1,-1,-1,-1
257,180,980.00,369.00,133.50,250.30,1,-1,-1,-1
257,192,1395.00,574.00,67.30,159.00,1,-1,-1,-1
257,201,136.00,597.00,37.10,101.10,1,-1,-1,-1
257,226,1497.00,537.00,58.80,155.50,1,-1,-1,-1
257,347,1116.00,541.00,38.90,93.90,1,-1,-1,-1
257,405,1221.00,524.00,29.80,90.40,1,-1,-1,-1
257,412,1139.00,535.00,34.90,93.80,1,-1,-1,-1
257,420,1243.00,513.00,29.60,88.00,1,-1,-1,-1
257,421,-1.00,603.00,23.20,108.30,1,-1,-1,-1
257,424,1191.00,528.00,37.50,91.40,1,-1,-1,-1
258,28,904.00,519.00,23.00,54.60,1,-1,-1,-1
258,180,994.00,370.00,121.80,240.10,1,-1,-1,-1
258,192,1409.00,576.00,68.90,166.30,1,-1,-1,-1
258,201,140.00,600.00,34.80,94.20,1,-1,-1,-1
258,226,1501.00,531.00,60.50,172.20,1,-1,-1,-1
258,347,1117.00,547.00,36.90,84.00,1,-1,-1,-1
258,405,1223.00,532.00,30.60,83.10,1,-1,-1,-1
258,420,1245.00,527.00,33.00,89.50,1,-1,-1,-1
258,421,0.00,609.00,26.10,101.00,1,-1,-1,-1
258,424,1196.00,536.00,42.50,79.10,1,-1,-1,-1
259,28,911.00,515.00,22.00,53.60,1,-1,-1,-1
259,180,1002.00,366.00,120.50,252.80,1,-1,-1,-1
259,192,1417.00,575.00,69.10,174.20,1,-1,-1,-1
259,201,143.00,602.00,34.00,92.60,1,-1,-1,-1
259,226,1502.00,542.00,70.00,161.50,1,-1,-1,-1
259,347,1120.00,540.00,41.00,91.10,1,-1,-1,-1
259,405,1235.00,534.00,28.80,75.50,1,-1,-1,-1
259,420,1256.00,519.00,26.70,72.30,1,-1,-1,-1
259,421,-2.00,608.00,28.00,99.10,1,-1,-1,-1
259,425,1152.00,538.00,30.20,75.70,1,-1,-1,-1
260,28,916.00,513.00,23.70,56.50,1,-1,-1,-1
260,180,1001.00,363.00,124.40,245.80,1,-1,-1,-1
260,192,1427.00,580.00,68.00,173.80,1,-1,-1,-1
260,201,141.00,594.00,37.70,106.40,1,-1,-1,-1
260,226,1501.00,536.00,67.20,163.50,1,-1,-1,-1
260,347,1130.00,543.00,39.30,91.30,1,-1,-1,-1
260,405,1240.00,541.00,33.90,74.70,1,-1,-1,-1
260,420,1264.00,525.00,32.20,86.80,1,-1,-1,-1
260,421,0.00,604.00,28.50,101.50,1,-1,-1,-1
260,425,1155.00,533.00,38.80,103.30,1,-1,-1,-1
261,28,922.00,516.00,24.00,57.90,1,-1,-1,-1
261,180,1016.00,366.00,144.50,237.70,1,-1,-1,-1
261,192,1446.00,575.00,71.20,178.30,1,-1,-1,-1
261,201,149.00,600.00,36.70,95.90,1,-1,-1,-1
261,226,1513.00,539.00,71.50,163.70,1,-1,-1,-1
261,347,1134.00,544.00,38.20,95.10,1,-1,-1,-1
261,420,1265.00,516.00,37.30,103.30,1,-1,-1,-1
261,421,-1.00,614.00,36.80,99.20,1,-1,-1,-1
261,425,1155.00,534.00,36.90,91.80,1,-1,-1,-1
262,28,931.00,519.00,22.10,52.00,1,-1,-1,-1
262,180,1036.00,349.00,144.90,265.20,1,-1,-1,-1
262,192,1453.00,573.00,70.70,184.20,1,-1,-1,-1
262,201,152.00,602.00,34.40,98.40,1,-1,-1,-1
262,226,1513.00,544.00,84.10,162.80,1,-1,-1,-1
262,420,1269.00,518.00,34.00,98.40,1,-1,-1,-1
262,421,1.00,613.00,30.80,97.60,1,-1,-1,-1
262,425,1156.00,526.00,47.00,106.90,1,-1,-1,-1
262,426,1257.00,545.00,28.90,62.70,1,-1,-1,-1
262,427,1187.00,523.00,37.60,107.50,1,-1,-1,-1
262,428,1023.00,535.00,24.40,63.80,1,-1,-1,-1
263,28,932.00,512.00,26.60,61.40,1,-1,-1,-1
263,180,1045.00,373.00,114.90,246.60,1,-1,-1,-1
263,192,1470.00,578.00,72.30,174.70,1,-1,-1,-1
263,201,150.00,599.00,37.00,101.30,1,-1,-1,-1
263,226,1532.00,550.00,73.90,151.40,1,-1,-1,-1
263,420,1283.00,528.00,34.30,83.10,1,-1,-1,-1
263,421,1.00,609.00,31.70,103.50,1,-1,-1,-1
263,425,1151.00,544.00,38.40,96.90,1,-1,-1,-1
263,427,1196.00,524.00,38.00,111.80,1,-1,-1,-1
264,28,935.00,517.00,26.30,56.70,1,-1,-1,-1
264,180,1054.00,359.00,121.20,255.70,1,-1,-1,-1
264,192,1478.00,575.00,74.10,179.50,1,-1,-1,-1
264,201,153.00,602.00,33.90,99.00,1,-1,-1,-1
264,226,1531.00,541.00,95.70,160.90,1,-1,-1,-1
264,420,1290.00,517.00,27.40,85.40,1,-1,-1,-1
264,421,3.00,608.00,36.10,103.20,1,-1,-1,-1
264,425,1163.00,543.00,40.80,96.10,1,-1,-1,-1
264,427,1193.00,520.00,41.40,116.70,1,-1,-1,-1
264,429,1035.00,525.00,21.40,68.00,1,-1,-1,-1
265,28,942.00,514.00,24.90,54.80,1,-1,-1,-1
265,180,1053.00,348.00,159.20,276.00,1,-1,-1,-1
265,192,1485.00,585.00,77.90,167.90,1,-1,-1,-1
265,201,156.00,606.00,35.90,98.30,1,-1,-1,-1
265,226,1547.00,552.00,83.70,159.10,1,-1,-1,-1
265,420,1296.00,520.00,28.50,82.10,1,-1,-1,-1
265,421,6.00,616.00,32.40,94.20,1,-1,-1,-1
265,427,1207.00,529.00,38.30,103.90,1,-1,-1,-1
265,429,1034.00,518.00,29.80,76.20,1,-1,-1,-1
266,28,947.00,515.00,23.20,53.50,1,-1,-1,-1
266,180,1066.00,362.00,149.00,258.00,1,-1,-1,-1
266,192,1507.00,588.00,69.30,160.90,1,-1,-1,-1
266,201,157.00,599.00,39.40,102.70,1,-1,-1,-1
266,226,1560.00,555.00,92.10,153.30,1,-1,-1,-1
266,420,1304.00,522.00,33.80,91.00,1,-1,-1,-1
266,421,8.00,616.00,39.70,98.80,1,-1,-1,-1
266,427,1213.00,542.00,39.60,105.10,1,-1,-1,-1
267,28,950.00,519.00,23.90,49.70,1,-1,-1,-1
267,180,1085.00,346.00,135.80,291.60,1,-1,-1,-1
267,192,1524.00,579.00,82.40,184.30,1,-1,-1,-1
267,201,159.00,602.00,36.70,104.20,1,-1,-1,-1
267,226,1569.00,553.00,81.50,167.50,1,-1,-1,-1
267,420,1311.00,525.00,31.40,84.80,1,-1,-1,-1
267,421,12.00,621.00,34.50,89.00,1,-1,-1,-1
267,427,1218.00,542.00,41.60,106.30,1,-1,-1,-1
267,430,1376.00,636.00,28.20,75.00,1,-1,-1,-1
267,431,957.00,509.00,26.60,66.00,1,-1,-1,-1
268,28,960.00,518.00,25.10,53.90,1,-1,-1,-1
268,180,1095.00,356.00,133.50,291.70,1,-1,-1,-1
268,192,1534.00,592.00,79.40,180.60,1,-1,-1,-1
268,201,163.00,602.00,40.60,103.40,1,-1,-1,-1
268,226,1574.00,540.00,87.90,175.60,1,-1,-1,-1
268,420,1319.00,522.00,33.30,92.90,1,-1,-1,-1
268,421,15.00,616.00,35.70,94.50,1,-1,-1,-1
268,427,1217.00,542.00,50.80,103.30,1,-1,-1,-1
268,432,1057.00,508.00,41.20,99.20,1,-1,-1,-1
269,28,961.00,518.00,25.30,57.00,1,-1,-1,-1
269,180,1118.00,372.00,121.90,274.50,1,-1,-1,-1
269,192,1554.00,594.00,63.60,181.80,1,-1,-1,-1
269,201,166.00,598.00,36.10,104.70,1,-1,-1,-1
269,226,1588.00,559.00,73.00,160.10,1,-1,-1,-1
269,420,1325.00,526.00,36.00,90.20,1,-1,-1,-1
269,421,13.00,616.00,37.10,93.60,1,-1,-1,-1
269,427,1229.00,553.00,36.90,92.90,1,-1,-1,-1
270,28,968.00,515.00,25.60,58.90,1,-1,-1,-1
270,180,1104.00,355.00,168.10,295.20,1,-1,-1,-1
270,192,1559.00,583.00,70.80,199.90,1,-1,-1,-1
270,201,165.00,598.00,37.50,101.40,1,-1,-1,-1
270,226,1589.00,526.00,88.60,206.20,1,-1,-1,-1
270,420,1337.00,526.00,30.70,87.40,1,-1,-1,-1
270,421,18.00,609.00,36.80,96.90,1,-1,-1,-1
270,433,1689.00,573.00,54.10,109.60,1,-1,-1,-1
271,28,972.00,517.00,23.90,49.70,1,-1,-1,-1
271,180,1132.00,347.00,141.80,293.70,1,-1,-1,-1
271,192,1590.00,591.00,59.90,193.50,1,-1,-1,-1
271,201,174.00,593.00,37.90,100.70,1,-1,-1,-1
271,226,1597.00,536.00,93.60,192.10,1,-1,-1,-1
271,420,1345.00,526.00,32.20,88.50,1,-1,-1,-1
271,421,20.00,608.00,39.90,99.90,1,-1,-1,-1
272,28,981.00,516.00,23.50,51.50,1,-1,-1,-1
272,180,1135.00,353.00,145.00,290.70,1,-1,-1,-1
272,192,1601.00,592.00,70.00,205.90,1,-1,-1,-1
272,201,173.00,596.00,36.20,104.90,1,-1,-1,-1
272,226,1620.00,553.00,85.30,186.60,1,-1,-1,-1
272,420,1351.00,530.00,33.60,86.90,1,-1,-1,-1
272,421,21.00,608.00,37.10,98.50,1,-1,-1,-1
273,28,982.00,518.00,23.90,49.80,1,-1,-1,-1
273,180,1160.00,338.00,155.00,314.80,1,-1,-1,-1
273,192,1605.00,590.00,79.30,206.00,1,-1,-1,-1
273,201,182.00,595.00,38.20,99.70,1,-1,-1,-1
273,226,1628.00,540.00,95.50,218.70,1,-1,-1,-1
273,420,1358.00,526.00,32.70,91.30,1,-1,-1,-1
273,421,23.00,603.00,40.50,101.20,1,-1,-1,-1
274,28,990.00,517.00,23.60,47.80,1,-1,-1,-1
274,180,1172.00,354.00,163.50,287.30,1,-1,-1,-1
274,192,1627.00,597.00,72.30,206.70,1,-1,-1,-1
274,201,183.00,592.00,37.20,104.50,1,-1,-1,-1
274,420,1366.00,526.00,30.50,85.90,1,-1,-1,-1
274,421,26.00,603.00,38.50,99.10,1,-1,-1,-1
275,28,994.00,516.00,22.30,45.60,1,-1,-1,-1
275,180,1184.00,332.00,158.00,297.10,1,-1,-1,-1
275,192,1647.00,599.00,69.70,209.40,1,-1,-1,-1
275,201,188.00,591.00,37.40,106.60,1,-1,-1,-1
275,420,1374.00,525.00,32.70,87.80,1,-1,-1,-1
275,421,30.00,612.00,36.40,92.30,1,-1,-1,-1
276,28,999.00,514.00,24.70,52.40,1,-1,-1,-1
276,180,1206.00,330.00,161.00,306.60,1,-1,-1,-1
276,192,1652.00,612.00,77.20,203.90,1,-1,-1,-1
276,201,187.00,589.00,39.80,111.10,1,-1,-1,-1
276,420,1379.00,524.00,33.70,93.70,1,-1,-1,-1
276,421,27.00,603.00,41.40,105.60,1,-1,-1,-1
276,434,1755.00,558.00,59.50,148.90,1,-1,-1,-1
276,435,1668.00,554.00,41.50,100.10,1,-1,-1,-1
276,436,1383.00,544.00,42.80,120.40,1,-1,-1,-1
277,28,1008.00,517.00,20.00,45.90,1,-1,-1,-1
277,180,1212.00,334.00,191.90,322.20,1,-1,-1,-1
277,192,1670.00,605.00,92.80,219.50,1,-1,-1,-1
277,201,193.00,590.00,37.70,111.60,1,-1,-1,-1
277,420,1389.00,521.00,37.10,97.30,1,-1,-1,-1
277,421,31.00,603.00,39.00,100.80,1,-1,-1,-1
277,437,1175.00,531.00,31.20,87.20,1,-1,-1,-1
277,438,1784.00,542.00,59.10,144.50,1,-1,-1,-1
278,28,1009.00,515.00,23.50,46.50,1,-1,-1,-1
278,180,1214.00,327.00,211.90,322.50,1,-1,-1,-1
278,192,1686.00,609.00,97.00,224.40,1,-1,-1,-1
278,201,196.00,593.00,37.50,106.30,1,-1,-1,-1
278,421,35.00,602.00,40.70,106.40,1,-1,-1,-1
278,437,1185.00,533.00,25.00,64.60,1,-1,-1,-1
278,438,1815.00,546.00,55.30,134.90,1,-1,-1,-1
278,439,1685.00,554.00,58.50,173.40,1,-1,-1,-1
278,440,1655.00,562.00,57.90,125.60,1,-1,-1,-1
278,441,1020.00,541.00,20.10,40.50,1,-1,-1,-1
278,442,178.00,598.00,32.40,95.70,1,-1,-1,-1
279,28,1013.00,515.00,22.00,43.30,1,-1,-1,-1
279,180,1251.00,334.00,200.20,331.80,1,-1,-1,-1
279,192,1705.00,602.00,98.10,236.60,1,-1,-1,-1
279,201,193.00,596.00,39.90,104.50,1,-1,-1,-1
279,421,35.00,608.00,39.50,103.30,1,-1,-1,-1
279,437,1191.00,534.00,28.50,66.70,1,-1,-1,-1
279,439,1683.00,547.00,71.70,187.30,1,-1,-1,-1
279,443,1846.00,570.00,45.50,115.90,1,-1,-1,-1
279,444,1065.00,508.00,28.70,79.30,1,-1,-1,-1
280,28,1020.00,515.00,22.10,46.90,1,-1,-1,-1
280,180,1251.00,314.00,201.40,337.20,1,-1,-1,-1
280,192,1715.00,615.00,99.70,220.00,1,-1,-1,-1
280,201,199.00,593.00,37.50,109.60,1,-1,-1,-1
280,421,37.00,605.00,40.00,109.50,1,-1,-1,-1
280,439,1700.00,554.00,76.80,182.50,1,-1,-1,-1
280,445,1226.00,550.00,41.30,107.50,1,-1,-1,-1
280,446,1134.00,531.00,26.60,63.50,1,-1,-1,-1
281,28,1028.00,511.00,24.30,51.90,1,-1,-1,-1
281,180,1260.00,310.00,217.40,362.10,1,-1,-1,-1
281,192,1741.00,611.00,96.50,233.50,1,-1,-1,-1
281,201,204.00,598.00,38.70,107.70,1,-1,-1,-1
281,421,42.00,611.00,39.80,107.40,1,-1,-1,-1
281,439,1713.00,540.00,61.10,194.30,1,-1,-1,-1
281,445,1233.00,538.00,50.00,110.10,1,-1,-1,-1
281,447,1845.00,593.00,53.40,112.60,1,-1,-1,-1
282,28,1033.00,518.00,19.10,36.70,1,-1,-1,-1
282,180,1293.00,283.00,203.80,407.40,1,-1,-1,-1
282,192,1762.00,624.00,105.00,212.30,1,-1,-1,-1
282,201,200.00,596.00,40.90,111.90,1,-1,-1,-1
282,421,43.00,611.00,36.90,95.10,1,-1,-1,-1
282,439,1723.00,550.00,72.10,186.60,1,-1,-1,-1
282,448,1067.00,545.00,18.70,37.70,1,-1,-1,-1
283,28,1038.00,517.00,21.10,41.90,1,-1,-1,-1
283,180,1311.00,300.00,221.90,368.60,1,-1,-1,-1
283,192,1768.00,615.00,118.40,237.50,1,-1,-1,-1
283,201,208.00,596.00,40.50,114.60,1,-1,-1,-1
283,421,41.00,610.00,40.60,107.80,1,-1,-1,-1
283,439,1735.00,551.00,77.90,179.70,1,-1,-1,-1
283,449,1240.00,544.00,42.70,110.80,1,-1,-1,-1
283,450,1277.00,541.00,45.00,118.60,1,-1,-1,-1
284,28,1041.00,514.00,22.70,46.30,1,-1,-1,-1
284,180,1324.00,278.00,241.20,415.90,1,-1,-1,-1
284,192,1802.00,613.00,106.90,248.20,1,-1,-1,-1
284,201,205.00,598.00,38.40,115.00,1,-1,-1,-1
284,421,47.00,611.00,42.20,109.90,1,-1,-1,-1
284,439,1753.00,546.00,72.10,189.90,1,-1,-1,-1
284,449,1245.00,544.00,41.30,110.60,1,-1,-1,-1
284,450,1292.00,540.00,44.50,112.30,1,-1,-1,-1
285,28,1047.00,515.00,24.80,49.00,1,-1,-1,-1
285,180,1349.00,294.00,223.70,390.10,1,-1,-1,-1
285,192,1820.00,621.00,97.10,220.40,1,-1,-1,-1
285,201,212.00,600.00,38.40,109.60,1,-1,-1,-1
285,421,48.00,612.00,42.10,106.20,1,-1,-1,-1
285,439,1760.00,542.00,76.80,199.70,1,-1,-1,-1
285,449,1253.00,536.00,46.10,121.50,1,-1,-1,-1
285,450,1310.00,541.00,44.80,111.10,1,-1,-1,-1
285,451,1163.00,520.00,29.20,77.80,1,-1,-1,-1
286,28,1051.00,515.00,23.10,47.80,1,-1,-1,-1
286,180,1360.00,270.00,260.40,444.90,1,-1,-1,-1
286,192,1848.00,619.00,85.00,234.50,1,-1,-1,-1
286,201,216.00,604.00,37.60,107.10,1,-1,-1,-1
286,421,46.00,616.00,44.60,105.30,1,-1,-1,-1
286,439,1767.00,546.00,90.80,198.40,1,-1,-1,-1
286,449,1257.00,539.00,45.40,116.50,1,-1,-1,-1
286,451,1171.00,521.00,29.00,83.30,1,-1,-1,-1
286,452,1192.00,521.00,30.00,85.50,1,-1,-1,-1
287,28,1060.00,513.00,23.60,49.40,1,-1,-1,-1
287,180,1394.00,271.00,259.60,433.80,1,-1,-1,-1
287,192,1879.00,632.00,59.50,239.60,1,-1,-1,-1
287,201,216.00,611.00,36.20,104.80,1,-1,-1,-1
287,421,49.00,616.00,42.10,111.00,1,-1,-1,-1
287,439,1788.00,550.00,80.30,190.40,1,-1,-1,-1
287,449,1261.00,552.00,45.50,109.00,1,-1,-1,-1
287,452,1194.00,524.00,29.60,81.00,1,-1,-1,-1
287,453,1129.00,508.00,27.80,84.70,1,-1,-1,-1
288,28,1067.00,516.00,21.40,41.60,1,-1,-1,-1
288,180,1430.00,248.00,237.40,477.50,1,-1,-1,-1
288,201,220.00,604.00,40.70,107.00,1,-1,-1,-1
288,421,50.00,617.00,41.10,112.10,1,-1,-1,-1
288,439,1799.00,544.00,76.30,191.60,1,-1,-1,-1
288,449,1271.00,553.00,42.40,113.70,1,-1,-1,-1
288,452,1197.00,518.00,34.00,87.30,1,-1,-1,-1
288,454,1307.00,535.00,48.10,123.20,1,-1,-1,-1
288,455,1157.00,506.00,22.00,49.50,1,-1,-1,-1
289,28,1065.00,515.00,24.50,46.80,1,-1,-1,-1
289,180,1436.00,239.00,243.50,507.00,1,-1,-1,-1
289,201,223.00,604.00,43.30,118.20,1,-1,-1,-1
289,421,53.00,618.00,42.80,109.00,1,-1,-1,-1
289,439,1819.00,539.00,81.60,209.80,1,-1,-1,-1
289,449,1279.00,561.00,39.60,108.20,1,-1,-1,-1
289,452,1207.00,527.00,30.80,80.70,1,-1,-1,-1
290,28,1072.00,510.00,23.90,46.70,1,-1,-1,-1
290,180,1483.00,229.00,249.30,504.10,1,-1,-1,-1
290,201,227.00,608.00,39.70,106.40,1,-1,-1,-1
290,421,54.00,616.00,41.00,111.20,1,-1,-1,-1
290,439,1837.00,539.00,80.20,205.60,1,-1,-1,-1
290,449,1286.00,561.00,36.60,102.00,1,-1,-1,-1
290,452,1208.00,524.00,36.60,87.10,1,-1,-1,-1
290,456,1164.00,508.00,21.00,41.20,1,-1,-1,-1
290,457,1144.00,509.00,24.00,48.80,1,-1,-1,-1
291,28,1077.00,511.00,25.90,51.20,1,-1,-1,-1
291,180,1505.00,232.00,268.50,509.30,1,-1,-1,-1
291,201,224.00,608.00,40.00,107.30,1,-1,-1,-1
291,421,58.00,622.00,41.60,109.30,1,-1,-1,-1
291,439,1852.00,542.00,77.70,203.30,1,-1,-1,-1
291,449,1281.00,563.00,44.00,113.20,1,-1,-1,-1
291,452,1220.00,525.00,33.10,86.20,1,-1,-1,-1
291,456,1168.00,508.00,20.80,44.50,1,-1,-1,-1
292,28,1085.00,509.00,25.30,51.60,1,-1,-1,-1
292,180,1520.00,231.00,297.30,525.30,1,-1,-1,-1
292,201,226.00,610.00,43.20,115.40,1,-1,-1,-1
292,421,61.00,628.00,42.00,103.50,1,-1,-1,-1
292,439,1862.00,533.00,71.30,214.10,1,-1,-1,-1
292,449,1294.00,565.00,45.40,107.20,1,-1,-1,-1
292,456,1176.00,506.00,19.40,46.30,1,-1,-1,-1
293,28,1087.00,509.00,25.60,49.10,1,-1,-1,-1
293,180,1566.00,215.00,293.50,529.40,1,-1,-1,-1
293,201,232.00,610.00,42.30,112.40,1,-1,-1,-1
293,421,62.00,627.00,43.50,111.20,1,-1,-1,-1
293,439,1876.00,535.00,55.10,223.40,1,-1,-1,-1
293,449,1298.00,558.00,42.00,113.40,1,-1,-1,-1
293,456,1185.00,506.00,21.00,49.80,1,-1,-1,-1
294,28,1091.00,510.00,25.00,48.30,1,-1,-1,-1
294,180,1593.00,201.00,307.80,587.60,1,-1,-1,-1
294,201,233.00,614.00,42.30,115.30,1,-1,-1,-1
294,421,58.00,625.00,44.70,115.40,1,-1,-1,-1
294,449,1302.00,558.00,40.90,102.00,1,-1,-1,-1
294,458,1527.00,510.00,33.70,103.40,1,-1,-1,-1
295,28,1100.00,509.00,23.20,52.50,1,-1,-1,-1
295,180,1611.00,198.00,313.00,596.70,1,-1,-1,-1
295,201,238.00,615.00,38.60,108.80,1,-1,-1,-1
295,421,60.00,624.00,42.30,114.30,1,-1,-1,-1
295,449,1309.00,555.00,43.30,124.90,1,-1,-1,-1
295,459,220.00,606.00,38.20,114.00,1,-1,-1,-1
295,460,1139.00,534.00,26.20,66.00,1,-1,-1,-1
295,461,1238.00,528.00,30.60,75.90,1,-1,-1,-1
296,28,1106.00,516.00,23.20,54.00,1,-1,-1,-1
296,180,1670.00,204.00,279.20,571.90,1,-1,-1,-1
296,201,235.00,620.00,38.90,114.40,1,-1,-1,-1
296,421,61.00,629.00,44.10,107.00,1,-1,-1,-1
296,449,1311.00,585.00,45.00,126.00,1,-1,-1,-1
296,462,1171.00,537.00,30.10,61.00,1,-1,-1,-1
297,28,1106.00,512.00,24.20,54.30,1,-1,-1,-1
297,180,1700.00,195.00,277.20,612.80,1,-1,-1,-1
297,201,235.00,621.00,39.60,112.60,1,-1,-1,-1
297,421,64.00,632.00,41.70,108.60,1,-1,-1,-1
297,449,1322.00,571.00,40.40,125.40,1,-1,-1,-1
298,28,1114.00,516.00,22.30,54.40,1,-1,-1,-1
298,180,1734.00,170.00,241.80,679.80,1,-1,-1,-1
298,201,234.00,614.00,41.10,121.80,1,-1,-1,-1
298,421,63.00,627.00,44.80,118.00,1,-1,-1,-1
298,463,1353.00,540.00,44.90,145.00,1,-1,-1,-1
299,28,1117.00,513.00,23.40,55.10,1,-1,-1,-1
299,201,239.00,620.00,40.40,114.10,1,-1,-1,-1
299,421,65.00,625.00,42.80,112.50,1,-1,-1,-1
300,28,1124.00,518.00,21.20,54.90,1,-1,-1,-1
300,201,235.00,618.00,41.50,121.40,1,-1,-1,-1
300,421,63.00,625.00,46.90,125.10,1,-1,-1,-1
301,28,1124.00,515.00,23.80,58.00,1,-1,-1,-1
301,201,238.00,618.00,41.40,117.70,1,-1,-1,-1
301,421,63.00,625.00,48.60,125.90,1,-1,-1,-1
301,464,1208.00,538.00,26.60,62.70,1,-1,-1,-1
302,28,1132.00,515.00,23.10,55.80,1,-1,-1,-1
302,201,237.00,618.00,41.70,119.00,1,-1,-1,-1
302,421,64.00,625.00,46.10,121.60,1,-1,-1,-1
302,464,1206.00,532.00,25.80,57.90,1,-1,-1,-1
302,465,1232.00,537.00,27.20,63.20,1,-1,-1,-1
303,28,1133.00,517.00,25.60,54.90,1,-1,-1,-1
303,201,248.00,619.00,42.90,112.40,1,-1,-1,-1
303,421,63.00,634.00,44.20,113.60,1,-1,-1,-1
303,465,1234.00,552.00,23.10,50.90,1,-1,-1,-1
303,466,224.00,622.00,44.80,122.80,1,-1,-1,-1
303,467,1594.00,523.00,41.60,108.80,1,-1,-1,-1
304,28,1138.00,521.00,27.00,57.90,1,-1,-1,-1
304,201,238.00,628.00,39.40,113.00,1,-1,-1,-1
304,421,63.00,628.00,47.60,121.30,1,-1,-1,-1
304,465,1243.00,549.00,27.70,58.00,1,-1,-1,-1
305,28,1143.00,524.00,23.60,54.50,1,-1,-1,-1
305,201,235.00,629.00,42.70,123.10,1,-1,-1,-1
305,421,65.00,637.00,45.70,117.60,1,-1,-1,-1
305,465,1249.00,553.00,25.10,61.70,1,-1,-1,-1
305,468,1611.00,527.00,46.50,120.70,1,-1,-1,-1
306,28,1148.00,525.00,25.80,55.20,1,-1,-1,-1
306,201,239.00,640.00,41.90,110.80,1,-1,-1,-1
306,421,65.00,636.00,45.80,122.70,1,-1,-1,-1
306,465,1255.00,551.00,26.70,64.90,1,-1,-1,-1
306,468,1619.00,540.00,43.30,112.70,1,-1,-1,-1
307,28,1152.00,525.00,26.80,57.80,1,-1,-1,-1
307,201,235.00,636.00,42.30,117.30,1,-1,-1,-1
307,421,63.00,638.00,46.40,117.80,1,-1,-1,-1
307,465,1264.00,556.00,25.20,61.40,1,-1,-1,-1
307,469,1225.00,518.00,24.50,59.00,1,-1,-1,-1
307,470,1100.00,449.00,46.60,87.80,1,-1,-1,-1
308,28,1155.00,528.00,25.80,54.80,1,-1,-1,-1
308,201,236.00,643.00,44.80,115.40,1,-1,-1,-1
308,421,62.00,643.00,47.90,121.80,1,-1,-1,-1
308,465,1265.00,551.00,30.60,77.10,1,-1,-1,-1
308,469,1229.00,518.00,22.50,60.70,1,-1,-1,-1
308,471,1635.00,536.00,42.20,117.60,1,-1,-1,-1
309,28,1160.00,528.00,24.30,52.90,1,-1,-1,-1
309,201,237.00,638.00,45.50,122.30,1,-1,-1,-1
309,421,60.00,641.00,57.30,124.20,1,-1,-1,-1
309,465,1275.00,565.00,23.00,52.90,1,-1,-1,-1
309,469,1233.00,520.00,24.10,60.70,1,-1,-1,-1
309,471,1646.00,533.00,42.00,121.90,1,-1,-1,-1
309,472,1364.00,587.00,28.50,69.70,1,-1,-1,-1
309,473,1256.00,517.00,24.40,59.30,1,-1,-1,-1
309,474,1287.00,563.00,23.60,57.50,1,-1,-1,-1
310,28,1165.00,531.00,26.20,56.30,1,-1,-1,-1
310,201,239.00,641.00,41.50,113.20,1,-1,-1,-1
310,421,64.00,642.00,45.40,116.70,1,-1,-1,-1
310,469,1236.00,522.00,24.10,60.80,1,-1,-1,-1
310,471,1651.00,540.00,48.30,118.70,1,-1,-1,-1
310,473,1262.00,518.00,24.50,55.30,1,-1,-1,-1
310,474,1294.00,563.00,23.00,58.00,1,-1,-1,-1
311,28,1170.00,526.00,24.10,59.80,1,-1,-1,-1
311,201,239.00,643.00,42.70,118.50,1,-1,-1,-1
311,421,61.00,638.00,45.80,135.30,1,-1,-1,-1
311,469,1242.00,518.00,24.70,58.40,1,-1,-1,-1
311,471,1657.00,538.00,43.40,116.50,1,-1,-1,-1
311,473,1262.00,513.00,25.40,57.40,1,-1,-1,-1
312,28,1172.00,529.00,22.80,50.60,1,-1,-1,-1
312,201,239.00,646.00,39.70,118.70,1,-1,-1,-1
312,421,55.00,652.00,45.40,114.70,1,-1,-1,-1
312,469,1246.00,518.00,25.60,62.70,1,-1,-1,-1
312,471,1662.00,539.00,44.90,122.30,1,-1,-1,-1
312,473,1266.00,514.00,24.30,58.80,1,-1,-1,-1
312,475,256.00,626.00,43.00,121.00,1,-1,-1,-1
312,476,1288.00,554.00,24.50,64.80,1,-1,-1,-1
313,28,1182.00,529.00,23.20,52.40,1,-1,-1,-1
313,201,237.00,648.00,40.60,118.10,1,-1,-1,-1
313,421,57.00,646.00,50.80,122.80,1,-1,-1,-1
313,469,1250.00,526.00,25.50,56.00,1,-1,-1,-1
313,473,1273.00,517.00,23.30,55.10,1,-1,-1,-1
313,475,254.00,632.00,41.10,108.20,1,-1,-1,-1
313,477,1373.00,595.00,52.00,136.20,1,-1,-1,-1
314,28,1178.00,528.00,28.80,56.60,1,-1,-1,-1
314,201,238.00,646.00,41.80,120.10,1,-1,-1,-1
314,421,53.00,651.00,51.70,119.80,1,-1,-1,-1
314,469,1255.00,521.00,23.90,55.20,1,-1,-1,-1
314,473,1279.00,520.00,22.80,50.30,1,-1,-1,-1
314,478,1308.00,551.00,26.70,73.40,1,-1,-1,-1
315,28,1188.00,532.00,24.90,52.90,1,-1,-1,-1
315,201,238.00,649.00,40.90,118.20,1,-1,-1,-1
315,421,52.00,649.00,45.50,121.50,1,-1,-1,-1
315,469,1263.00,522.00,23.40,56.80,1,-1,-1,-1
315,473,1287.00,520.00,22.00,48.30,1,-1,-1,-1
315,479,1402.00,659.00,30.10,72.10,1,-1,-1,-1
315,480,1136.00,446.00,49.30,99.60,1,-1,-1,-1
315,481,1379.00,580.00,54.00,133.90,1,-1,-1,-1
316,28,1190.00,526.00,25.90,64.50,1,-1,-1,-1
316,201,239.00,648.00,43.60,119.20,1,-1,-1,-1
316,421,52.00,646.00,48.30,126.60,1,-1,-1,-1
316,469,1262.00,520.00,23.60,60.10,1,-1,-1,-1
316,473,1288.00,520.00,21.40,50.90,1,-1,-1,-1
316,479,1405.00,645.00,34.60,93.20,1,-1,-1,-1
317,28,1189.00,526.00,25.00,59.40,1,-1,-1,-1
317,201,243.00,651.00,45.20,116.70,1,-1,-1,-1
317,421,49.00,647.00,51.60,127.40,1,-1,-1,-1
317,469,1268.00,520.00,25.30,62.00,1,-1,-1,-1
317,473,1294.00,521.00,20.80,50.80,1,-1,-1,-1
318,28,1195.00,529.00,26.20,58.20,1,-1,-1,-1
318,201,236.00,649.00,44.30,125.30,1,-1,-1,-1
318,421,51.00,655.00,47.20,125.00,1,-1,-1,-1
318,469,1275.00,521.00,24.20,57.20,1,-1,-1,-1
318,473,1295.00,518.00,23.10,54.00,1,-1,-1,-1
318,482,1397.00,591.00,49.30,148.50,1,-1,-1,-1
318,483,258.00,630.00,39.50,119.30,1,-1,-1,-1
319,28,1202.00,532.00,25.50,55.20,1,-1,-1,-1
319,201,236.00,650.00,39.50,122.00,1,-1,-1,-1
319,421,48.00,652.00,49.30,125.80,1,-1,-1,-1
319,469,1278.00,522.00,23.00,54.20,1,-1,-1,-1
319,473,1306.00,518.00,20.70,51.40,1,-1,-1,-1
319,484,1160.00,441.00,49.10,96.10,1,-1,-1,-1
320,28,1201.00,528.00,26.30,56.00,1,-1,-1,-1
320,201,222.00,642.00,47.00,128.20,1,-1,-1,-1
320,421,49.00,654.00,47.50,122.10,1,-1,-1,-1
320,469,1280.00,522.00,23.10,54.80,1,-1,-1,-1
320,473,1305.00,519.00,22.30,54.10,1,-1,-1,-1
320,485,247.00,652.00,43.10,120.40,1,-1,-1,-1
321,28,1205.00,526.00,26.30,62.00,1,-1,-1,-1
321,201,237.00,652.00,40.70,126.10,1,-1,-1,-1
321,421,43.00,658.00,48.80,128.30,1,-1,-1,-1
321,469,1283.00,522.00,24.20,56.60,1,-1,-1,-1
321,473,1300.00,526.00,20.90,51.30,1,-1,-1,-1
321,485,255.00,638.00,40.30,111.00,1,-1,-1,-1
321,486,1313.00,516.00,20.20,55.20,1,-1,-1,-1
321,487,1407.00,604.00,52.40,105.90,1,-1,-1,-1
321,488,1169.00,441.00,46.60,95.70,1,-1,-1,-1
322,28,1209.00,530.00,23.40,57.70,1,-1,-1,-1
322,201,240.00,645.00,41.60,124.20,1,-1,-1,-1
322,421,39.00,651.00,55.80,126.20,1,-1,-1,-1
322,469,1291.00,521.00,24.10,59.30,1,-1,-1,-1
322,486,1314.00,516.00,22.30,52.80,1,-1,-1,-1
322,489,1484.00,549.00,29.50,82.90,1,-1,-1,-1
323,28,1213.00,528.00,25.10,55.70,1,-1,-1,-1
323,201,234.00,649.00,44.90,126.80,1,-1,-1,-1
323,421,36.00,652.00,52.70,133.70,1,-1,-1,-1
323,469,1290.00,517.00,24.60,58.90,1,-1,-1,-1
323,486,1317.00,519.00,22.50,52.20,1,-1,-1,-1
323,489,1489.00,550.00,30.60,83.50,1,-1,-1,-1
324,28,1214.00,523.00,28.10,61.70,1,-1,-1,-1
324,201,239.00,651.00,43.50,120.50,1,-1,-1,-1
324,421,39.00,652.00,51.10,130.10,1,-1,-1,-1
324,469,1293.00,517.00,25.00,60.90,1,-1,-1,-1
324,486,1323.00,516.00,21.00,50.60,1,-1,-1,-1
324,489,1500.00,548.00,30.10,80.90,1,-1,-1,-1
324,490,1186.00,429.00,51.00,112.50,1,-1,-1,-1
324,491,1456.00,526.00,33.70,84.40,1,-1,-1,-1
325,28,1219.00,526.00,24.60,58.50,1,-1,-1,-1
325,201,243.00,647.00,44.60,125.90,1,-1,-1,-1
325,421,33.00,649.00,51.20,138.80,1,-1,-1,-1
325,469,1295.00,520.00,24.50,55.80,1,-1,-1,-1
325,486,1328.00,513.00,22.00,54.70,1,-1,-1,-1
325,489,1505.00,548.00,29.40,77.10,1,-1,-1,-1
325,490,1187.00,429.00,56.10,110.80,1,-1,-1,-1
325,491,1458.00,530.00,32.30,87.00,1,-1,-1,-1
325,492,218.00,640.00,47.30,131.00,1,-1,-1,-1
325,493,1520.00,599.00,41.20,116.00,1,-1,-1,-1
325,494,1316.00,519.00,21.70,52.70,1,-1,-1,-1
326,28,1219.00,523.00,27.20,58.60,1,-1,-1,-1
326,201,232.00,653.00,44.70,119.40,1,-1,-1,-1
326,421,25.00,658.00,54.10,135.30,1,-1,-1,-1
326,469,1300.00,520.00,24.80,59.10,1,-1,-1,-1
326,486,1329.00,516.00,22.10,51.70,1,-1,-1,-1
326,489,1511.00,547.00,29.00,79.60,1,-1,-1,-1
326,490,1194.00,432.00,49.70,109.30,1,-1,-1,-1
326,491,1453.00,529.00,33.30,92.40,1,-1,-1,-1
326,495,1471.00,537.00,32.60,91.70,1,-1,-1,-1
327,28,1225.00,523.00,24.10,57.10,1,-1,-1,-1
327,201,225.00,652.00,45.30,129.20,1,-1,-1,-1
327,421,25.00,648.00,52.50,137.30,1,-1,-1,-1
327,469,1306.00,520.00,22.90,53.00,1,-1,-1,-1
327,486,1331.00,513.00,21.90,51.90,1,-1,-1,-1
327,489,1521.00,550.00,28.20,78.10,1,-1,-1,-1
327,490,1191.00,433.00,57.40,103.70,1,-1,-1,-1
327,491,1449.00,533.00,34.20,89.40,1,-1,-1,-1
327,495,1466.00,527.00,31.30,91.20,1,-1,-1,-1
327,496,1417.00,609.00,63.30,128.90,1,-1,-1,-1
327,497,1483.00,556.00,27.70,78.60,1,-1,-1,-1
327,498,1521.00,592.00,46.50,130.50,1,-1,-1,-1
328,28,1229.00,524.00,25.20,58.80,1,-1,-1,-1
328,201,222.00,654.00,46.30,126.00,1,-1,-1,-1
328,421,22.00,655.00,51.40,132.40,1,-1,-1,-1
328,469,1306.00,518.00,23.90,56.60,1,-1,-1,-1
328,486,1335.00,514.00,23.50,54.40,1,-1,-1,-1
328,489,1522.00,549.00,32.50,79.80,1,-1,-1,-1
328,490,1197.00,435.00,51.50,102.00,1,-1,-1,-1
328,491,1457.00,529.00,32.80,93.20,1,-1,-1,-1
328,495,1472.00,532.00,29.40,81.10,1,-1,-1,-1
328,496,1418.00,602.00,68.10,142.30,1,-1,-1,-1
328,497,1486.00,555.00,29.20,78.70,1,-1,-1,-1
328,499,1324.00,514.00,21.10,56.00,1,-1,-1,-1
328,500,1427.00,535.00,40.40,90.50,1,-1,-1,-1
329,28,1230.00,520.00,23.70,61.20,1,-1,-1,-1
329,201,224.00,650.00,42.70,124.20,1,-1,-1,-1
329,421,21.00,658.00,46.20,129.40,1,-1,-1,-1
329,469,1309.00,515.00,23.50,57.40,1,-1,-1,-1
329,486,1337.00,512.00,21.60,48.50,1,-1,-1,-1
329,489,1529.00,546.00,28.10,80.20,1,-1,-1,-1
329,491,1460.00,525.00,36.30,99.00,1,-1,-1,-1
329,495,1477.00,526.00,31.50,86.60,1,-1,-1,-1
329,496,1427.00,614.00,54.50,132.80,1,-1,-1,-1
329,497,1493.00,546.00,32.80,86.30,1,-1,-1,-1
329,499,1326.00,510.00,20.70,53.90,1,-1,-1,-1
330,28,1234.00,522.00,23.60,58.40,1,-1,-1,-1
330,201,231.00,629.00,44.40,135.80,1,-1,-1,-1
330,421,12.00,657.00,47.10,124.10,1,-1,-1,-1
330,469,1312.00,514.00,23.70,57.50,1,-1,-1,-1
330,486,1339.00,509.00,22.50,52.40,1,-1,-1,-1
330,489,1532.00,543.00,29.30,81.60,1,-1,-1,-1
330,491,1476.00,529.00,29.60,81.50,1,-1,-1,-1
330,497,1501.00,541.00,34.60,89.80,1,-1,-1,-1
330,501,211.00,650.00,44.50,127.80,1,-1,-1,-1
330,502,1528.00,595.00,49.70,133.10,1,-1,-1,-1
331,28,1237.00,517.00,24.20,59.70,1,-1,-1,-1
331,201,216.00,650.00,45.80,128.10,1,-1,-1,-1
331,421,19.00,653.00,47.20,130.40,1,-1,-1,-1
331,469,1313.00,507.00,23.40,63.40,1,-1,-1,-1
331,486,1337.00,504.00,24.40,58.70,1,-1,-1,-1
331,489,1539.00,542.00,31.40,82.90,1,-1,-1,-1
331,491,1475.00,516.00,30.40,97.20,1,-1,-1,-1
331,497,1502.00,539.00,33.30,86.40,1,-1,-1,-1
331,503,1423.00,603.00,65.40,127.70,1,-1,-1,-1
331,504,1445.00,533.00,31.20,71.80,1,-1,-1,-1
331,505,1449.00,531.00,42.60,111.30,1,-1,-1,-1
332,28,1239.00,514.00,26.30,56.20,1,-1,-1,-1
332,201,210.00,641.00,44.80,131.90,1,-1,-1,-1
332,421,7.00,652.00,47.40,126.80,1,-1,-1,-1
332,469,1318.00,506.00,24.20,56.10,1,-1,-1,-1
332,486,1343.00,497.00,25.60,58.50,1,-1,-1,-1
332,489,1544.00,538.00,33.00,88.00,1,-1,-1,-1
332,491,1484.00,528.00,29.90,79.50,1,-1,-1,-1
332,497,1508.00,539.00,30.80,77.60,1,-1,-1,-1
332,504,1438.00,529.00,38.40,90.40,1,-1,-1,-1
332,505,1458.00,521.00,37.70,96.40,1,-1,-1,-1
332,506,1205.00,420.00,56.20,106.80,1,-1,-1,-1
332,507,1811.00,532.00,50.00,140.30,1,-1,-1,-1
333,28,1238.00,509.00,22.90,60.80,1,-1,-1,-1
333,201,205.00,647.00,47.10,125.80,1,-1,-1,-1
333,421,2.00,650.00,48.10,128.70,1,-1,-1,-1
333,469,1320.00,505.00,21.50,58.40,1,-1,-1,-1
333,486,1344.00,498.00,24.40,57.80,1,-1,-1,-1
333,489,1544.00,528.00,36.00,90.10,1,-1,-1,-1
333,491,1485.00,519.00,33.70,92.20,1,-1,-1,-1
333,497,1512.00,542.00,27.50,75.90,1,-1,-1,-1
333,504,1447.00,524.00,35.30,83.00,1,-1,-1,-1
333,506,1209.00,413.00,58.80,111.70,1,-1,-1,-1
334,28,1239.00,506.00,23.20,60.50,1,-1,-1,-1
334,201,204.00,636.00,47.10,137.90,1,-1,-1,-1
334,421,-2.00,653.00,42.70,130.10,1,-1,-1,-1
334,469,1321.00,508.00,23.60,50.10,1,-1,-1,-1
334,486,1347.00,493.00,23.40,55.00,1,-1,-1,-1
334,489,1553.00,531.00,31.60,82.90,1,-1,-1,-1
334,491,1490.00,517.00,33.10,87.30,1,-1,-1,-1
334,497,1514.00,539.00,30.60,75.70,1,-1,-1,-1
334,504,1447.00,515.00,35.70,84.30,1,-1,-1,-1
335,28,1243.00,503.00,25.40,59.70,1,-1,-1,-1
335,201,208.00,634.00,45.40,138.10,1,-1,-1,-1
335,421,-7.00,654.00,43.20,134.00,1,-1,-1,-1
335,469,1326.00,502.00,23.40,57.40,1,-1,-1,-1
335,486,1345.00,494.00,23.20,56.30,1,-1,-1,-1
335,489,1561.00,528.00,28.90,80.10,1,-1,-1,-1
335,491,1495.00,515.00,33.60,90.20,1,-1,-1,-1
335,497,1522.00,533.00,28.80,80.00,1,-1,-1,-1
335,504,1456.00,515.00,34.90,83.50,1,-1,-1,-1
335,508,182.00,636.00,48.30,138.10,1,-1,-1,-1
335,509,1474.00,510.00,36.50,85.70,1,-1,-1,-1
336,28,1244.00,504.00,23.70,54.20,1,-1,-1,-1
336,201,197.00,639.00,46.40,138.70,1,-1,-1,-1
336,421,-3.00,649.00,31.10,136.90,1,-1,-1,-1
336,469,1324.00,495.00,24.70,60.20,1,-1,-1,-1
336,486,1346.00,490.00,27.10,58.50,1,-1,-1,-1
336,489,1559.00,528.00,32.70,81.50,1,-1,-1,-1
336,491,1493.00,506.00,33.60,95.00,1,-1,-1,-1
336,497,1525.00,531.00,29.20,77.70,1,-1,-1,-1
336,504,1453.00,516.00,35.10,80.70,1,-1,-1,-1
337,28,1246.00,509.00,23.10,56.00,1,-1,-1,-1
337,201,193.00,645.00,45.80,129.60,1,-1,-1,-1
337,421,-4.00,648.00,32.40,145.90,1,-1,-1,-1
337,469,1328.00,502.00,22.20,50.60,1,-1,-1,-1
337,486,1351.00,490.00,24.90,55.90,1,-1,-1,-1
337,489,1564.00,524.00,33.50,91.70,1,-1,-1,-1
337,491,1499.00,513.00,32.40,90.90,1,-1,-1,-1
337,504,1460.00,516.00,34.20,82.10,1,-1,-1,-1
337,510,1216.00,398.00,67.10,133.80,1,-1,-1,-1
337,511,1474.00,512.00,36.40,91.50,1,-1,-1,-1
338,28,1253.00,506.00,20.60,55.80,1,-1,-1,-1
338,201,182.00,654.00,49.60,137.60,1,-1,-1,-1
338,421,-4.00,667.00,26.90,126.30,1,-1,-1,-1
338,469,1327.00,494.00,25.70,60.90,1,-1,-1,-1
338,486,1353.00,492.00,25.30,58.00,1,-1,-1,-1
338,489,1571.00,525.00,36.90,98.10,1,-1,-1,-1
338,491,1506.00,511.00,33.50,91.90,1,-1,-1,-1
338,504,1460.00,515.00,34.70,75.40,1,-1,-1,-1
338,512,206.00,637.00,45.80,113.20,1,-1,-1,-1
339,28,1255.00,507.00,22.10,52.10,1,-1,-1,-1
339,201,179.00,654.00,44.40,136.70,1,-1,-1,-1
339,469,1332.00,499.00,21.90,53.60,1,-1,-1,-1
339,486,1351.00,494.00,25.00,59.30,1,-1,-1,-1
339,489,1572.00,521.00,36.20,100.00,1,-1,-1,-1
339,491,1505.00,517.00,34.30,85.40,1,-1,-1,-1
339,504,1457.00,514.00,39.50,83.60,1,-1,-1,-1
339,512,197.00,637.00,52.80,134.40,1,-1,-1,-1
339,513,1241.00,507.00,22.30,54.20,1,-1,-1,-1
339,514,1536.00,551.00,19.60,55.30,1,-1,-1,-1
340,28,1255.00,505.00,19.40,52.20,1,-1,-1,-1
340,201,173.00,658.00,45.00,134.60,1,-1,-1,-1
340,469,1332.00,498.00,25.20,56.40,1,-1,-1,-1
340,486,1354.00,492.00,26.00,59.30,1,-1,-1,-1
340,489,1586.00,533.00,29.90,81.00,1,-1,-1,-1
340,491,1506.00,508.00,35.90,101.30,1,-1,-1,-1
340,504,1461.00,508.00,38.80,89.80,1,-1,-1,-1
340,512,200.00,638.00,42.50,121.50,1,-1,-1,-1
341,28,1257.00,504.00,19.50,53.80,1,-1,-1,-1
341,201,161.00,664.00,47.50,136.60,1,-1,-1,-1
341,469,1334.00,500.00,25.10,54.80,1,-1,-1,-1
341,486,1357.00,496.00,23.60,56.10,1,-1,-1,-1
341,489,1591.00,542.00,27.20,74.00,1,-1,-1,-1
341,491,1510.00,517.00,33.40,89.10,1,-1,-1,-1
341,504,1468.00,522.00,35.20,82.50,1,-1,-1,-1
341,512,181.00,647.00,53.10,142.10,1,-1,-1,-1
341,515,1232.00,411.00,55.90,118.00,1,-1,-1,-1
342,28,1257.00,506.00,19.40,54.70,1,-1,-1,-1
342,201,164.00,663.00,44.10,138.70,1,-1,-1,-1
342,469,1333.00,499.00,25.60,60.30,1,-1,-1,-1
342,486,1357.00,496.00,23.90,57.40,1,-1,-1,-1
342,489,1593.00,534.00,32.20,86.40,1,-1,-1,-1
342,491,1513.00,516.00,33.70,94.80,1,-1,-1,-1
342,504,1468.00,514.00,37.80,90.70,1,-1,-1,-1
342,512,177.00,644.00,54.50,140.70,1,-1,-1,-1
342,516,1246.00,509.00,17.90,49.60,1,-1,-1,-1
342,517,138.00,664.00,46.20,133.70,1,-1,-1,-1
343,28,1257.00,510.00,19.70,51.30,1,-1,-1,-1
343,201,154.00,670.00,47.00,135.60,1,-1,-1,-1
343,469,1335.00,502.00,25.50,58.50,1,-1,-1,-1
343,486,1360.00,500.00,24.20,55.20,1,-1,-1,-1
343,491,1517.00,523.00,32.10,87.60,1,-1,-1,-1
343,504,1476.00,521.00,34.30,81.60,1,-1,-1,-1
343,512,181.00,650.00,46.60,123.00,1,-1,-1,-1
343,518,1227.00,412.00,71.70,127.40,1,-1,-1,-1
344,28,1259.00,520.00,19.50,52.00,1,-1,-1,-1
344,201,154.00,674.00,44.80,134.80,1,-1,-1,-1
344,469,1337.00,505.00,24.50,62.50,1,-1,-1,-1
344,486,1360.00,500.00,25.30,59.70,1,-1,-1,-1
344,491,1522.00,525.00,30.90,92.70,1,-1,-1,-1
344,504,1472.00,522.00,36.30,82.30,1,-1,-1,-1
344,512,177.00,660.00,43.50,131.50,1,-1,-1,-1
344,519,1247.00,516.00,20.30,51.20,1,-1,-1,-1
344,520,1605.00,543.00,39.40,98.60,1,-1,-1,-1
345,28,1254.00,523.00,18.80,50.20,1,-1,-1,-1
345,201,138.00,675.00,47.90,141.70,1,-1,-1,-1
345,469,1336.00,507.00,24.90,62.80,1,-1,-1,-1
345,486,1363.00,506.00,24.20,55.40,1,-1,-1,-1
345,491,1517.00,527.00,35.30,98.40,1,-1,-1,-1
345,504,1477.00,532.00,33.50,82.70,1,-1,-1,-1
345,512,167.00,665.00,50.30,132.00,1,-1,-1,-1
345,521,1570.00,558.00,30.60,91.70,1,-1,-1,-1
346,28,1258.00,523.00,19.50,49.50,1,-1,-1,-1
346,201,133.00,676.00,46.40,144.10,1,-1,-1,-1
346,469,1338.00,511.00,28.30,61.60,1,-1,-1,-1
346,486,1361.00,507.00,27.50,61.90,1,-1,-1,-1
346,491,1522.00,536.00,35.80,95.10,1,-1,-1,-1
346,504,1480.00,532.00,34.60,85.50,1,-1,-1,-1
346,512,169.00,665.00,43.30,111.70,1,-1,-1,-1
346,521,1579.00,565.00,28.20,77.50,1,-1,-1,-1
346,522,1466.00,545.00,34.50,87.50,1,-1,-1,-1
346,523,1495.00,532.00,39.10,98.70,1,-1,-1,-1
347,28,1262.00,527.00,20.50,55.80,1,-1,-1,-1
347,201,124.00,688.00,46.70,128.20,1,-1,-1,-1
347,469,1339.00,517.00,25.10,54.30,1,-1,-1,-1
347,486,1365.00,516.00,23.40,51.30,1,-1,-1,-1
347,491,1525.00,535.00,34.80,92.20,1,-1,-1,-1
347,504,1475.00,537.00,37.20,81.30,1,-1,-1,-1
347,512,165.00,672.00,44.30,118.10,1,-1,-1,-1
347,521,1579.00,573.00,28.40,74.50,1,-1,-1,-1
347,524,1355.00,521.00,21.20,50.90,1,-1,-1,-1
348,28,1260.00,533.00,20.60,54.40,1,-1,-1,-1
348,201,109.00,689.00,54.60,154.00,1,-1,-1,-1
348,469,1341.00,516.00,26.40,59.10,1,-1,-1,-1
348,486,1366.00,516.00,25.20,58.00,1,-1,-1,-1
348,491,1527.00,530.00,33.40,101.30,1,-1,-1,-1
348,504,1480.00,537.00,36.10,86.30,1,-1,-1,-1
348,512,146.00,662.00,55.40,155.60,1,-1,-1,-1
349,28,1263.00,534.00,18.30,51.80,1,-1,-1,-1
349,201,115.00,689.00,44.10,133.70,1,-1,-1,-1
349,469,1341.00,516.00,27.90,62.30,1,-1,-1,-1
349,486,1367.00,515.00,24.00,58.90,1,-1,-1,-1
349,491,1529.00,534.00,35.30,103.00,1,-1,-1,-1
349,504,1484.00,540.00,35.60,83.90,1,-1,-1,-1
349,512,148.00,674.00,52.20,143.60,1,-1,-1,-1
349,525,1271.00,525.00,19.30,59.10,1,-1,-1,-1
350,28,1261.00,533.00,19.40,52.00,1,-1,-1,-1
350,201,111.00,707.00,46.60,136.10,1,-1,-1,-1
350,469,1346.00,520.00,25.70,59.60,1,-1,-1,-1
350,486,1369.00,516.00,26.20,62.10,1,-1,-1,-1
350,491,1530.00,536.00,37.50,100.30,1,-1,-1,-1
350,504,1486.00,535.00,39.80,100.60,1,-1,-1,-1
350,525,1271.00,529.00,20.00,54.00,1,-1,-1,-1
351,28,1270.00,532.00,22.10,58.00,1,-1,-1,-1
351,201,105.00,695.00,48.00,130.60,1,-1,-1,-1
351,469,1349.00,518.00,24.60,56.10,1,-1,-1,-1
351,486,1369.00,515.00,25.10,61.00,1,-1,-1,-1
351,491,1535.00,537.00,35.70,99.20,1,-1,-1,-1
351,504,1489.00,537.00,37.40,90.60,1,-1,-1,-1
351,526,142.00,671.00,54.40,152.70,1,-1,-1,-1
352,28,1270.00,534.00,22.20,56.90,1,-1,-1,-1
352,201,94.00,703.00,56.50,149.00,1,-1,-1,-1
352,469,1349.00,523.00,24.40,56.40,1,-1,-1,-1
352,486,1371.00,519.00,24.60,55.30,1,-1,-1,-1
352,491,1536.00,539.00,35.70,102.60,1,-1,-1,-1
352,504,1499.00,543.00,32.80,88.40,1,-1,-1,-1
352,527,1482.00,555.00,30.80,76.40,1,-1,-1,-1
353,28,1271.00,534.00,20.60,57.60,1,-1,-1,-1
353,201,81.00,706.00,58.80,144.40,1,-1,-1,-1
353,469,1349.00,522.00,27.70,64.50,1,-1,-1,-1
353,486,1372.00,524.00,23.60,58.40,1,-1,-1,-1
353,491,1541.00,541.00,34.90,97.00,1,-1,-1,-1
353,504,1495.00,544.00,36.50,86.10,1,-1,-1,-1
353,528,1260.00,538.00,20.60,52.00,1,-1,-1,-1
353,529,1460.00,555.00,41.20,100.70,1,-1,-1,-1
354,28,1272.00,539.00,21.10,53.80,1,-1,-1,-1
354,201,81.00,698.00,56.20,163.60,1,-1,-1,-1
354,469,1354.00,522.00,24.60,59.20,1,-1,-1,-1
354,486,1376.00,522.00,24.60,61.20,1,-1,-1,-1
354,491,1546.00,538.00,34.30,101.80,1,-1,-1,-1
354,504,1500.00,545.00,36.80,92.70,1,-1,-1,-1
354,530,1484.00,557.00,28.80,76.80,1,-1,-1,-1
354,531,128.00,673.00,47.10,149.60,1,-1,-1,-1
355,28,1265.00,537.00,23.20,61.90,1,-1,-1,-1
355,201,79.00,699.00,59.80,163.30,1,-1,-1,-1
355,469,1354.00,523.00,26.30,58.80,1,-1,-1,-1
355,486,1374.00,526.00,22.00,58.60,1,-1,-1,-1
355,491,1545.00,541.00,36.10,102.50,1,-1,-1,-1
355,504,1500.00,550.00,36.60,92.00,1,-1,-1,-1
355,530,1482.00,543.00,34.00,96.00,1,-1,-1,-1
355,531,117.00,669.00,56.00,159.00,1,-1,-1,-1
355,532,1278.00,533.00,21.30,55.30,1,-1,-1,-1
356,28,1276.00,538.00,22.90,58.60,1,-1,-1,-1
356,201,61.00,705.00,53.00,160.10,1,-1,-1,-1
356,469,1352.00,521.00,24.10,62.50,1,-1,-1,-1
356,486,1376.00,526.00,22.70,58.10,1,-1,-1,-1
356,491,1552.00,547.00,32.20,96.70,1,-1,-1,-1
356,504,1500.00,547.00,36.20,95.20,1,-1,-1,-1
356,531,116.00,678.00,52.10,153.10,1,-1,-1,-1
357,28,1275.00,544.00,20.40,54.80,1,-1,-1,-1
357,201,65.00,695.00,61.80,172.70,1,-1,-1,-1
357,469,1355.00,530.00,23.90,54.30,1,-1,-1,-1
357,486,1374.00,526.00,23.70,59.60,1,-1,-1,-1
357,491,1548.00,546.00,36.20,107.90,1,-1,-1,-1
357,504,1505.00,554.00,38.10,85.90,1,-1,-1,-1
357,533,1487.00,556.00,33.00,92.70,1,-1,-1,-1
358,28,1279.00,543.00,18.30,54.30,1,-1,-1,-1
358,201,57.00,703.00,68.00,155.80,1,-1,-1,-1
358,469,1355.00,526.00,25.70,60.50,1,-1,-1,-1
358,486,1375.00,524.00,24.20,63.50,1,-1,-1,-1
358,491,1552.00,546.00,35.10,102.60,1,-1,-1,-1
358,504,1506.00,546.00,40.80,93.50,1,-1,-1,-1
358,533,1489.00,556.00,31.50,87.50,1,-1,-1,-1
358,534,99.00,680.00,51.30,159.80,1,-1,-1,-1
358,535,1267.00,539.00,23.20,63.60,1,-1,-1,-1
359,28,1277.00,542.00,22.20,57.50,1,-1,-1,-1
359,201,57.00,721.00,57.10,150.00,1,-1,-1,-1
359,469,1353.00,528.00,25.40,59.40,1,-1,-1,-1
359,486,1377.00,532.00,21.70,55.60,1,-1,-1,-1
359,491,1553.00,549.00,36.00,104.60,1,-1,-1,-1
359,504,1511.00,547.00,36.30,98.50,1,-1,-1,-1
359,533,1489.00,553.00,37.30,94.40,1,-1,-1,-1
359,534,87.00,674.00,58.60,173.50,1,-1,-1,-1
360,28,1271.00,548.00,21.90,54.30,1,-1,-1,-1
360,201,57.00,718.00,52.10,141.70,1,-1,-1,-1
360,469,1354.00,531.00,25.10,56.10,1,-1,-1,-1
360,486,1376.00,529.00,23.30,59.00,1,-1,-1,-1
360,491,1556.00,554.00,34.30,98.80,1,-1,-1,-1
360,504,1510.00,550.00,38.90,99.30,1,-1,-1,-1
360,533,1494.00,561.00,31.70,88.90,1,-1,-1,-1
360,534,87.00,686.00,51.40,155.60,1,-1,-1,-1
360,536,1289.00,545.00,18.30,58.20,1,-1,-1,-1
361,28,1274.00,545.00,24.50,57.70,1,-1,-1,-1
361,201,36.00,707.00,60.90,162.50,1,-1,-1,-1
361,469,1357.00,527.00,23.40,55.80,1,-1,-1,-1
361,486,1376.00,531.00,21.10,57.80,1,-1,-1,-1
361,491,1554.00,551.00,40.00,105.90,1,-1,-1,-1
361,504,1511.00,557.00,34.30,85.00,1,-1,-1,-1
361,533,1494.00,558.00,34.40,93.10,1,-1,-1,-1
361,534,82.00,687.00,51.70,155.30,1,-1,-1,-1
361,536,1287.00,547.00,23.20,58.90,1,-1,-1,-1
362,28,1275.00,552.00,20.00,53.60,1,-1,-1,-1
362,469,1354.00,536.00,25.00,58.60,1,-1,-1,-1
362,486,1369.00,536.00,23.40,57.50,1,-1,-1,-1
362,491,1557.00,556.00,33.20,96.70,1,-1,-1,-1
362,504,1513.00,555.00,39.70,99.50,1,-1,-1,-1
362,533,1495.00,564.00,33.20,87.10,1,-1,-1,-1
362,534,67.00,678.00,64.20,181.20,1,-1,-1,-1
362,537,1381.00,538.00,22.20,57.70,1,-1,-1,-1
362,538,1265.00,530.00,26.40,75.80,1,-1,-1,-1
363,28,1275.00,548.00,20.40,56.00,1,-1,-1,-1
363,469,1357.00,539.00,23.10,56.40,1,-1,-1,-1
363,486,1378.00,535.00,21.80,62.90,1,-1,-1,-1
363,491,1560.00,555.00,35.50,97.50,1,-1,-1,-1
363,504,1512.00,561.00,36.10,92.80,1,-1,-1,-1
363,533,1496.00,565.00,29.90,85.40,1,-1,-1,-1
363,534,65.00,689.00,58.00,158.40,1,-1,-1,-1
363,538,1265.00,526.00,27.80,77.70,1,-1,-1,-1
363,539,1449.00,579.00,41.70,104.50,1,-1,-1,-1
363,540,13.00,720.00,64.00,171.00,1,-1,-1,-1
363,541,1293.00,549.00,20.70,61.90,1,-1,-1,-1
364,28,1274.00,553.00,20.60,50.50,1,-1,-1,-1
364,469,1361.00,536.00,20.60,57.40,1,-1,-1,-1
364,486,1378.00,538.00,24.90,63.70,1,-1,-1,-1
364,491,1564.00,561.00,36.90,100.50,1,-1,-1,-1
364,504,1519.00,560.00,36.90,94.90,1,-1,-1,-1
364,533,1498.00,570.00,33.90,92.50,1,-1,-1,-1
364,534,66.00,685.00,56.00,171.30,1,-1,-1,-1
364,540,8.00,715.00,63.50,172.40,1,-1,-1,-1
364,542,1543.00,573.00,34.60,98.90,1,-1,-1,-1
365,28,1279.00,555.00,20.50,50.40,1,-1,-1,-1
365,469,1358.00,540.00,23.80,55.50,1,-1,-1,-1
365,486,1380.00,539.00,21.70,57.00,1,-1,-1,-1
365,491,1565.00,563.00,37.30,100.10,1,-1,-1,-1
365,504,1517.00,563.00,36.40,98.70,1,-1,-1,-1
365,533,1499.00,573.00,33.50,94.50,1,-1,-1,-1
365,534,59.00,694.00,47.50,125.30,1,-1,-1,-1
365,543,1693.00,591.00,44.20,106.50,1,-1,-1,-1
366,28,1282.00,553.00,18.70,49.90,1,-1,-1,-1
366,469,1359.00,544.00,24.00,56.40,1,-1,-1,-1
366,486,1380.00,539.00,25.50,66.00,1,-1,-1,-1
366,491,1568.00,568.00,36.60,98.80,1,-1,-1,-1
366,504,1519.00,573.00,37.30,89.50,1,-1,-1,-1
366,533,1501.00,573.00,33.50,91.20,1,-1,-1,-1
366,534,44.00,692.00,56.30,165.50,1,-1,-1,-1
366,544,6.00,729.00,52.10,144.10,1,-1,-1,-1
367,28,1283.00,564.00,19.00,45.10,1,-1,-1,-1
367,469,1358.00,546.00,23.60,55.30,1,-1,-1,-1
367,486,1381.00,543.00,20.60,56.20,1,-1,-1,-1
367,491,1567.00,566.00,38.70,106.40,1,-1,-1,-1
367,504,1521.00,570.00,37.70,92.60,1,-1,-1,-1
367,533,1498.00,576.00,39.50,93.60,1,-1,-1,-1
367,534,35.00,708.00,64.30,173.00,1,-1,-1,-1
367,545,1273.00,547.00,22.10,62.10,1,-1,-1,-1
367,546,1328.00,544.00,22.70,51.40,1,-1,-1,-1
368,28,1279.00,563.00,20.80,50.50,1,-1,-1,-1
368,469,1364.00,548.00,22.90,53.40,1,-1,-1,-1
368,486,1377.00,543.00,25.90,65.00,1,-1,-1,-1
368,491,1570.00,574.00,37.60,98.20,1,-1,-1,-1
368,504,1523.00,572.00,37.10,96.60,1,-1,-1,-1
368,533,1504.00,576.00,37.00,94.00,1,-1,-1,-1
368,534,32.00,703.00,63.30,172.30,1,-1,-1,-1
369,28,1279.00,556.00,21.20,57.90,1,-1,-1,-1
369,469,1362.00,546.00,23.00,58.10,1,-1,-1,-1
369,486,1381.00,544.00,21.70,57.40,1,-1,-1,-1
369,491,1568.00,571.00,37.60,104.00,1,-1,-1,-1
369,504,1524.00,569.00,37.20,96.90,1,-1,-1,-1
369,533,1507.00,576.00,33.80,94.20,1,-1,-1,-1
369,534,23.00,710.00,61.80,174.10,1,-1,-1,-1
369,547,1548.00,578.00,36.60,106.40,1,-1,-1,-1
370,28,1283.00,555.00,19.80,53.00,1,-1,-1,-1
370,469,1363.00,552.00,21.40,52.70,1,-1,-1,-1
370,486,1380.00,549.00,23.90,63.10,1,-1,-1,-1
370,491,1573.00,572.00,38.70,101.50,1,-1,-1,-1
370,504,1527.00,574.00,38.70,99.70,1,-1,-1,-1
370,533,1508.00,580.00,36.30,97.30,1,-1,-1,-1
370,534,21.00,698.00,62.60,193.70,1,-1,-1,-1
370,548,1352.00,546.00,22.00,58.70,1,-1,-1,-1
371,28,1281.00,556.00,21.00,59.30,1,-1,-1,-1
371,469,1365.00,549.00,21.80,54.00,1,-1,-1,-1
371,486,1379.00,549.00,24.40,64.60,1,-1,-1,-1
371,491,1571.00,573.00,35.40,104.70,1,-1,-1,-1
371,504,1526.00,570.00,37.50,100.20,1,-1,-1,-1
371,533,1506.00,579.00,36.20,94.50,1,-1,-1,-1
371,534,8.00,717.00,64.40,188.40,1,-1,-1,-1
371,548,1354.00,549.00,24.10,66.40,1,-1,-1,-1
371,549,1335.00,553.00,22.90,52.90,1,-1,-1,-1
372,28,1280.00,558.00,19.70,58.50,1,-1,-1,-1
372,469,1363.00,549.00,21.60,57.30,1,-1,-1,-1
372,486,1384.00,546.00,21.60,66.50,1,-1,-1,-1
372,491,1575.00,572.00,37.50,102.80,1,-1,-1,-1
372,504,1530.00,576.00,36.60,95.50,1,-1,-1,-1
372,533,1510.00,580.00,33.40,89.90,1,-1,-1,-1
372,534,10.00,707.00,56.30,201.30,1,-1,-1,-1
372,549,1337.00,552.00,25.00,55.10,1,-1,-1,-1
373,28,1284.00,553.00,22.60,59.80,1,-1,-1,-1
373,469,1360.00,551.00,22.60,58.10,1,-1,-1,-1
373,486,1381.00,546.00,21.90,63.20,1,-1,-1,-1
373,491,1574.00,568.00,39.60,109.70,1,-1,-1,-1
373,504,1527.00,575.00,37.90,94.10,1,-1,-1,-1
373,533,1511.00,583.00,33.70,93.90,1,-1,-1,-1
373,534,-2.00,727.00,63.80,182.20,1,-1,-1,-1
373,550,1310.00,573.00,26.30,70.60,1,-1,-1,-1
374,28,1281.00,553.00,21.90,61.90,1,-1,-1,-1
374,469,1363.00,546.00,24.00,60.00,1,-1,-1,-1
374,486,1378.00,546.00,22.20,62.90,1,-1,-1,-1
374,491,1575.00,566.00,40.40,112.20,1,-1,-1,-1
374,504,1527.00,572.00,39.10,100.30,1,-1,-1,-1
374,534,-7.00,714.00,62.80,192.80,1,-1,-1,-1
375,28,1282.00,549.00,21.20,62.50,1,-1,-1,-1
375,469,1362.00,546.00,22.60,59.80,1,-1,-1,-1
375,486,1382.00,548.00,23.20,61.30,1,-1,-1,-1
375,491,1578.00,566.00,40.50,111.00,1,-1,-1,-1
375,504,1530.00,573.00,36.60,94.90,1,-1,-1,-1
375,534,-8.00,734.00,49.20,174.80,1,-1,-1,-1
375,551,1512.00,578.00,37.70,100.10,1,-1,-1,-1
375,552,1555.00,573.00,41.40,112.30,1,-1,-1,-1
375,553,1304.00,564.00,27.40,76.80,1,-1,-1,-1
376,28,1280.00,547.00,21.70,62.60,1,-1,-1,-1
376,469,1360.00,544.00,23.60,59.00,1,-1,-1,-1
376,486,1379.00,543.00,23.60,65.70,1,-1,-1,-1
376,491,1577.00,567.00,39.20,108.30,1,-1,-1,-1
376,504,1532.00,568.00,36.60,92.30,1,-1,-1,-1
376,551,1512.00,573.00,38.10,99.70,1,-1,-1,-1
376,554,1534.00,627.00,27.50,75.00,1,-1,-1,-1
377,28,1279.00,545.00,23.90,62.50,1,-1,-1,-1
377,469,1362.00,545.00,19.90,54.40,1,-1,-1,-1
377,486,1378.00,540.00,20.80,64.80,1,-1,-1,-1
377,491,1578.00,565.00,39.30,106.80,1,-1,-1,-1
377,504,1528.00,568.00,38.50,101.30,1,-1,-1,-1
377,551,1510.00,575.00,37.30,94.90,1,-1,-1,-1
377,555,1554.00,568.00,46.00,108.20,1,-1,-1,-1
377,556,1303.00,563.00,24.90,74.90,1,-1,-1,-1
378,28,1278.00,543.00,22.00,61.50,1,-1,-1,-1
378,469,1356.00,543.00,23.60,61.50,1,-1,-1,-1
378,486,1378.00,542.00,23.70,62.30,1,-1,-1,-1
378,491,1577.00,563.00,40.40,109.80,1,-1,-1,-1
378,504,1534.00,571.00,39.60,95.50,1,-1,-1,-1
378,551,1511.00,570.00,42.90,99.30,1,-1,-1,-1
379,28,1282.00,546.00,22.40,55.70,1,-1,-1,-1
379,469,1359.00,545.00,21.10,53.70,1,-1,-1,-1
379,486,1372.00,540.00,23.80,65.50,1,-1,-1,-1
379,491,1577.00,562.00,40.50,111.20,1,-1,-1,-1
379,504,1514.00,570.00,38.40,95.40,1,-1,-1,-1
379,557,1543.00,622.00,27.50,75.80,1,-1,-1,-1
380,28,1273.00,534.00,25.90,72.60,1,-1,-1,-1
380,469,1355.00,542.00,21.40,58.00,1,-1,-1,-1
380,486,1370.00,541.00,23.50,64.70,1,-1,-1,-1
380,491,1574.00,563.00,40.50,109.20,1,-1,-1,-1
380,504,1509.00,571.00,40.00,102.20,1,-1,-1,-1
380,558,1530.00,564.00,37.90,95.80,1,-1,-1,-1
381,28,1272.00,537.00,27.00,67.90,1,-1,-1,-1
381,469,1349.00,536.00,21.50,55.80,1,-1,-1,-1
381,486,1370.00,535.00,23.50,65.40,1,-1,-1,-1
381,491,1572.00,562.00,40.90,108.60,1,-1,-1,-1
381,504,1510.00,563.00,39.70,107.40,1,-1,-1,-1
381,558,1537.00,611.00,32.40,85.20,1,-1,-1,-1
382,28,1268.00,534.00,25.80,72.10,1,-1,-1,-1
382,469,1348.00,539.00,23.10,58.10,1,-1,-1,-1
382,486,1369.00,540.00,22.90,62.50,1,-1,-1,-1
382,491,1574.00,560.00,39.00,110.10,1,-1,-1,-1
382,504,1507.00,570.00,39.30,103.50,1,-1,-1,-1
382,558,1534.00,611.00,34.50,93.20,1,-1,-1,-1
382,559,1525.00,559.00,39.30,100.00,1,-1,-1,-1
382,560,1357.00,534.00,24.50,73.80,1,-1,-1,-1
383,28,1271.00,535.00,24.60,63.00,1,-1,-1,-1
383,469,1344.00,536.00,22.30,55.00,1,-1,-1,-1
383,486,1362.00,533.00,25.20,65.30,1,-1,-1,-1
383,491,1572.00,555.00,38.70,111.30,1,-1,-1,-1
383,504,1505.00,565.00,40.80,104.80,1,-1,-1,-1
384,28,1266.00,532.00,24.70,66.70,1,-1,-1,-1
384,469,1344.00,534.00,22.90,62.60,1,-1,-1,-1
384,486,1359.00,535.00,26.10,68.80,1,-1,-1,-1
384,491,1570.00,558.00,39.10,106.10,1,-1,-1,-1
384,504,1504.00,563.00,41.70,104.10,1,-1,-1,-1
384,561,1532.00,574.00,30.70,78.70,1,-1,-1,-1
384,562,1521.00,600.00,43.50,104.00,1,-1,-1,-1
385,28,1265.00,524.00,24.30,74.70,1,-1,-1,-1
385,469,1338.00,531.00,22.30,65.60,1,-1,-1,-1
385,486,1359.00,529.00,26.20,70.40,1,-1,-1,-1
385,491,1564.00,560.00,38.20,106.80,1,-1,-1,-1
385,504,1493.00,562.00,44.50,106.30,1,-1,-1,-1
385,561,1515.00,560.00,39.40,99.80,1,-1,-1,-1
385,562,1528.00,622.00,25.80,77.50,1,-1,-1,-1
386,28,1266.00,529.00,24.70,69.30,1,-1,-1,-1
386,469,1335.00,533.00,23.40,62.20,1,-1,-1,-1
386,486,1353.00,528.00,28.10,77.20,1,-1,-1,-1
386,491,1561.00,557.00,43.90,113.90,1,-1,-1,-1
386,504,1499.00,563.00,43.80,108.60,1,-1,-1,-1
387,28,1261.00,532.00,22.40,62.30,1,-1,-1,-1
387,469,1334.00,528.00,24.80,65.30,1,-1,-1,-1
387,486,1349.00,531.00,25.90,68.30,1,-1,-1,-1
387,491,1562.00,555.00,43.40,113.80,1,-1,-1,-1
387,504,1497.00,561.00,41.50,106.00,1,-1,-1,-1
387,563,1516.00,564.00,38.30,90.80,1,-1,-1,-1
388,28,1252.00,531.00,26.40,69.40,1,-1,-1,-1
388,469,1329.00,533.00,24.40,61.20,1,-1,-1,-1
388,486,1346.00,532.00,26.30,70.90,1,-1,-1,-1
388,491,1559.00,555.00,41.50,112.10,1,-1,-1,-1
388,504,1498.00,563.00,38.80,100.80,1,-1,-1,-1
388,563,1518.00,561.00,37.80,92.20,1,-1,-1,-1
389,28,1248.00,532.00,25.90,67.90,1,-1,-1,-1
389,469,1323.00,532.00,23.70,62.30,1,-1,-1,-1
389,486,1344.00,533.00,28.10,71.30,1,-1,-1,-1
389,491,1553.00,553.00,44.80,122.80,1,-1,-1,-1
389,504,1500.00,564.00,40.50,97.70,1,-1,-1,-1
390,28,1248.00,533.00,21.40,63.20,1,-1,-1,-1
390,469,1318.00,531.00,26.40,68.20,1,-1,-1,-1
390,486,1338.00,527.00,27.80,78.20,1,-1,-1,-1
390,491,1552.00,553.00,43.20,120.10,1,-1,-1,-1
390,504,1487.00,565.00,39.90,100.30,1,-1,-1,-1
390,564,1514.00,555.00,44.00,104.70,1,-1,-1,-1
391,28,1242.00,530.00,25.00,65.40,1,-1,-1,-1
391,469,1316.00,533.00,26.80,66.20,1,-1,-1,-1
391,486,1334.00,531.00,24.90,70.20,1,-1,-1,-1
391,491,1547.00,556.00,46.40,120.40,1,-1,-1,-1
391,504,1496.00,560.00,40.80,103.50,1,-1,-1,-1
392,28,1235.00,531.00,24.20,63.50,1,-1,-1,-1
392,469,1308.00,533.00,26.80,63.50,1,-1,-1,-1
392,491,1539.00,556.00,43.40,114.10,1,-1,-1,-1
392,504,1497.00,560.00,46.30,104.40,1,-1,-1,-1
392,565,1480.00,564.00,39.50,111.90,1,-1,-1,-1
393,28,1227.00,534.00,20.70,59.20,1,-1,-1,-1
393,469,1305.00,530.00,24.20,67.20,1,-1,-1,-1
393,491,1535.00,560.00,42.70,117.00,1,-1,-1,-1
393,504,1493.00,560.00,41.30,102.10,1,-1,-1,-1
393,565,1471.00,565.00,40.40,111.60,1,-1,-1,-1
393,566,1322.00,530.00,25.10,71.10,1,-1,-1,-1
394,28,1215.00,529.00,23.40,63.70,1,-1,-1,-1
394,469,1314.00,531.00,25.70,66.40,1,-1,-1,-1
394,491,1535.00,554.00,43.00,116.20,1,-1,-1,-1
394,504,1494.00,563.00,40.30,100.90,1,-1,-1,-1
394,565,1466.00,565.00,41.00,106.70,1,-1,-1,-1
394,567,1295.00,529.00,25.40,74.80,1,-1,-1,-1
394,568,1205.00,510.00,26.20,68.30,1,-1,-1,-1
395,28,1212.00,533.00,23.00,59.60,1,-1,-1,-1
395,469,1309.00,529.00,27.40,70.00,1,-1,-1,-1
395,491,1526.00,554.00,42.60,122.70,1,-1,-1,-1
395,565,1464.00,567.00,43.20,103.10,1,-1,-1,-1
395,567,1292.00,534.00,23.90,68.70,1,-1,-1,-1
395,569,714.00,560.00,15.50,35.40,1,-1,-1,-1
396,28,1204.00,531.00,21.30,61.30,1,-1,-1,-1
396,469,1302.00,524.00,28.10,72.80,1,-1,-1,-1
396,491,1519.00,558.00,41.20,118.10,1,-1,-1,-1
396,565,1471.00,561.00,43.30,98.90,1,-1,-1,-1
396,567,1282.00,530.00,25.40,64.70,1,-1,-1,-1
396,570,1452.00,566.00,43.60,108.90,1,-1,-1,-1
396,571,1193.00,517.00,24.70,69.00,1,-1,-1,-1
397,469,1298.00,528.00,23.20,70.90,1,-1,-1,-1
397,491,1512.00,559.00,40.70,118.80,1,-1,-1,-1
397,565,1469.00,559.00,41.70,105.10,1,-1,-1,-1
397,567,1275.00,532.00,23.20,62.40,1,-1,-1,-1
397,570,1445.00,567.00,46.20,109.50,1,-1,-1,-1
397,571,1188.00,521.00,26.40,70.10,1,-1,-1,-1
398,469,1289.00,525.00,27.60,75.70,1,-1,-1,-1
398,491,1507.00,560.00,45.00,119.60,1,-1,-1,-1
398,565,1455.00,557.00,42.50,105.50,1,-1,-1,-1
398,567,1266.00,532.00,22.80,63.00,1,-1,-1,-1
398,570,1435.00,565.00,43.60,112.50,1,-1,-1,-1
398,571,1185.00,533.00,23.10,61.70,1,-1,-1,-1
399,469,1280.00,523.00,27.20,76.10,1,-1,-1,-1
399,491,1492.00,558.00,48.20,121.50,1,-1,-1,-1
399,565,1460.00,562.00,46.40,103.20,1,-1,-1,-1
399,567,1258.00,526.00,26.10,68.80,1,-1,-1,-1
399,570,1436.00,555.00,44.70,119.30,1,-1,-1,-1
399,571,1177.00,521.00,26.70,77.80,1,-1,-1,-1
399,572,1172.00,530.00,21.40,60.90,1,-1,-1,-1
400,469,1273.00,522.00,27.00,73.60,1,-1,-1,-1
400,491,1487.00,558.00,48.00,121.80,1,-1,-1,-1
400,567,1254.00,528.00,25.90,66.70,1,-1,-1,-1
400,570,1428.00,561.00,45.60,109.90,1,-1,-1,-1
400,571,1173.00,526.00,23.00,71.40,1,-1,-1,-1
400,572,1166.00,534.00,19.40,59.30,1,-1,-1,-1
400,573,1347.00,539.00,22.80,59.90,1,-1,-1,-1
401,469,1267.00,526.00,26.90,70.40,1,-1,-1,-1
401,491,1482.00,554.00,42.50,119.60,1,-1,-1,-1
401,567,1247.00,526.00,26.40,70.10,1,-1,-1,-1
401,570,1430.00,555.00,45.90,115.00,1,-1,-1,-1
401,572,1153.00,529.00,25.50,65.70,1,-1,-1,-1
402,469,1261.00,530.00,23.10,62.70,1,-1,-1,-1
402,491,1477.00,559.00,44.20,113.50,1,-1,-1,-1
402,567,1236.00,528.00,24.10,63.10,1,-1,-1,-1
402,570,1424.00,563.00,43.70,98.60,1,-1,-1,-1
402,572,1143.00,534.00,23.20,62.00,1,-1,-1,-1
402,574,1399.00,562.00,42.90,108.60,1,-1,-1,-1
402,575,650.00,556.00,15.90,38.00,1,-1,-1,-1
402,576,1266.00,552.00,49.80,131.50,1,-1,-1,-1
403,491,1463.00,555.00,42.60,119.00,1,-1,-1,-1
403,567,1227.00,526.00,25.60,69.20,1,-1,-1,-1
403,570,1403.00,564.00,41.70,105.70,1,-1,-1,-1
403,577,1246.00,529.00,22.70,61.40,1,-1,-1,-1
404,491,1449.00,555.00,47.80,122.10,1,-1,-1,-1
404,567,1236.00,527.00,25.40,69.50,1,-1,-1,-1
404,570,1407.00,556.00,43.90,114.50,1,-1,-1,-1
404,578,1216.00,524.00,27.40,71.00,1,-1,-1,-1
404,579,1386.00,561.00,42.80,116.60,1,-1,-1,-1
404,580,1246.00,546.00,49.50,134.90,1,-1,-1,-1
404,581,1112.00,533.00,26.40,62.80,1,-1,-1,-1
404,582,634.00,557.00,17.10,36.90,1,-1,-1,-1
405,491,1444.00,555.00,45.70,124.30,1,-1,-1,-1
405,570,1409.00,559.00,43.00,107.10,1,-1,-1,-1
405,578,1222.00,526.00,25.00,71.70,1,-1,-1,-1
405,579,1378.00,561.00,47.90,115.30,1,-1,-1,-1
405,583,1206.00,525.00,27.20,69.10,1,-1,-1,-1
405,584,620.00,561.00,16.20,36.40,1,-1,-1,-1
406,491,1430.00,556.00,46.40,121.90,1,-1,-1,-1
406,570,1386.00,554.00,46.70,113.30,1,-1,-1,-1
406,578,1218.00,528.00,23.00,64.00,1,-1,-1,-1
406,579,1367.00,563.00,43.90,112.10,1,-1,-1,-1
406,583,1198.00,523.00,27.80,67.30,1,-1,-1,-1
406,585,1088.00,535.00,29.50,74.10,1,-1,-1,-1
407,491,1419.00,550.00,47.60,130.50,1,-1,-1,-1
407,570,1365.00,556.00,44.40,112.70,1,-1,-1,-1
407,578,1208.00,524.00,25.90,71.00,1,-1,-1,-1
407,583,1187.00,525.00,28.00,73.70,1,-1,-1,-1
407,586,1070.00,529.00,31.70,81.00,1,-1,-1,-1
407,587,1163.00,534.00,22.10,59.60,1,-1,-1,-1
408,491,1413.00,553.00,48.10,128.20,1,-1,-1,-1
408,570,1377.00,558.00,42.20,111.40,1,-1,-1,-1
408,578,1197.00,524.00,25.10,68.00,1,-1,-1,-1
408,583,1175.00,524.00,29.50,74.20,1,-1,-1,-1
408,586,1053.00,529.00,32.80,85.90,1,-1,-1,-1
408,588,1346.00,563.00,46.10,119.00,1,-1,-1,-1
408,589,1146.00,522.00,22.90,61.30,1,-1,-1,-1
408,590,592.00,557.00,17.00,38.20,1,-1,-1,-1
409,491,1398.00,551.00,47.00,123.40,1,-1,-1,-1
409,578,1185.00,526.00,26.40,64.10,1,-1,-1,-1
409,583,1168.00,526.00,29.20,71.50,1,-1,-1,-1
409,588,1338.00,559.00,51.20,118.10,1,-1,-1,-1
409,589,1139.00,515.00,24.10,68.90,1,-1,-1,-1
409,591,1002.00,543.00,38.60,113.00,1,-1,-1,-1
409,592,954.00,445.00,34.70,101.20,1,-1,-1,-1
410,491,1385.00,555.00,47.70,121.80,1,-1,-1,-1
410,583,1154.00,523.00,28.10,75.00,1,-1,-1,-1
410,588,1338.00,560.00,47.80,109.20,1,-1,-1,-1
410,589,1125.00,515.00,26.20,71.90,1,-1,-1,-1
410,593,1314.00,558.00,45.50,119.80,1,-1,-1,-1
411,491,1373.00,555.00,48.30,123.50,1,-1,-1,-1
411,583,1144.00,524.00,29.20,68.70,1,-1,-1,-1
411,588,1328.00,552.00,46.00,115.30,1,-1,-1,-1
411,589,1112.00,519.00,25.60,66.10,1,-1,-1,-1
411,593,1308.00,555.00,43.40,116.30,1,-1,-1,-1
411,594,1009.00,526.00,33.40,86.00,1,-1,-1,-1
411,595,1095.00,520.00,33.70,79.50,1,-1,-1,-1
412,491,1364.00,554.00,44.00,121.20,1,-1,-1,-1
412,583,1154.00,529.00,21.20,56.70,1,-1,-1,-1
412,588,1319.00,557.00,41.90,111.70,1,-1,-1,-1
412,593,1294.00,561.00,42.80,115.80,1,-1,-1,-1
412,595,1099.00,526.00,24.00,62.90,1,-1,-1,-1
412,596,1129.00,524.00,29.70,72.50,1,-1,-1,-1
412,597,989.00,529.00,30.10,81.50,1,-1,-1,-1
412,598,533.00,556.00,16.90,40.30,1,-1,-1,-1
413,491,1347.00,555.00,49.30,122.80,1,-1,-1,-1
413,588,1306.00,553.00,46.30,117.60,1,-1,-1,-1
413,593,1285.00,559.00,45.80,123.30,1,-1,-1,-1
413,595,1088.00,521.00,23.90,63.50,1,-1,-1,-1
413,596,1137.00,524.00,23.00,62.40,1,-1,-1,-1
413,599,1117.00,520.00,30.10,74.70,1,-1,-1,-1
413,600,972.00,539.00,27.60,67.90,1,-1,-1,-1
414,491,1335.00,554.00,45.80,123.40,1,-1,-1,-1
414,588,1292.00,553.00,46.50,117.10,1,-1,-1,-1
414,593,1270.00,560.00,44.00,120.40,1,-1,-1,-1
414,599,1125.00,529.00,21.30,54.60,1,-1,-1,-1
414,601,1072.00,519.00,25.40,69.10,1,-1,-1,-1
414,602,1103.00,517.00,31.10,77.20,1,-1,-1,-1
414,603,947.00,540.00,30.00,74.90,1,-1,-1,-1
415,491,1326.00,551.00,44.90,123.20,1,-1,-1,-1
415,588,1280.00,558.00,42.60,114.40,1,-1,-1,-1
415,593,1257.00,558.00,42.50,117.10,1,-1,-1,-1
415,601,1063.00,519.00,25.60,64.90,1,-1,-1,-1
415,602,1088.00,521.00,30.70,71.50,1,-1,-1,-1
416,491,1305.00,546.00,48.20,129.20,1,-1,-1,-1
416,588,1268.00,557.00,45.10,115.50,1,-1,-1,-1
416,593,1242.00,553.00,47.70,123.80,1,-1,-1,-1
416,602,1078.00,517.00,30.50,77.00,1,-1,-1,-1
416,604,1048.00,520.00,23.40,60.40,1,-1,-1,-1
417,491,1294.00,550.00,41.30,129.80,1,-1,-1,-1
417,588,1254.00,553.00,46.90,117.10,1,-1,-1,-1
417,593,1226.00,547.00,47.30,137.00,1,-1,-1,-1
417,602,1063.00,519.00,30.80,77.60,1,-1,-1,-1
417,605,1035.00,515.00,24.70,67.10,1,-1,-1,-1
417,606,889.00,379.00,123.00,237.20,1,-1,-1,-1
417,607,470.00,552.00,17.40,40.40,1,-1,-1,-1
417,608,460.00,558.00,15.20,33.30,1,-1,-1,-1
418,491,1280.00,546.00,45.40,127.00,1,-1,-1,-1
418,588,1238.00,549.00,45.60,128.10,1,-1,-1,-1
418,593,1213.00,557.00,47.60,120.50,1,-1,-1,-1
418,602,1068.00,522.00,22.30,62.60,1,-1,-1,-1
418,606,865.00,376.00,124.90,232.50,1,-1,-1,-1
418,609,1019.00,522.00,26.60,65.20,1,-1,-1,-1
418,610,1049.00,519.00,28.90,70.80,1,-1,-1,-1
419,491,1264.00,546.00,47.20,124.50,1,-1,-1,-1
419,588,1223.00,547.00,48.10,124.50,1,-1,-1,-1
419,593,1198.00,548.00,44.10,130.30,1,-1,-1,-1
419,609,1006.00,513.00,26.60,70.10,1,-1,-1,-1
419,610,1035.00,515.00,29.50,75.20,1,-1,-1,-1
420,491,1250.00,552.00,44.80,119.60,1,-1,-1,-1
420,588,1203.00,544.00,48.60,139.90,1,-1,-1,-1
420,593,1182.00,544.00,44.90,134.00,1,-1,-1,-1
420,610,1020.00,516.00,31.40,80.70,1,-1,-1,-1
420,611,993.00,514.00,24.00,64.10,1,-1,-1,-1
421,491,1235.00,546.00,47.30,124.90,1,-1,-1,-1
421,588,1194.00,550.00,49.00,126.80,1,-1,-1,-1
421,593,1167.00,555.00,43.00,125.00,1,-1,-1,-1
421,612,976.00,515.00,24.80,66.00,1,-1,-1,-1
421,613,1006.00,513.00,28.40,72.70,1,-1,-1,-1
421,614,395.00,552.00,15.20,35.20,1,-1,-1,-1
421,615,883.00,521.00,35.50,85.30,1,-1,-1,-1
422,491,1212.00,539.00,50.70,135.60,1,-1,-1,-1
422,588,1177.00,551.00,41.00,125.30,1,-1,-1,-1
422,593,1149.00,552.00,46.90,122.70,1,-1,-1,-1
422,612,987.00,511.00,30.60,73.90,1,-1,-1,-1
422,616,959.00,509.00,24.30,66.50,1,-1,-1,-1
422,617,912.00,502.00,29.20,71.00,1,-1,-1,-1
423,491,1196.00,544.00,44.70,130.70,1,-1,-1,-1
423,588,1156.00,543.00,51.60,129.90,1,-1,-1,-1
423,593,1129.00,543.00,50.50,134.70,1,-1,-1,-1
423,618,943.00,511.00,25.40,65.80,1,-1,-1,-1
423,619,971.00,513.00,28.60,68.70,1,-1,-1,-1
424,491,1182.00,547.00,44.60,117.60,1,-1,-1,-1
424,588,1157.00,546.00,45.20,132.00,1,-1,-1,-1
424,593,1134.00,553.00,46.10,117.30,1,-1,-1,-1
424,618,953.00,507.00,28.40,67.90,1,-1,-1,-1
424,620,927.00,507.00,25.70,68.90,1,-1,-1,-1
424,621,1110.00,552.00,43.60,128.10,1,-1,-1,-1
425,491,1159.00,546.00,47.70,125.50,1,-1,-1,-1
425,593,1130.00,548.00,43.20,131.20,1,-1,-1,-1
425,621,1095.00,554.00,43.70,122.10,1,-1,-1,-1
425,622,910.00,510.00,24.40,62.10,1,-1,-1,-1
426,491,1143.00,538.00,52.40,135.00,1,-1,-1,-1
426,621,1104.00,544.00,47.00,130.50,1,-1,-1,-1
426,623,893.00,507.00,24.60,68.10,1,-1,-1,-1
426,624,1079.00,554.00,47.80,124.20,1,-1,-1,-1
427,491,1125.00,547.00,44.70,124.70,1,-1,-1,-1
427,621,1087.00,541.00,49.20,131.20,1,-1,-1,-1
427,625,871.00,509.00,26.10,65.70,1,-1,-1,-1
427,626,1051.00,544.00,48.80,132.60,1,-1,-1,-1
427,627,896.00,542.00,46.50,137.60,1,-1,-1,-1
428,491,1103.00,548.00,46.30,126.10,1,-1,-1,-1
428,621,1072.00,547.00,44.40,128.60,1,-1,-1,-1
428,625,878.00,510.00,28.00,72.50,1,-1,-1,-1
428,626,1043.00,552.00,45.20,129.90,1,-1,-1,-1
428,628,857.00,510.00,28.40,70.50,1,-1,-1,-1
429,491,1084.00,551.00,45.80,122.70,1,-1,-1,-1
429,621,1053.00,553.00,48.20,121.50,1,-1,-1,-1
429,626,1032.00,547.00,58.10,164.80,1,-1,-1,-1
429,629,838.00,516.00,23.60,59.10,1,-1,-1,-1
429,630,1021.00,558.00,43.70,124.20,1,-1,-1,-1
429,631,992.00,559.00,37.10,100.60,1,-1,-1,-1
430,491,1062.00,547.00,48.30,126.80,1,-1,-1,-1
430,626,1027.00,550.00,47.40,142.00,1,-1,-1,-1
430,629,842.00,514.00,28.10,70.90,1,-1,-1,-1
430,630,1001.00,569.00,48.30,142.10,1,-1,-1,-1
430,631,1003.00,562.00,36.60,99.70,1,-1,-1,-1
430,632,819.00,514.00,26.40,64.80,1,-1,-1,-1
430,633,978.00,561.00,39.90,119.20,1,-1,-1,-1
431,491,1041.00,556.00,47.40,126.30,1,-1,-1,-1
431,626,1009.00,555.00,47.00,132.70,1,-1,-1,-1
431,631,980.00,561.00,45.10,126.70,1,-1,-1,-1
431,634,797.00,514.00,27.30,71.60,1,-1,-1,-1
431,635,948.00,569.00,39.20,96.40,1,-1,-1,-1
431,636,301.00,754.00,144.00,277.00,1,-1,-1,-1
432,491,1024.00,555.00,57.90,120.40,1,-1,-1,-1
432,626,982.00,556.00,54.20,130.50,1,-1,-1,-1
432,631,965.00,564.00,41.20,121.60,1,-1,-1,-1
432,634,794.00,510.00,29.10,71.90,1,-1,-1,-1
432,635,941.00,563.00,46.00,129.30,1,-1,-1,-1
432,637,778.00,518.00,26.30,67.60,1,-1,-1,-1
432,638,930.00,570.00,39.70,96.20,1,-1,-1,-1
432,639,1339.00,612.00,45.20,115.60,1,-1,-1,-1
433,491,1009.00,556.00,44.40,126.00,1,-1,-1,-1
433,626,962.00,564.00,50.20,138.50,1,-1,-1,-1
433,635,939.00,575.00,47.00,129.90,1,-1,-1,-1
433,638,913.00,569.00,42.30,107.60,1,-1,-1,-1
433,640,763.00,519.00,25.80,66.80,1,-1,-1,-1
434,491,977.00,560.00,62.90,133.40,1,-1,-1,-1
434,635,915.00,565.00,50.40,140.70,1,-1,-1,-1
434,641,743.00,519.00,25.70,65.50,1,-1,-1,-1
434,642,885.00,570.00,42.80,111.00,1,-1,-1,-1
435,491,965.00,551.00,49.80,146.10,1,-1,-1,-1
435,635,893.00,566.00,51.70,141.90,1,-1,-1,-1
435,642,865.00,566.00,43.20,121.90,1,-1,-1,-1
435,643,722.00,521.00,25.80,66.40,1,-1,-1,-1
435,644,545.00,494.00,21.30,55.00,1,-1,-1,-1
436,491,945.00,562.00,51.10,124.10,1,-1,-1,-1
436,635,873.00,565.00,52.30,147.40,1,-1,-1,-1
436,645,701.00,522.00,27.70,66.00,1,-1,-1,-1
436,646,839.00,581.00,40.10,115.30,1,-1,-1,-1
436,647,651.00,520.00,27.60,60.00,1,-1,-1,-1
436,648,519.00,489.00,22.50,55.90,1,-1,-1,-1
437,491,926.00,562.00,45.70,135.90,1,-1,-1,-1
437,635,881.00,565.00,49.90,131.50,1,-1,-1,-1
437,646,845.00,568.00,51.90,147.10,1,-1,-1,-1
437,649,683.00,520.00,27.20,66.50,1,-1,-1,-1
437,650,631.00,516.00,26.40,62.30,1,-1,-1,-1
437,651,819.00,595.00,36.30,112.80,1,-1,-1,-1
438,491,903.00,561.00,48.40,132.00,1,-1,-1,-1
438,635,856.00,560.00,53.20,134.60,1,-1,-1,-1
438,646,825.00,574.00,49.20,133.00,1,-1,-1,-1
438,651,800.00,575.00,42.40,117.70,1,-1,-1,-1
438,652,657.00,519.00,28.20,66.80,1,-1,-1,-1
438,653,1375.00,611.00,76.80,195.00,1,-1,-1,-1
438,654,62.00,497.00,20.10,47.30,1,-1,-1,-1
439,491,876.00,558.00,57.50,139.00,1,-1,-1,-1
439,646,803.00,571.00,52.00,145.30,1,-1,-1,-1
439,651,780.00,582.00,41.60,119.90,1,-1,-1,-1
439,655,638.00,520.00,26.20,68.40,1,-1,-1,-1
439,656,1013.00,613.00,62.50,134.40,1,-1,-1,-1
440,491,860.00,561.00,50.70,134.60,1,-1,-1,-1
440,651,776.00,571.00,50.90,141.90,1,-1,-1,-1
440,657,616.00,519.00,28.00,66.00,1,-1,-1,-1
440,658,752.00,585.00,38.30,113.60,1,-1,-1,-1
441,491,834.00,558.00,52.10,139.70,1,-1,-1,-1
441,651,758.00,570.00,55.10,147.90,1,-1,-1,-1
441,658,735.00,564.00,38.60,130.90,1,-1,-1,-1
441,659,595.00,519.00,27.20,65.40,1,-1,-1,-1
441,660,1307.00,611.00,81.50,191.90,1,-1,-1,-1
442,491,807.00,555.00,66.50,147.30,1,-1,-1,-1
442,651,735.00,567.00,63.90,161.80,1,-1,-1,-1
442,661,573.00,524.00,24.60,60.60,1,-1,-1,-1
442,662,713.00,575.00,39.10,116.50,1,-1,-1,-1
443,491,801.00,563.00,53.90,136.80,1,-1,-1,-1
443,651,709.00,581.00,60.20,138.00,1,-1,-1,-1
443,663,546.00,522.00,24.60,60.20,1,-1,-1,-1
443,664,529.00,565.00,48.40,129.10,1,-1,-1,-1
443,665,1083.00,648.00,100.50,247.00,1,-1,-1,-1
443,666,686.00,568.00,43.10,121.50,1,-1,-1,-1
444,491,775.00,555.00,60.50,139.40,1,-1,-1,-1
444,651,680.00,573.00,69.40,157.90,1,-1,-1,-1
444,667,522.00,519.00,28.30,62.60,1,-1,-1,-1
444,668,501.00,566.00,50.90,135.00,1,-1,-1,-1
444,669,1230.00,626.00,84.20,186.80,1,-1,-1,-1
445,491,744.00,562.00,60.80,132.30,1,-1,-1,-1
445,651,652.00,570.00,72.40,157.30,1,-1,-1,-1
445,668,477.00,564.00,48.60,143.40,1,-1,-1,-1
445,670,495.00,519.00,30.10,62.10,1,-1,-1,-1
445,671,613.00,625.00,43.70,111.20,1,-1,-1,-1
446,491,716.00,559.00,58.30,149.20,1,-1,-1,-1
446,651,638.00,578.00,68.40,157.10,1,-1,-1,-1
446,668,451.00,563.00,52.20,136.90,1,-1,-1,-1
446,671,615.00,574.00,42.60,132.20,1,-1,-1,-1
446,672,472.00,516.00,30.00,70.50,1,-1,-1,-1
446,673,1162.00,600.00,90.70,206.10,1,-1,-1,-1
447,491,706.00,570.00,50.50,131.80,1,-1,-1,-1
447,668,426.00,568.00,49.40,130.80,1,-1,-1,-1
447,671,608.00,577.00,59.50,155.80,1,-1,-1,-1
447,674,448.00,519.00,28.00,62.00,1,-1,-1,-1
447,675,410.00,514.00,24.80,58.30,1,-1,-1,-1
447,676,500.00,568.00,50.70,125.80,1,-1,-1,-1
448,491,676.00,557.00,65.10,154.10,1,-1,-1,-1
448,668,398.00,531.00,72.70,185.60,1,-1,-1,-1
448,671,577.00,571.00,74.20,165.40,1,-1,-1,-1
448,677,398.00,570.00,49.30,132.50,1,-1,-1,-1
448,678,427.00,526.00,24.40,52.30,1,-1,-1,-1
449,491,649.00,563.00,67.80,146.90,1,-1,-1,-1
449,671,590.00,584.00,53.30,128.70,1,-1,-1,-1
449,679,548.00,569.00,67.10,172.80,1,-1,-1,-1
449,680,399.00,523.00,24.10,59.30,1,-1,-1,-1
449,681,369.00,515.00,24.20,61.90,1,-1,-1,-1
449,682,449.00,555.00,49.20,135.90,1,-1,-1,-1
450,491,625.00,563.00,63.90,144.20,1,-1,-1,-1
450,679,517.00,559.00,74.30,170.10,1,-1,-1,-1
450,683,420.00,555.00,51.50,134.30,1,-1,-1,-1
451,491,600.00,554.00,65.50,146.80,1,-1,-1,-1
451,679,502.00,557.00,67.80,187.00,1,-1,-1,-1
451,684,479.00,623.00,54.80,151.80,1,-1,-1,-1
451,685,393.00,559.00,49.50,126.00,1,-1,-1,-1
451,686,308.00,563.00,56.50,131.50,1,-1,-1,-1
452,491,582.00,554.00,65.30,153.10,1,-1,-1,-1
452,679,471.00,575.00,67.40,159.70,1,-1,-1,-1
452,687,1760.00,788.00,189.60,377.80,1,-1,-1,-1
452,688,278.00,563.00,55.40,147.80,1,-1,-1,-1
453,491,552.00,552.00,65.40,160.60,1,-1,-1,-1
453,679,447.00,572.00,62.10,160.30,1,-1,-1,-1
453,687,1741.00,785.00,184.50,405.10,1,-1,-1,-1
453,689,795.00,773.00,23.90,50.90,1,-1,-1,-1
453,690,261.00,504.00,32.50,68.40,1,-1,-1,-1
453,691,315.00,555.00,48.20,132.10,1,-1,-1,-1
454,491,523.00,558.00,74.30,150.60,1,-1,-1,-1
454,679,422.00,572.00,54.50,154.30,1,-1,-1,-1
454,687,1705.00,786.00,185.60,392.50,1,-1,-1,-1
454,692,223.00,560.00,52.80,139.40,1,-1,-1,-1
455,491,497.00,552.00,72.30,159.60,1,-1,-1,-1
455,679,396.00,571.00,53.90,161.80,1,-1,-1,-1
455,687,1688.00,773.00,181.70,434.80,1,-1,-1,-1
456,491,472.00,561.00,78.10,152.50,1,-1,-1,-1
456,687,1653.00,750.00,180.20,456.80,1,-1,-1,-1
456,693,362.00,574.00,59.20,163.60,1,-1,-1,-1
456,694,688.00,714.00,86.50,270.50,1,-1,-1,-1
457,491,448.00,553.00,71.50,175.00,1,-1,-1,-1
457,687,1618.00,764.00,183.50,443.60,1,-1,-1,-1
457,693,333.00,574.00,60.00,174.10,1,-1,-1,-1
458,491,412.00,560.00,83.90,164.40,1,-1,-1,-1
458,687,1568.00,758.00,188.20,422.00,1,-1,-1,-1
458,693,300.00,570.00,63.70,171.20,1,-1,-1,-1
458,695,611.00,694.00,96.50,289.00,1,-1,-1,-1
459,491,376.00,561.00,99.00,164.20,1,-1,-1,-1
459,687,1531.00,764.00,226.90,434.60,1,-1,-1,-1
459,693,272.00,569.00,63.90,178.30,1,-1,-1,-1
460,491,354.00,567.00,76.60,152.40,1,-1,-1,-1
460,687,1510.00,759.00,204.30,443.50,1,-1,-1,-1
460,693,245.00,582.00,64.60,171.40,1,-1,-1,-1
460,696,516.00,710.00,111.00,299.30,1,-1,-1,-1
460,697,201.00,584.00,82.30,168.20,1,-1,-1,-1
461,491,313.00,572.00,97.60,163.10,1,-1,-1,-1
461,687,1478.00,778.00,191.60,432.00,1,-1,-1,-1
461,696,471.00,724.00,103.10,274.90,1,-1,-1,-1
461,697,209.00,578.00,64.30,184.80,1,-1,-1,-1
462,491,282.00,563.00,85.00,172.30,1,-1,-1,-1
462,687,1432.00,767.00,198.00,449.40,1,-1,-1,-1
462,696,422.00,764.00,132.90,284.20,1,-1,-1,-1
462,697,178.00,579.00,66.00,175.10,1,-1,-1,-1
462,698,146.00,587.00,52.20,128.50,1,-1,-1,-1
463,491,254.00,572.00,91.00,156.70,1,-1,-1,-1
463,687,1406.00,785.00,197.80,455.50,1,-1,-1,-1
463,698,143.00,583.00,56.30,174.80,1,-1,-1,-1
464,491,224.00,569.00,84.40,170.90,1,-1,-1,-1
464,687,1351.00,813.00,202.40,380.00,1,-1,-1,-1
464,698,106.00,581.00,71.90,187.70,1,-1,-1,-1
465,491,181.00,565.00,95.90,170.90,1,-1,-1,-1
465,687,1332.00,814.00,175.50,390.70,1,-1,-1,-1
465,698,69.00,576.00,76.00,201.50,1,-1,-1,-1
466,491,164.00,577.00,84.20,167.80,1,-1,-1,-1
466,687,1294.00,830.00,205.50,378.00,1,-1,-1,-1
466,699,31.00,595.00,72.90,173.90,1,-1,-1,-1
467,491,131.00,563.00,80.20,176.50,1,-1,-1,-1
467,687,1266.00,823.00,185.80,367.20,1,-1,-1,-1
467,699,1.00,588.00,63.30,185.50,1,-1,-1,-1
467,700,792.00,506.00,40.70,103.10,1,-1,-1,-1
468,491,99.00,571.00,81.10,178.60,1,-1,-1,-1
469,491,65.00,566.00,86.70,176.30,1,-1,-1,-1
469,701,50.00,746.00,212.30,354.40,1,-1,-1,-1
470,491,33.00,575.00,86.80,178.20,1,-1,-1,-1
471,702,1.00,560.00,69.10,182.80,1,-1,-1,-1
474,703,1002.00,827.00,191.80,364.20,1,-1,-1,-1
475,703,964.00,828.00,193.70,347.70,1,-1,-1,-1
480,704,1848.00,656.00,88.10,222.30,1,-1,-1,-1
481,704,1873.00,646.00,63.80,278.80,1,-1,-1,-1
481,705,1803.00,657.00,81.80,214.90,1,-1,-1,-1
482,704,1822.00,651.00,99.10,254.00,1,-1,-1,-1
482,705,1764.00,656.00,76.60,217.50,1,-1,-1,-1
483,704,1802.00,660.00,102.00,242.20,1,-1,-1,-1
483,706,1708.00,652.00,87.80,227.80,1,-1,-1,-1
484,706,1667.00,663.00,91.90,231.30,1,-1,-1,-1
484,707,1744.00,668.00,97.30,242.30,1,-1,-1,-1
485,706,1634.00,653.00,84.00,232.20,1,-1,-1,-1
485,707,1708.00,659.00,90.30,245.50,1,-1,-1,-1
486,707,1674.00,660.00,95.80,252.80,1,-1,-1,-1
486,708,1597.00,665.00,73.30,232.50,1,-1,-1,-1
487,707,1624.00,655.00,108.40,256.00,1,-1,-1,-1
487,709,1535.00,650.00,93.20,246.20,1,-1,-1,-1
488,707,1591.00,663.00,84.20,229.20,1,-1,-1,-1
488,709,1487.00,657.00,108.10,231.60,1,-1,-1,-1
489,707,1555.00,663.00,82.60,239.00,1,-1,-1,-1
489,709,1448.00,654.00,95.20,245.10,1,-1,-1,-1
490,709,1411.00,672.00,98.20,228.40,1,-1,-1,-1
490,710,1496.00,674.00,89.90,237.80,1,-1,-1,-1
491,709,1455.00,669.00,87.60,249.30,1,-1,-1,-1
491,711,1360.00,664.00,104.10,243.80,1,-1,-1,-1
492,709,1416.00,671.00,83.50,247.50,1,-1,-1,-1
492,711,1321.00,684.00,99.00,228.60,1,-1,-1,-1
493,711,1276.00,671.00,107.20,253.80,1,-1,-1,-1
493,712,1366.00,683.00,89.40,253.80,1,-1,-1,-1
494,711,1243.00,674.00,97.60,255.30,1,-1,-1,-1
494,712,1328.00,687.00,86.10,234.10,1,-1,-1,-1
495,711,1284.00,690.00,82.40,239.80,1,-1,-1,-1
495,713,1211.00,685.00,90.90,256.10,1,-1,-1,-1
496,713,1229.00,698.00,95.10,249.70,1,-1,-1,-1
496,714,1161.00,694.00,96.60,249.90,1,-1,-1,-1
497,713,1181.00,706.00,98.50,262.80,1,-1,-1,-1
497,715,1113.00,674.00,91.60,269.80,1,-1,-1,-1
498,713,1142.00,697.00,95.90,254.70,1,-1,-1,-1
498,716,1062.00,694.00,94.70,251.70,1,-1,-1,-1
499,716,1097.00,690.00,83.60,258.30,1,-1,-1,-1
499,717,1024.00,687.00,88.40,255.10,1,-1,-1,-1
499,718,1803.00,423.00,48.60,107.80,1,-1,-1,-1
500,716,1038.00,681.00,122.10,299.90,1,-1,-1,-1
500,717,978.00,686.00,93.40,259.40,1,-1,-1,-1
501,716,1000.00,693.00,93.70,259.10,1,-1,-1,-1
501,717,926.00,685.00,98.50,256.20,1,-1,-1,-1
502,716,956.00,688.00,99.30,266.90,1,-1,-1,-1
502,719,874.00,686.00,95.10,271.50,1,-1,-1,-1
503,716,913.00,698.00,101.70,287.50,1,-1,-1,-1
503,719,819.00,679.00,106.30,286.90,1,-1,-1,-1
503,720,1863.00,644.00,71.30,181.80,1,-1,-1,-1
504,716,857.00,687.00,107.00,310.00,1,-1,-1,-1
504,719,771.00,700.00,105.10,241.80,1,-1,-1,-1
504,720,1830.00,652.00,76.90,174.40,1,-1,-1,-1
504,721,1881.00,563.00,42.60,108.50,1,-1,-1,-1
505,716,806.00,693.00,110.80,326.30,1,-1,-1,-1
505,719,729.00,681.00,107.20,285.30,1,-1,-1,-1
505,720,1799.00,655.00,72.70,170.80,1,-1,-1,-1
505,721,1897.00,543.00,23.60,97.20,1,-1,-1,-1
505,722,1851.00,569.00,42.60,93.90,1,-1,-1,-1
505,723,1877.00,657.00,63.20,178.50,1,-1,-1,-1
506,719,746.00,695.00,108.60,311.20,1,-1,-1,-1
506,720,1762.00,650.00,81.00,184.80,1,-1,-1,-1
506,722,1863.00,550.00,40.20,87.80,1,-1,-1,-1
506,723,1846.00,649.00,80.90,194.10,1,-1,-1,-1
506,724,1820.00,567.00,39.40,98.70,1,-1,-1,-1
506,725,687.00,694.00,109.60,276.00,1,-1,-1,-1
507,719,711.00,705.00,106.70,320.30,1,-1,-1,-1
507,720,1723.00,651.00,77.00,177.90,1,-1,-1,-1
507,723,1812.00,639.00,79.10,212.00,1,-1,-1,-1
507,726,1791.00,564.00,37.70,99.80,1,-1,-1,-1
507,727,1835.00,550.00,37.80,80.40,1,-1,-1,-1
507,728,625.00,694.00,102.00,294.40,1,-1,-1,-1
508,720,1700.00,661.00,75.00,173.40,1,-1,-1,-1
508,723,1777.00,653.00,85.30,201.50,1,-1,-1,-1
508,726,1804.00,548.00,35.30,91.40,1,-1,-1,-1
508,728,653.00,712.00,105.60,320.00,1,-1,-1,-1
508,729,1761.00,573.00,37.20,94.50,1,-1,-1,-1
508,730,587.00,713.00,86.00,251.70,1,-1,-1,-1
509,723,1736.00,656.00,82.50,198.20,1,-1,-1,-1
509,728,602.00,726.00,110.70,314.50,1,-1,-1,-1
509,729,1774.00,553.00,34.50,83.10,1,-1,-1,-1
509,731,1666.00,666.00,67.10,170.70,1,-1,-1,-1
509,732,1734.00,572.00,37.90,94.10,1,-1,-1,-1
509,733,527.00,722.00,90.60,274.90,1,-1,-1,-1
510,723,1710.00,662.00,80.70,199.10,1,-1,-1,-1
510,728,540.00,718.00,118.30,351.50,1,-1,-1,-1
510,731,1627.00,671.00,76.80,171.80,1,-1,-1,-1
510,732,1745.00,555.00,33.10,79.20,1,-1,-1,-1
510,733,482.00,711.00,105.30,309.80,1,-1,-1,-1
510,734,1706.00,568.00,37.80,98.50,1,-1,-1,-1
511,723,1673.00,659.00,78.20,202.70,1,-1,-1,-1
511,728,508.00,733.00,98.70,340.70,1,-1,-1,-1
511,731,1591.00,666.00,78.20,183.60,1,-1,-1,-1
511,734,1715.00,552.00,36.20,89.10,1,-1,-1,-1
511,735,1673.00,568.00,42.80,106.30,1,-1,-1,-1
511,736,432.00,728.00,91.90,287.70,1,-1,-1,-1
512,723,1641.00,672.00,75.20,195.40,1,-1,-1,-1
512,728,438.00,725.00,124.60,362.00,1,-1,-1,-1
512,731,1555.00,675.00,79.80,181.20,1,-1,-1,-1
512,735,1687.00,558.00,35.90,84.80,1,-1,-1,-1
512,737,1647.00,575.00,36.60,102.10,1,-1,-1,-1
512,738,362.00,734.00,110.70,294.20,1,-1,-1,-1
513,723,1607.00,662.00,80.40,200.20,1,-1,-1,-1
513,728,389.00,743.00,116.30,352.20,1,-1,-1,-1
513,731,1522.00,668.00,86.40,185.10,1,-1,-1,-1
513,737,1656.00,553.00,39.30,92.70,1,-1,-1,-1
513,738,286.00,740.00,138.80,300.50,1,-1,-1,-1
513,739,1620.00,571.00,41.10,106.60,1,-1,-1,-1
514,723,1570.00,672.00,77.20,202.00,1,-1,-1,-1
514,728,336.00,738.00,116.60,355.70,1,-1,-1,-1
514,731,1485.00,676.00,86.00,181.20,1,-1,-1,-1
514,738,217.00,731.00,152.30,340.80,1,-1,-1,-1
514,739,1627.00,559.00,36.20,89.40,1,-1,-1,-1
514,740,1590.00,581.00,39.50,98.40,1,-1,-1,-1
514,741,1874.00,431.00,42.00,113.10,1,-1,-1,-1
515,723,1540.00,665.00,71.30,209.30,1,-1,-1,-1
515,728,277.00,765.00,118.40,344.60,1,-1,-1,-1
515,731,1458.00,672.00,75.20,185.30,1,-1,-1,-1
515,738,169.00,744.00,139.10,310.70,1,-1,-1,-1
515,740,1602.00,559.00,33.80,80.90,1,-1,-1,-1
515,742,1563.00,577.00,42.10,105.50,1,-1,-1,-1
516,723,1501.00,664.00,80.30,216.10,1,-1,-1,-1
516,731,1413.00,667.00,90.30,187.80,1,-1,-1,-1
516,738,203.00,763.00,117.30,352.40,1,-1,-1,-1
516,742,1573.00,558.00,36.00,85.10,1,-1,-1,-1
516,743,1531.00,577.00,40.40,103.30,1,-1,-1,-1
516,744,114.00,758.00,129.60,333.50,1,-1,-1,-1
517,723,1478.00,669.00,80.00,218.60,1,-1,-1,-1
517,731,1387.00,673.00,83.10,194.70,1,-1,-1,-1
517,738,140.00,778.00,132.60,342.40,1,-1,-1,-1
517,743,1511.00,575.00,41.50,108.00,1,-1,-1,-1
517,744,70.00,742.00,109.10,327.90,1,-1,-1,-1
517,745,1545.00,558.00,32.60,82.70,1,-1,-1,-1
517,746,1822.00,722.00,122.40,285.50,1,-1,-1,-1
518,723,1439.00,666.00,86.20,213.20,1,-1,-1,-1
518,731,1357.00,673.00,78.50,196.60,1,-1,-1,-1
518,738,64.00,776.00,149.90,356.60,1,-1,-1,-1
518,743,1521.00,557.00,34.50,89.30,1,-1,-1,-1
518,746,1786.00,715.00,131.20,293.60,1,-1,-1,-1
518,747,1485.00,573.00,42.50,102.20,1,-1,-1,-1
518,748,4.00,768.00,112.10,320.70,1,-1,-1,-1
519,723,1406.00,680.00,83.10,203.60,1,-1,-1,-1
519,731,1314.00,673.00,84.30,193.90,1,-1,-1,-1
519,738,4.00,770.00,147.90,374.30,1,-1,-1,-1
519,746,1751.00,719.00,131.30,288.90,1,-1,-1,-1
519,747,1493.00,557.00,32.40,86.00,1,-1,-1,-1
519,749,1458.00,578.00,43.20,102.50,1,-1,-1,-1
520,723,1372.00,678.00,89.80,210.20,1,-1,-1,-1
520,731,1285.00,672.00,88.20,205.60,1,-1,-1,-1
520,738,-18.00,789.00,122.50,347.50,1,-1,-1,-1
520,746,1724.00,718.00,137.70,303.20,1,-1,-1,-1
520,749,1465.00,551.00,32.60,83.90,1,-1,-1,-1
520,750,1433.00,574.00,46.80,101.00,1,-1,-1,-1
521,723,1340.00,683.00,81.50,216.00,1,-1,-1,-1
521,731,1254.00,685.00,85.50,185.70,1,-1,-1,-1
521,746,1681.00,715.00,131.40,296.50,1,-1,-1,-1
521,750,1439.00,549.00,32.90,83.80,1,-1,-1,-1
521,751,1402.00,568.00,45.70,108.90,1,-1,-1,-1
521,752,1766.00,442.00,45.50,91.10,1,-1,-1,-1
522,723,1305.00,688.00,78.70,201.20,1,-1,-1,-1
522,731,1225.00,683.00,80.70,181.80,1,-1,-1,-1
522,746,1653.00,733.00,123.90,277.90,1,-1,-1,-1
522,751,1414.00,548.00,32.40,82.90,1,-1,-1,-1
522,753,1376.00,569.00,48.00,105.60,1,-1,-1,-1
523,723,1277.00,678.00,84.40,222.40,1,-1,-1,-1
523,731,1192.00,675.00,84.40,191.70,1,-1,-1,-1
523,746,1628.00,728.00,121.50,280.50,1,-1,-1,-1
523,753,1356.00,568.00,48.30,104.90,1,-1,-1,-1
523,754,1392.00,546.00,31.40,88.00,1,-1,-1,-1
524,723,1244.00,681.00,78.80,216.90,1,-1,-1,-1
524,731,1149.00,685.00,93.90,198.00,1,-1,-1,-1
524,746,1610.00,726.00,122.30,275.80,1,-1,-1,-1
524,753,1368.00,541.00,32.60,89.80,1,-1,-1,-1
524,755,1332.00,570.00,41.70,109.50,1,-1,-1,-1
525,723,1206.00,682.00,85.90,223.20,1,-1,-1,-1
525,731,1122.00,666.00,82.50,225.50,1,-1,-1,-1
525,746,1577.00,721.00,115.80,285.10,1,-1,-1,-1
525,755,1343.00,542.00,32.60,88.40,1,-1,-1,-1
525,756,1302.00,570.00,53.20,106.70,1,-1,-1,-1
526,723,1172.00,683.00,85.70,217.50,1,-1,-1,-1
526,731,1089.00,670.00,80.60,208.20,1,-1,-1,-1
526,746,1546.00,725.00,115.30,287.50,1,-1,-1,-1
526,756,1280.00,565.00,50.40,109.20,1,-1,-1,-1
526,757,1321.00,542.00,30.60,86.90,1,-1,-1,-1
527,723,1150.00,680.00,83.80,226.60,1,-1,-1,-1
527,731,1064.00,670.00,73.40,210.70,1,-1,-1,-1
527,746,1501.00,724.00,113.90,288.50,1,-1,-1,-1
527,756,1257.00,568.00,50.10,108.80,1,-1,-1,-1
527,758,1299.00,545.00,31.70,85.20,1,-1,-1,-1
528,723,1098.00,688.00,104.30,236.60,1,-1,-1,-1
528,731,1019.00,680.00,91.00,208.50,1,-1,-1,-1
528,746,1487.00,723.00,112.80,278.20,1,-1,-1,-1
528,756,1273.00,544.00,32.40,85.90,1,-1,-1,-1
528,759,1231.00,569.00,50.70,109.70,1,-1,-1,-1
529,723,1054.00,694.00,101.50,225.10,1,-1,-1,-1
529,731,978.00,692.00,89.70,199.30,1,-1,-1,-1
529,746,1447.00,735.00,117.00,279.40,1,-1,-1,-1
529,759,1206.00,572.00,51.70,113.70,1,-1,-1,-1
529,760,1252.00,549.00,29.00,78.30,1,-1,-1,-1
530,723,1045.00,679.00,92.80,249.70,1,-1,-1,-1
530,731,954.00,683.00,91.40,218.10,1,-1,-1,-1
530,746,1418.00,735.00,110.60,275.40,1,-1,-1,-1
530,759,1180.00,568.00,54.60,116.40,1,-1,-1,-1
530,761,1226.00,546.00,36.60,86.00,1,-1,-1,-1
531,723,998.00,700.00,106.80,244.90,1,-1,-1,-1
531,731,913.00,697.00,98.30,219.30,1,-1,-1,-1
531,746,1375.00,728.00,124.40,292.70,1,-1,-1,-1
531,759,1165.00,573.00,42.90,110.60,1,-1,-1,-1
531,762,1206.00,547.00,29.80,80.00,1,-1,-1,-1
532,723,959.00,692.00,115.40,256.70,1,-1,-1,-1
532,731,889.00,688.00,98.80,253.80,1,-1,-1,-1
532,746,1336.00,725.00,137.60,305.30,1,-1,-1,-1
532,759,1141.00,575.00,46.40,102.10,1,-1,-1,-1
532,763,1184.00,548.00,31.80,83.40,1,-1,-1,-1
532,764,1880.00,541.00,31.90,77.90,1,-1,-1,-1
533,723,940.00,707.00,99.40,242.50,1,-1,-1,-1
533,731,851.00,694.00,99.30,225.90,1,-1,-1,-1
533,746,1312.00,732.00,133.80,293.80,1,-1,-1,-1
533,759,1123.00,574.00,43.20,110.60,1,-1,-1,-1
533,765,1166.00,550.00,29.80,82.30,1,-1,-1,-1
533,766,1862.00,542.00,31.90,68.40,1,-1,-1,-1
533,767,1047.00,492.00,36.30,71.20,1,-1,-1,-1
534,723,910.00,704.00,91.30,243.70,1,-1,-1,-1
534,731,822.00,702.00,89.90,230.70,1,-1,-1,-1
534,746,1293.00,737.00,135.60,295.60,1,-1,-1,-1
534,768,1142.00,549.00,32.50,84.90,1,-1,-1,-1
534,769,1101.00,574.00,41.10,115.60,1,-1,-1,-1
534,770,1838.00,547.00,27.60,67.50,1,-1,-1,-1
535,723,874.00,714.00,89.90,238.30,1,-1,-1,-1
535,731,780.00,703.00,97.70,224.00,1,-1,-1,-1
535,746,1252.00,724.00,135.20,293.80,1,-1,-1,-1
535,769,1073.00,573.00,51.90,112.30,1,-1,-1,-1
535,771,1122.00,546.00,32.80,87.20,1,-1,-1,-1
535,772,1816.00,548.00,28.20,70.10,1,-1,-1,-1
535,773,1023.00,492.00,18.90,49.90,1,-1,-1,-1
535,774,1013.00,489.00,35.50,76.20,1,-1,-1,-1
536,723,843.00,712.00,95.20,251.80,1,-1,-1,-1
536,731,743.00,699.00,106.80,238.30,1,-1,-1,-1
536,746,1240.00,729.00,133.10,305.10,1,-1,-1,-1
536,769,1057.00,577.00,49.90,112.30,1,-1,-1,-1
536,772,1801.00,543.00,29.50,71.90,1,-1,-1,-1
536,775,1100.00,546.00,36.30,87.00,1,-1,-1,-1
536,776,999.00,484.00,28.50,71.90,1,-1,-1,-1
537,723,802.00,721.00,107.20,242.20,1,-1,-1,-1
537,731,719.00,713.00,105.40,232.80,1,-1,-1,-1
537,746,1216.00,745.00,119.20,294.10,1,-1,-1,-1
537,769,1033.00,572.00,51.50,121.00,1,-1,-1,-1
537,777,1079.00,540.00,36.00,82.00,1,-1,-1,-1
537,778,1778.00,533.00,31.80,75.40,1,-1,-1,-1
538,723,766.00,720.00,97.70,259.60,1,-1,-1,-1
538,731,694.00,708.00,95.80,243.40,1,-1,-1,-1
538,746,1179.00,743.00,113.50,281.60,1,-1,-1,-1
538,769,1017.00,583.00,43.70,108.40,1,-1,-1,-1
538,779,1057.00,545.00,36.90,87.10,1,-1,-1,-1
538,780,1758.00,547.00,29.70,71.40,1,-1,-1,-1
539,723,744.00,721.00,92.40,264.10,1,-1,-1,-1
539,731,654.00,712.00,88.60,241.20,1,-1,-1,-1
539,746,1155.00,750.00,106.90,282.70,1,-1,-1,-1
539,769,992.00,579.00,51.40,118.80,1,-1,-1,-1
539,779,1041.00,547.00,34.20,87.70,1,-1,-1,-1
539,781,1741.00,541.00,29.80,77.20,1,-1,-1,-1
540,723,686.00,703.00,119.30,306.00,1,-1,-1,-1
540,731,609.00,722.00,101.00,250.70,1,-1,-1,-1
540,746,1129.00,743.00,129.00,296.00,1,-1,-1,-1
540,769,978.00,581.00,47.40,112.80,1,-1,-1,-1
540,779,1022.00,546.00,36.80,84.20,1,-1,-1,-1
540,782,1720.00,544.00,31.50,76.40,1,-1,-1,-1
541,723,661.00,727.00,111.80,267.70,1,-1,-1,-1
541,731,569.00,720.00,116.80,249.50,1,-1,-1,-1
541,746,1105.00,745.00,125.60,314.40,1,-1,-1,-1
541,769,953.00,581.00,54.10,113.50,1,-1,-1,-1
541,783,1001.00,542.00,38.30,96.50,1,-1,-1,-1
541,784,1705.00,545.00,28.30,75.90,1,-1,-1,-1
542,723,630.00,740.00,109.10,265.10,1,-1,-1,-1
542,731,525.00,725.00,129.10,251.30,1,-1,-1,-1
542,746,1059.00,766.00,135.00,299.40,1,-1,-1,-1
542,769,932.00,584.00,50.40,121.60,1,-1,-1,-1
542,783,983.00,542.00,35.80,98.80,1,-1,-1,-1
542,785,1686.00,552.00,31.50,77.40,1,-1,-1,-1
543,723,604.00,743.00,100.20,288.60,1,-1,-1,-1
543,731,498.00,746.00,102.80,241.20,1,-1,-1,-1
543,746,1039.00,763.00,133.90,290.80,1,-1,-1,-1
543,769,917.00,584.00,50.30,114.70,1,-1,-1,-1
543,786,965.00,543.00,34.00,91.70,1,-1,-1,-1
543,787,1665.00,554.00,30.20,69.80,1,-1,-1,-1
544,723,541.00,739.00,114.20,302.10,1,-1,-1,-1
544,731,452.00,744.00,126.20,261.00,1,-1,-1,-1
544,746,1018.00,755.00,127.40,324.00,1,-1,-1,-1
544,769,899.00,580.00,53.30,119.60,1,-1,-1,-1
544,788,945.00,547.00,32.40,89.10,1,-1,-1,-1
544,789,1648.00,552.00,28.10,71.80,1,-1,-1,-1
545,723,508.00,756.00,127.80,281.20,1,-1,-1,-1
545,731,414.00,744.00,128.90,249.70,1,-1,-1,-1
545,746,992.00,753.00,124.20,319.10,1,-1,-1,-1
545,769,875.00,583.00,55.90,120.40,1,-1,-1,-1
545,788,929.00,540.00,33.60,97.80,1,-1,-1,-1
545,789,1632.00,550.00,31.30,76.50,1,-1,-1,-1
546,723,474.00,752.00,115.30,297.10,1,-1,-1,-1
546,731,384.00,741.00,126.70,282.00,1,-1,-1,-1
546,746,949.00,761.00,150.30,285.30,1,-1,-1,-1
546,769,855.00,581.00,54.80,112.80,1,-1,-1,-1
546,788,910.00,540.00,36.00,95.80,1,-1,-1,-1
546,790,1614.00,546.00,31.30,75.00,1,-1,-1,-1
547,723,445.00,757.00,107.20,286.10,1,-1,-1,-1
547,731,351.00,756.00,117.00,265.20,1,-1,-1,-1
547,746,919.00,743.00,156.30,328.30,1,-1,-1,-1
547,769,835.00,586.00,51.10,117.00,1,-1,-1,-1
547,788,892.00,538.00,38.60,95.20,1,-1,-1,-1
547,790,1603.00,541.00,32.60,80.20,1,-1,-1,-1
548,723,393.00,740.00,118.00,320.80,1,-1,-1,-1
548,731,306.00,760.00,126.20,263.40,1,-1,-1,-1
548,746,891.00,752.00,131.60,332.40,1,-1,-1,-1
548,769,820.00,586.00,55.00,111.30,1,-1,-1,-1
548,788,873.00,542.00,37.60,87.60,1,-1,-1,-1
548,790,1589.00,546.00,30.80,70.60,1,-1,-1,-1
549,723,367.00,750.00,114.40,333.00,1,-1,-1,-1
549,731,249.00,759.00,136.80,278.20,1,-1,-1,-1
549,746,880.00,758.00,127.50,289.70,1,-1,-1,-1
549,769,797.00,588.00,57.90,114.60,1,-1,-1,-1
549,788,860.00,539.00,33.80,98.00,1,-1,-1,-1
549,791,1570.00,536.00,31.00,73.60,1,-1,-1,-1
550,723,331.00,770.00,110.60,305.00,1,-1,-1,-1
550,731,195.00,772.00,140.60,288.70,1,-1,-1,-1
550,746,853.00,740.00,138.00,326.60,1,-1,-1,-1
550,769,782.00,579.00,52.50,127.60,1,-1,-1,-1
550,788,841.00,537.00,36.30,97.80,1,-1,-1,-1
550,791,1557.00,536.00,30.40,80.10,1,-1,-1,-1
551,723,279.00,761.00,134.60,339.90,1,-1,-1,-1
551,731,160.00,750.00,138.30,331.10,1,-1,-1,-1
551,746,827.00,756.00,129.70,324.30,1,-1,-1,-1
551,769,754.00,585.00,62.90,125.30,1,-1,-1,-1
551,788,825.00,537.00,37.90,97.50,1,-1,-1,-1
551,791,1545.00,538.00,28.90,74.00,1,-1,-1,-1
552,723,237.00,769.00,124.40,341.50,1,-1,-1,-1
552,731,111.00,750.00,151.50,342.40,1,-1,-1,-1
552,746,793.00,752.00,155.30,336.30,1,-1,-1,-1
552,769,738.00,586.00,59.70,122.40,1,-1,-1,-1
552,788,809.00,534.00,36.90,97.60,1,-1,-1,-1
552,791,1530.00,532.00,31.10,82.20,1,-1,-1,-1
553,723,179.00,773.00,155.50,358.90,1,-1,-1,-1
553,731,71.00,783.00,152.20,313.90,1,-1,-1,-1
553,746,769.00,738.00,131.10,348.90,1,-1,-1,-1
553,769,729.00,584.00,55.50,128.80,1,-1,-1,-1
553,788,792.00,531.00,37.80,104.20,1,-1,-1,-1
553,791,1518.00,531.00,30.10,81.20,1,-1,-1,-1
554,723,139.00,801.00,138.60,334.70,1,-1,-1,-1
554,731,14.00,771.00,151.30,335.70,1,-1,-1,-1
554,746,740.00,765.00,145.70,332.50,1,-1,-1,-1
554,788,781.00,540.00,35.30,94.30,1,-1,-1,-1
554,791,1504.00,532.00,31.20,73.60,1,-1,-1,-1
554,792,703.00,590.00,50.10,122.50,1,-1,-1,-1
555,723,74.00,789.00,162.70,372.90,1,-1,-1,-1
555,731,-1.00,792.00,127.70,334.70,1,-1,-1,-1
555,746,709.00,757.00,154.50,342.60,1,-1,-1,-1
555,788,763.00,538.00,38.80,96.20,1,-1,-1,-1
555,791,1492.00,530.00,28.50,74.10,1,-1,-1,-1
555,792,683.00,586.00,56.40,127.50,1,-1,-1,-1
556,723,19.00,815.00,156.60,368.00,1,-1,-1,-1
556,746,690.00,755.00,141.20,336.90,1,-1,-1,-1
556,788,752.00,535.00,34.10,90.90,1,-1,-1,-1
556,791,1476.00,527.00,33.80,79.10,1,-1,-1,-1
556,792,670.00,581.00,54.80,131.40,1,-1,-1,-1
557,723,-6.00,822.00,131.70,350.60,1,-1,-1,-1
557,746,667.00,759.00,142.60,325.70,1,-1,-1,-1
557,788,738.00,543.00,30.60,82.90,1,-1,-1,-1
557,791,1464.00,524.00,33.50,83.20,1,-1,-1,-1
557,792,655.00,578.00,49.90,128.70,1,-1,-1,-1
558,723,-15.00,802.00,104.80,350.20,1,-1,-1,-1
558,746,641.00,773.00,150.20,311.80,1,-1,-1,-1
558,791,1451.00,528.00,31.30,75.80,1,-1,-1,-1
558,792,630.00,583.00,53.70,129.00,1,-1,-1,-1
558,793,715.00,534.00,40.10,92.30,1,-1,-1,-1
559,746,607.00,765.00,147.50,318.10,1,-1,-1,-1
559,791,1441.00,524.00,32.00,79.70,1,-1,-1,-1
559,792,609.00,580.00,56.30,133.30,1,-1,-1,-1
559,793,704.00,531.00,35.60,97.10,1,-1,-1,-1
560,746,586.00,758.00,141.40,328.60,1,-1,-1,-1
560,791,1429.00,521.00,30.50,81.20,1,-1,-1,-1
560,792,598.00,583.00,56.20,124.30,1,-1,-1,-1
560,793,691.00,531.00,38.90,96.30,1,-1,-1,-1
561,746,560.00,767.00,152.80,331.20,1,-1,-1,-1
561,791,1419.00,525.00,32.20,78.90,1,-1,-1,-1
561,792,583.00,577.00,56.80,135.20,1,-1,-1,-1
561,793,676.00,538.00,33.40,83.60,1,-1,-1,-1
562,746,518.00,753.00,168.00,351.60,1,-1,-1,-1
562,791,1409.00,525.00,30.80,78.80,1,-1,-1,-1
562,792,563.00,577.00,60.40,134.60,1,-1,-1,-1
562,793,662.00,538.00,39.60,87.70,1,-1,-1,-1
563,746,488.00,764.00,175.40,335.60,1,-1,-1,-1
563,791,1398.00,528.00,30.30,78.00,1,-1,-1,-1
563,792,539.00,586.00,63.00,137.00,1,-1,-1,-1
563,793,648.00,537.00,38.30,85.10,1,-1,-1,-1
564,746,471.00,763.00,146.40,341.70,1,-1,-1,-1
564,791,1388.00,526.00,31.10,80.00,1,-1,-1,-1
564,792,522.00,588.00,68.90,136.90,1,-1,-1,-1
564,793,635.00,538.00,34.20,84.50,1,-1,-1,-1
565,746,460.00,767.00,159.10,331.30,1,-1,-1,-1
565,791,1379.00,525.00,32.10,82.40,1,-1,-1,-1
565,792,514.00,580.00,64.30,132.80,1,-1,-1,-1
565,793,624.00,536.00,38.60,94.40,1,-1,-1,-1
566,746,402.00,771.00,194.60,346.40,1,-1,-1,-1
566,791,1368.00,524.00,30.80,80.10,1,-1,-1,-1
566,792,489.00,588.00,71.30,135.70,1,-1,-1,-1
566,793,607.00,539.00,42.10,89.40,1,-1,-1,-1
566,794,1351.00,515.00,59.10,119.60,1,-1,-1,-1
567,746,400.00,789.00,168.10,331.40,1,-1,-1,-1
567,791,1359.00,523.00,30.50,82.50,1,-1,-1,-1
567,792,475.00,584.00,73.70,136.80,1,-1,-1,-1
567,793,599.00,542.00,32.20,86.30,1,-1,-1,-1
567,795,753.00,446.00,18.50,47.80,1,-1,-1,-1
568,746,348.00,792.00,187.10,351.90,1,-1,-1,-1
568,791,1353.00,526.00,29.30,79.60,1,-1,-1,-1
568,792,459.00,580.00,67.60,142.20,1,-1,-1,-1
568,793,584.00,541.00,33.30,88.80,1,-1,-1,-1
568,796,742.00,449.00,17.00,44.90,1,-1,-1,-1
569,746,331.00,782.00,177.30,366.50,1,-1,-1,-1
569,791,1342.00,526.00,32.40,76.20,1,-1,-1,-1
569,792,439.00,592.00,72.70,143.00,1,-1,-1,-1
569,793,568.00,546.00,36.80,86.80,1,-1,-1,-1
570,746,308.00,792.00,183.80,351.00,1,-1,-1,-1
570,791,1335.00,523.00,32.20,82.10,1,-1,-1,-1
570,792,423.00,581.00,68.90,152.20,1,-1,-1,-1
570,793,552.00,541.00,38.90,85.70,1,-1,-1,-1
570,797,1324.00,539.00,44.40,104.70,1,-1,-1,-1
571,746,279.00,792.00,196.80,350.10,1,-1,-1,-1
571,791,1327.00,524.00,33.80,81.20,1,-1,-1,-1
571,792,415.00,594.00,70.10,135.30,1,-1,-1,-1
571,793,545.00,537.00,38.40,92.30,1,-1,-1,-1
571,798,1865.00,590.00,52.30,157.10,1,-1,-1,-1
572,746,239.00,799.00,210.20,358.20,1,-1,-1,-1
572,791,1319.00,522.00,33.40,81.80,1,-1,-1,-1
572,792,392.00,594.00,69.80,142.50,1,-1,-1,-1
572,793,534.00,539.00,38.40,90.90,1,-1,-1,-1
572,798,1860.00,596.00,62.80,137.80,1,-1,-1,-1
573,746,229.00,788.00,166.70,381.80,1,-1,-1,-1
573,791,1313.00,528.00,26.90,74.20,1,-1,-1,-1
573,792,383.00,593.00,69.70,149.00,1,-1,-1,-1
573,793,522.00,537.00,38.30,91.80,1,-1,-1,-1
573,798,1865.00,593.00,57.10,150.30,1,-1,-1,-1
574,746,174.00,795.00,218.70,383.50,1,-1,-1,-1
574,791,1305.00,526.00,28.50,75.50,1,-1,-1,-1
574,792,367.00,589.00,67.70,149.10,1,-1,-1,-1
574,793,508.00,533.00,35.70,94.30,1,-1,-1,-1
574,798,1852.00,589.00,59.30,150.20,1,-1,-1,-1
574,799,549.00,522.00,41.00,109.10,1,-1,-1,-1
575,746,160.00,821.00,198.70,340.30,1,-1,-1,-1
575,791,1299.00,528.00,31.90,74.80,1,-1,-1,-1
575,792,342.00,595.00,74.90,147.60,1,-1,-1,-1
575,793,500.00,534.00,35.30,98.50,1,-1,-1,-1
575,798,1846.00,592.00,59.50,158.70,1,-1,-1,-1
576,746,133.00,810.00,199.90,375.50,1,-1,-1,-1
576,791,1291.00,526.00,31.90,84.00,1,-1,-1,-1
576,792,320.00,602.00,74.80,150.60,1,-1,-1,-1
576,793,486.00,539.00,38.60,93.80,1,-1,-1,-1
576,798,1837.00,588.00,58.20,165.90,1,-1,-1,-1
576,800,516.00,531.00,40.20,107.10,1,-1,-1,-1
576,801,831.00,483.00,23.00,51.20,1,-1,-1,-1
577,746,109.00,812.00,196.30,380.30,1,-1,-1,-1
577,791,1287.00,531.00,27.70,79.00,1,-1,-1,-1
577,792,307.00,594.00,73.90,155.50,1,-1,-1,-1
577,793,473.00,534.00,40.30,95.80,1,-1,-1,-1
577,798,1829.00,587.00,62.80,166.00,1,-1,-1,-1
577,800,512.00,525.00,37.80,107.60,1,-1,-1,-1
578,746,69.00,815.00,197.00,396.00,1,-1,-1,-1
578,791,1274.00,528.00,35.10,79.20,1,-1,-1,-1
578,792,289.00,594.00,78.50,157.00,1,-1,-1,-1
578,793,464.00,537.00,41.50,94.00,1,-1,-1,-1
578,798,1823.00,583.00,57.40,168.10,1,-1,-1,-1
578,802,487.00,521.00,41.30,103.00,1,-1,-1,-1
579,746,46.00,820.00,207.60,396.40,1,-1,-1,-1
579,791,1269.00,523.00,34.20,89.60,1,-1,-1,-1
579,792,278.00,606.00,70.00,142.40,1,-1,-1,-1
579,793,474.00,525.00,39.70,107.20,1,-1,-1,-1
579,798,1812.00,575.00,60.00,177.20,1,-1,-1,-1
579,803,455.00,537.00,37.70,96.90,1,-1,-1,-1
580,746,11.00,827.00,194.60,395.10,1,-1,-1,-1
580,791,1266.00,527.00,33.10,87.70,1,-1,-1,-1
580,792,262.00,594.00,66.00,169.20,1,-1,-1,-1
580,793,468.00,539.00,38.90,102.10,1,-1,-1,-1
580,798,1808.00,587.00,57.50,154.40,1,-1,-1,-1
580,803,444.00,540.00,39.90,96.30,1,-1,-1,-1
581,746,-6.00,846.00,190.20,369.90,1,-1,-1,-1
581,791,1264.00,522.00,31.70,88.00,1,-1,-1,-1
581,792,251.00,600.00,63.10,159.90,1,-1,-1,-1
581,798,1805.00,597.00,55.70,156.90,1,-1,-1,-1
581,803,438.00,531.00,38.10,102.60,1,-1,-1,-1
582,746,-8.00,827.00,189.90,388.50,1,-1,-1,-1
582,791,1256.00,530.00,31.80,76.80,1,-1,-1,-1
582,792,227.00,603.00,72.50,152.20,1,-1,-1,-1
582,798,1804.00,588.00,55.90,169.50,1,-1,-1,-1
582,803,428.00,541.00,36.50,93.30,1,-1,-1,-1
583,746,3.00,837.00,147.50,370.20,1,-1,-1,-1
583,791,1249.00,521.00,31.50,84.30,1,-1,-1,-1
583,792,203.00,603.00,81.80,156.50,1,-1,-1,-1
583,798,1792.00,591.00,63.30,163.20,1,-1,-1,-1
583,803,414.00,531.00,39.60,99.50,1,-1,-1,-1
584,746,-10.00,844.00,130.20,370.90,1,-1,-1,-1
584,791,1252.00,523.00,32.40,88.30,1,-1,-1,-1
584,792,196.00,602.00,79.30,160.00,1,-1,-1,-1
584,798,1782.00,594.00,60.30,167.10,1,-1,-1,-1
584,803,408.00,528.00,39.20,102.10,1,-1,-1,-1
585,746,-5.00,865.00,88.40,299.50,1,-1,-1,-1
585,791,1242.00,523.00,32.20,88.30,1,-1,-1,-1
585,792,171.00,599.00,96.10,173.00,1,-1,-1,-1
585,798,1782.00,601.00,54.90,151.60,1,-1,-1,-1
585,803,393.00,518.00,49.10,112.40,1,-1,-1,-1
586,791,1243.00,522.00,31.30,84.40,1,-1,-1,-1
586,792,168.00,604.00,80.80,172.00,1,-1,-1,-1
586,798,1779.00,596.00,55.80,154.00,1,-1,-1,-1
586,803,393.00,537.00,36.90,87.30,1,-1,-1,-1
587,791,1242.00,521.00,31.20,84.00,1,-1,-1,-1
587,792,139.00,604.00,96.10,176.50,1,-1,-1,-1
587,798,1777.00,586.00,57.60,169.40,1,-1,-1,-1
587,803,383.00,536.00,41.80,92.00,1,-1,-1,-1
588,791,1234.00,526.00,31.00,79.20,1,-1,-1,-1
588,792,133.00,612.00,92.00,166.50,1,-1,-1,-1
588,798,1779.00,589.00,57.80,167.80,1,-1,-1,-1
588,803,375.00,538.00,37.40,96.40,1,-1,-1,-1
589,791,1230.00,523.00,31.20,86.40,1,-1,-1,-1
589,792,109.00,613.00,100.70,169.40,1,-1,-1,-1
589,798,1765.00,580.00,64.40,172.80,1,-1,-1,-1
589,803,363.00,531.00,43.60,110.20,1,-1,-1,-1
590,791,1229.00,524.00,29.70,79.20,1,-1,-1,-1
590,792,102.00,613.00,105.40,176.50,1,-1,-1,-1
590,798,1765.00,588.00,63.30,165.90,1,-1,-1,-1
590,803,356.00,533.00,43.60,106.10,1,-1,-1,-1
591,791,1227.00,522.00,33.80,87.90,1,-1,-1,-1
591,792,87.00,611.00,96.30,175.00,1,-1,-1,-1
591,798,1757.00,582.00,60.10,170.50,1,-1,-1,-1
591,803,347.00,529.00,42.70,109.30,1,-1,-1,-1
592,791,1227.00,524.00,33.90,80.70,1,-1,-1,-1
592,792,71.00,621.00,97.30,169.60,1,-1,-1,-1
592,798,1760.00,580.00,65.30,166.60,1,-1,-1,-1
592,803,342.00,537.00,45.60,98.80,1,-1,-1,-1
593,791,1224.00,523.00,32.90,85.50,1,-1,-1,-1
593,792,51.00,616.00,101.00,185.20,1,-1,-1,-1
593,798,1762.00,575.00,67.80,180.60,1,-1,-1,-1
593,803,331.00,527.00,48.30,113.10,1,-1,-1,-1
594,791,1224.00,522.00,35.50,85.50,1,-1,-1,-1
594,792,43.00,622.00,105.40,190.20,1,-1,-1,-1
594,798,1765.00,580.00,66.40,176.10,1,-1,-1,-1
594,803,330.00,533.00,44.40,103.40,1,-1,-1,-1
594,804,817.00,472.00,20.60,55.80,1,-1,-1,-1
595,791,1225.00,521.00,33.30,89.60,1,-1,-1,-1
595,792,29.00,614.00,104.90,197.00,1,-1,-1,-1
595,798,1755.00,584.00,69.40,174.60,1,-1,-1,-1
595,803,320.00,539.00,45.00,99.10,1,-1,-1,-1
596,791,1225.00,519.00,35.30,92.90,1,-1,-1,-1
596,792,12.00,632.00,103.80,189.00,1,-1,-1,-1
596,798,1766.00,577.00,71.40,182.70,1,-1,-1,-1
596,803,319.00,534.00,43.50,107.40,1,-1,-1,-1
596,805,815.00,474.00,20.00,54.30,1,-1,-1,-1
596,806,302.00,478.00,25.40,66.10,1,-1,-1,-1
597,791,1229.00,522.00,31.50,84.60,1,-1,-1,-1
597,792,13.00,626.00,103.60,184.10,1,-1,-1,-1
597,798,1773.00,585.00,58.40,166.50,1,-1,-1,-1
597,803,314.00,532.00,44.20,105.10,1,-1,-1,-1
597,805,815.00,475.00,21.30,59.00,1,-1,-1,-1
598,791,1227.00,524.00,32.70,80.20,1,-1,-1,-1
598,792,0.00,640.00,86.60,195.40,1,-1,-1,-1
598,798,1764.00,584.00,76.30,172.00,1,-1,-1,-1
598,803,310.00,537.00,43.50,116.50,1,-1,-1,-1
598,805,811.00,478.00,19.40,53.70,1,-1,-1,-1
598,807,294.00,491.00,22.40,61.70,1,-1,-1,-1
599,791,1225.00,520.00,33.90,92.30,1,-1,-1,-1
599,792,-11.00,639.00,90.00,199.90,1,-1,-1,-1
599,798,1781.00,585.00,60.90,165.60,1,-1,-1,-1
599,803,307.00,540.00,43.00,104.80,1,-1,-1,-1
599,805,813.00,477.00,19.80,55.20,1,-1,-1,-1
599,807,291.00,495.00,22.50,55.00,1,-1,-1,-1
600,791,1233.00,520.00,32.80,92.10,1,-1,-1,-1
600,792,-12.00,638.00,81.20,201.20,1,-1,-1,-1
600,798,1781.00,582.00,65.30,178.70,1,-1,-1,-1
600,803,304.00,537.00,46.50,115.20,1,-1,-1,-1
600,805,812.00,476.00,21.20,59.50,1,-1,-1,-1
600,807,293.00,496.00,19.30,56.20,1,-1,-1,-1
601,791,1231.00,525.00,34.10,90.40,1,-1,-1,-1
601,792,-17.00,648.00,70.30,200.00,1,-1,-1,-1
601,798,1789.00,583.00,65.00,162.20,1,-1,-1,-1
601,803,298.00,547.00,47.30,99.70,1,-1,-1,-1
601,805,807.00,478.00,22.10,57.40,1,-1,-1,-1
601,807,286.00,496.00,25.40,62.00,1,-1,-1,-1
602,791,1232.00,522.00,32.80,86.80,1,-1,-1,-1
602,792,-11.00,670.00,64.00,188.60,1,-1,-1,-1
602,798,1795.00,579.00,55.70,170.90,1,-1,-1,-1
602,803,299.00,540.00,41.40,104.40,1,-1,-1,-1
602,805,810.00,476.00,22.20,59.90,1,-1,-1,-1
602,807,282.00,504.00,24.10,53.90,1,-1,-1,-1
603,791,1235.00,523.00,35.40,90.20,1,-1,-1,-1
603,798,1791.00,580.00,61.40,177.70,1,-1,-1,-1
603,803,295.00,542.00,48.00,108.80,1,-1,-1,-1
603,805,805.00,477.00,22.80,57.60,1,-1,-1,-1
603,807,281.00,504.00,23.80,52.10,1,-1,-1,-1
604,791,1237.00,522.00,33.20,93.60,1,-1,-1,-1
604,798,1798.00,573.00,60.60,178.10,1,-1,-1,-1
604,803,290.00,548.00,46.80,106.10,1,-1,-1,-1
604,805,810.00,479.00,21.80,56.80,1,-1,-1,-1
604,807,277.00,504.00,25.50,57.40,1,-1,-1,-1
604,808,344.00,480.00,19.20,45.70,1,-1,-1,-1
605,791,1243.00,521.00,32.60,87.00,1,-1,-1,-1
605,798,1805.00,568.00,55.50,193.50,1,-1,-1,-1
605,803,285.00,546.00,50.50,105.70,1,-1,-1,-1
605,805,806.00,479.00,20.10,53.60,1,-1,-1,-1
605,807,275.00,501.00,26.40,58.30,1,-1,-1,-1
605,808,342.00,483.00,20.20,48.20,1,-1,-1,-1
606,791,1239.00,520.00,34.00,88.60,1,-1,-1,-1
606,798,1801.00,567.00,55.30,188.30,1,-1,-1,-1
606,803,287.00,540.00,46.80,107.60,1,-1,-1,-1
606,805,805.00,477.00,20.70,54.40,1,-1,-1,-1
606,807,273.00,505.00,24.90,57.10,1,-1,-1,-1
606,808,342.00,481.00,16.90,43.60,1,-1,-1,-1
606,809,283.00,500.00,32.30,67.90,1,-1,-1,-1
607,791,1247.00,519.00,35.70,89.80,1,-1,-1,-1
607,798,1804.00,560.00,63.10,191.50,1,-1,-1,-1
607,803,283.00,545.00,51.60,107.10,1,-1,-1,-1
607,805,805.00,476.00,24.50,58.10,1,-1,-1,-1
607,807,270.00,499.00,26.90,56.70,1,-1,-1,-1
607,808,339.00,478.00,18.80,50.00,1,-1,-1,-1
608,791,1248.00,523.00,33.70,88.50,1,-1,-1,-1
608,798,1816.00,573.00,57.10,197.20,1,-1,-1,-1
608,803,279.00,539.00,51.90,114.20,1,-1,-1,-1
608,805,804.00,479.00,22.50,53.70,1,-1,-1,-1
608,807,270.00,497.00,25.30,61.10,1,-1,-1,-1
608,808,343.00,482.00,14.60,37.70,1,-1,-1,-1
609,791,1249.00,519.00,33.10,92.70,1,-1,-1,-1
609,798,1821.00,588.00,56.20,175.80,1,-1,-1,-1
609,803,276.00,545.00,53.20,103.20,1,-1,-1,-1
609,805,808.00,477.00,21.50,54.50,1,-1,-1,-1
609,807,268.00,498.00,26.10,56.80,1,-1,-1,-1
609,808,344.00,474.00,17.10,45.40,1,-1,-1,-1
609,810,1605.00,640.00,89.10,204.00,1,-1,-1,-1
609,811,280.00,502.00,25.40,62.20,1,-1,-1,-1
610,791,1252.00,520.00,34.40,96.70,1,-1,-1,-1
610,798,1821.00,600.00,53.20,172.20,1,-1,-1,-1
610,803,275.00,537.00,49.80,113.70,1,-1,-1,-1
610,805,807.00,473.00,23.30,57.50,1,-1,-1,-1
610,807,265.00,494.00,25.90,56.70,1,-1,-1,-1
610,808,341.00,475.00,19.10,45.20,1,-1,-1,-1
611,791,1257.00,523.00,32.80,92.20,1,-1,-1,-1
611,798,1818.00,584.00,66.30,191.40,1,-1,-1,-1
611,803,273.00,541.00,48.90,105.00,1,-1,-1,-1
611,805,802.00,474.00,24.30,56.10,1,-1,-1,-1
611,807,266.00,489.00,25.90,61.60,1,-1,-1,-1
611,808,339.00,472.00,21.10,48.60,1,-1,-1,-1
611,812,1542.00,611.00,91.00,229.20,1,-1,-1,-1
612,791,1263.00,523.00,33.00,96.80,1,-1,-1,-1
612,798,1824.00,597.00,66.60,181.20,1,-1,-1,-1
612,803,269.00,538.00,54.80,110.70,1,-1,-1,-1
612,805,805.00,471.00,23.00,55.90,1,-1,-1,-1
612,807,261.00,493.00,26.50,61.10,1,-1,-1,-1
612,808,339.00,470.00,19.50,49.70,1,-1,-1,-1
612,813,276.00,497.00,25.00,58.70,1,-1,-1,-1
612,814,320.00,475.00,19.70,44.50,1,-1,-1,-1
613,791,1263.00,520.00,33.40,100.40,1,-1,-1,-1
613,798,1833.00,596.00,73.10,183.30,1,-1,-1,-1
613,803,270.00,533.00,49.20,110.20,1,-1,-1,-1
613,805,803.00,471.00,23.50,55.20,1,-1,-1,-1
613,807,264.00,486.00,25.30,65.10,1,-1,-1,-1
613,808,337.00,472.00,19.40,45.30,1,-1,-1,-1
613,814,319.00,470.00,20.40,44.80,1,-1,-1,-1
613,815,1625.00,646.00,75.10,198.00,1,-1,-1,-1
614,791,1263.00,523.00,32.90,94.60,1,-1,-1,-1
614,798,1833.00,594.00,78.70,191.50,1,-1,-1,-1
614,803,261.00,531.00,52.70,115.80,1,-1,-1,-1
614,805,806.00,476.00,22.80,50.10,1,-1,-1,-1
614,807,263.00,491.00,22.00,56.20,1,-1,-1,-1
614,808,338.00,472.00,19.90,44.90,1,-1,-1,-1
614,814,315.00,472.00,20.80,44.70,1,-1,-1,-1
615,791,1266.00,524.00,35.30,100.90,1,-1,-1,-1
615,798,1834.00,596.00,79.10,207.30,1,-1,-1,-1
615,803,260.00,527.00,49.70,112.40,1,-1,-1,-1
615,805,806.00,481.00,20.80,40.50,1,-1,-1,-1
615,807,262.00,492.00,25.40,58.10,1,-1,-1,-1
615,808,337.00,473.00,18.00,41.00,1,-1,-1,-1
615,814,315.00,471.00,20.40,43.70,1,-1,-1,-1
616,791,1273.00,533.00,33.90,93.30,1,-1,-1,-1
616,798,1838.00,605.00,77.20,203.40,1,-1,-1,-1
616,803,263.00,531.00,49.70,114.90,1,-1,-1,-1
616,805,804.00,480.00,20.80,46.50,1,-1,-1,-1
616,807,257.00,488.00,24.20,61.30,1,-1,-1,-1
616,808,337.00,470.00,18.90,44.30,1,-1,-1,-1
616,814,312.00,470.00,23.10,47.20,1,-1,-1,-1
617,791,1273.00,530.00,34.60,96.70,1,-1,-1,-1
617,798,1841.00,594.00,67.70,211.60,1,-1,-1,-1
617,803,256.00,532.00,52.10,113.60,1,-1,-1,-1
617,805,804.00,481.00,20.30,44.40,1,-1,-1,-1
617,807,255.00,491.00,24.30,57.50,1,-1,-1,-1
617,808,336.00,469.00,21.10,48.60,1,-1,-1,-1
617,814,312.00,468.00,20.50,42.90,1,-1,-1,-1
618,791,1275.00,530.00,35.70,101.50,1,-1,-1,-1
618,798,1855.00,599.00,67.10,213.00,1,-1,-1,-1
618,803,250.00,526.00,52.20,116.90,1,-1,-1,-1
618,805,804.00,482.00,20.90,47.30,1,-1,-1,-1
618,807,251.00,486.00,27.10,64.90,1,-1,-1,-1
618,808,334.00,472.00,22.00,45.30,1,-1,-1,-1
618,814,310.00,471.00,21.60,42.50,1,-1,-1,-1
619,791,1280.00,532.00,31.50,94.60,1,-1,-1,-1
619,798,1859.00,605.00,64.00,205.90,1,-1,-1,-1
619,803,252.00,534.00,47.90,118.70,1,-1,-1,-1
619,805,804.00,478.00,21.40,50.30,1,-1,-1,-1
619,807,249.00,493.00,23.50,56.60,1,-1,-1,-1
619,808,333.00,475.00,21.10,44.00,1,-1,-1,-1
619,814,309.00,471.00,21.40,43.10,1,-1,-1,-1
620,791,1280.00,531.00,38.10,102.80,1,-1,-1,-1
620,798,1857.00,604.00,72.20,213.50,1,-1,-1,-1
620,803,246.00,535.00,52.00,112.20,1,-1,-1,-1
620,805,803.00,477.00,23.80,51.30,1,-1,-1,-1
620,807,248.00,490.00,26.40,62.30,1,-1,-1,-1
620,808,335.00,477.00,17.80,37.20,1,-1,-1,-1
620,814,305.00,470.00,21.30,43.60,1,-1,-1,-1
621,791,1282.00,528.00,36.70,105.80,1,-1,-1,-1
621,798,1865.00,605.00,62.50,226.50,1,-1,-1,-1
621,803,245.00,532.00,54.00,116.40,1,-1,-1,-1
621,805,803.00,480.00,22.70,45.70,1,-1,-1,-1
621,807,247.00,496.00,29.00,61.30,1,-1,-1,-1
621,808,333.00,474.00,19.10,43.20,1,-1,-1,-1
621,814,305.00,473.00,24.20,45.70,1,-1,-1,-1
622,791,1285.00,532.00,40.10,102.80,1,-1,-1,-1
622,798,1870.00,609.00,68.70,203.70,1,-1,-1,-1
622,803,245.00,536.00,50.20,118.20,1,-1,-1,-1
622,805,803.00,482.00,22.70,45.20,1,-1,-1,-1
622,807,244.00,494.00,27.60,63.40,1,-1,-1,-1
622,808,334.00,475.00,18.90,44.20,1,-1,-1,-1
623,791,1289.00,532.00,39.30,99.70,1,-1,-1,-1
623,798,1884.00,609.00,53.80,191.40,1,-1,-1,-1
623,803,240.00,535.00,51.40,128.60,1,-1,-1,-1
623,805,806.00,483.00,22.80,49.60,1,-1,-1,-1
623,807,241.00,492.00,29.40,70.50,1,-1,-1,-1
623,808,333.00,479.00,20.90,43.90,1,-1,-1,-1
623,816,304.00,478.00,20.40,42.00,1,-1,-1,-1
624,791,1296.00,534.00,38.60,102.40,1,-1,-1,-1
624,803,241.00,532.00,47.90,120.40,1,-1,-1,-1
624,805,805.00,488.00,21.50,41.50,1,-1,-1,-1
624,807,238.00,494.00,29.30,60.70,1,-1,-1,-1
624,808,333.00,474.00,22.70,47.80,1,-1,-1,-1
625,791,1299.00,534.00,37.30,107.00,1,-1,-1,-1
625,803,237.00,536.00,50.60,130.60,1,-1,-1,-1
625,805,809.00,489.00,20.10,42.40,1,-1,-1,-1
625,807,242.00,505.00,25.60,55.10,1,-1,-1,-1
625,808,336.00,482.00,16.80,41.10,1,-1,-1,-1
626,791,1301.00,531.00,41.20,110.70,1,-1,-1,-1
626,803,235.00,535.00,54.40,120.50,1,-1,-1,-1
626,805,810.00,485.00,20.70,39.00,1,-1,-1,-1
626,807,242.00,498.00,28.60,61.50,1,-1,-1,-1
626,808,336.00,478.00,19.90,45.90,1,-1,-1,-1
626,817,800.00,478.00,25.80,48.80,1,-1,-1,-1
626,818,820.00,487.00,23.60,42.60,1,-1,-1,-1
627,791,1313.00,533.00,39.40,104.20,1,-1,-1,-1
627,803,235.00,540.00,47.80,123.90,1,-1,-1,-1
627,805,811.00,486.00,22.30,37.80,1,-1,-1,-1
627,807,245.00,506.00,26.30,64.70,1,-1,-1,-1
627,808,338.00,483.00,19.00,42.90,1,-1,-1,-1
628,791,1319.00,536.00,43.60,109.30,1,-1,-1,-1
628,803,233.00,540.00,52.90,119.40,1,-1,-1,-1
628,805,811.00,488.00,22.70,40.50,1,-1,-1,-1
628,807,243.00,508.00,23.20,54.50,1,-1,-1,-1
628,808,340.00,483.00,17.60,42.40,1,-1,-1,-1
629,791,1323.00,532.00,41.50,107.60,1,-1,-1,-1
629,803,235.00,546.00,53.20,125.30,1,-1,-1,-1
629,805,809.00,484.00,24.60,43.40,1,-1,-1,-1
629,807,245.00,507.00,25.00,63.10,1,-1,-1,-1
629,808,341.00,492.00,16.90,40.10,1,-1,-1,-1
630,791,1329.00,530.00,42.30,106.10,1,-1,-1,-1
630,803,242.00,557.00,47.70,110.80,1,-1,-1,-1
630,805,815.00,480.00,24.20,45.30,1,-1,-1,-1
630,807,251.00,513.00,24.40,55.90,1,-1,-1,-1
630,808,344.00,484.00,19.60,45.30,1,-1,-1,-1
631,791,1340.00,535.00,38.30,111.10,1,-1,-1,-1
631,803,237.00,549.00,55.80,120.50,1,-1,-1,-1
631,805,821.00,485.00,21.30,41.40,1,-1,-1,-1
631,807,249.00,505.00,25.00,62.70,1,-1,-1,-1
631,808,346.00,490.00,17.80,40.30,1,-1,-1,-1
632,791,1347.00,539.00,38.90,109.70,1,-1,-1,-1
632,803,237.00,550.00,57.40,119.60,1,-1,-1,-1
632,805,822.00,480.00,23.90,45.30,1,-1,-1,-1
632,807,249.00,508.00,27.60,69.60,1,-1,-1,-1
632,808,351.00,489.00,16.40,41.80,1,-1,-1,-1
633,791,1355.00,534.00,42.00,111.40,1,-1,-1,-1
633,803,238.00,558.00,50.90,116.80,1,-1,-1,-1
633,805,830.00,483.00,21.40,38.70,1,-1,-1,-1
633,807,248.00,507.00,26.60,66.40,1,-1,-1,-1
633,808,351.00,490.00,20.50,41.60,1,-1,-1,-1
634,791,1362.00,538.00,44.90,113.40,1,-1,-1,-1
634,803,250.00,560.00,43.50,122.30,1,-1,-1,-1
634,805,829.00,481.00,22.40,44.50,1,-1,-1,-1
634,807,253.00,515.00,26.20,62.30,1,-1,-1,-1
634,808,352.00,494.00,20.70,41.70,1,-1,-1,-1
635,791,1364.00,529.00,46.40,123.00,1,-1,-1,-1
635,803,245.00,551.00,53.50,120.00,1,-1,-1,-1
635,805,837.00,484.00,22.70,42.00,1,-1,-1,-1
635,807,251.00,512.00,31.10,62.30,1,-1,-1,-1
635,808,357.00,488.00,19.80,46.00,1,-1,-1,-1
635,819,328.00,493.00,19.20,42.30,1,-1,-1,-1
636,791,1383.00,538.00,44.20,116.90,1,-1,-1,-1
636,803,244.00,560.00,56.80,113.40,1,-1,-1,-1
636,805,842.00,489.00,21.80,41.40,1,-1,-1,-1
636,807,257.00,514.00,26.40,62.70,1,-1,-1,-1
636,808,360.00,496.00,18.20,41.40,1,-1,-1,-1
637,791,1387.00,544.00,47.10,117.60,1,-1,-1,-1
637,803,249.00,556.00,53.60,121.00,1,-1,-1,-1
637,805,844.00,488.00,21.60,41.40,1,-1,-1,-1
637,807,258.00,519.00,26.90,62.90,1,-1,-1,-1
637,808,361.00,491.00,19.50,46.90,1,-1,-1,-1
638,791,1398.00,542.00,48.80,121.40,1,-1,-1,-1
638,803,249.00,554.00,52.10,132.70,1,-1,-1,-1
638,805,847.00,490.00,23.40,47.30,1,-1,-1,-1
638,807,260.00,522.00,23.70,59.70,1,-1,-1,-1
638,808,365.00,497.00,21.60,46.50,1,-1,-1,-1
639,791,1409.00,545.00,44.60,126.90,1,-1,-1,-1
639,803,250.00,563.00,54.40,122.00,1,-1,-1,-1
639,807,261.00,523.00,25.20,57.10,1,-1,-1,-1
639,808,369.00,494.00,18.00,45.40,1,-1,-1,-1
639,820,337.00,494.00,22.50,49.90,1,-1,-1,-1
640,791,1415.00,548.00,48.50,117.50,1,-1,-1,-1
640,803,250.00,557.00,56.60,126.80,1,-1,-1,-1
640,807,262.00,523.00,26.90,63.60,1,-1,-1,-1
640,808,371.00,496.00,18.10,47.30,1,-1,-1,-1
641,791,1423.00,554.00,47.50,120.90,1,-1,-1,-1
641,803,253.00,563.00,51.50,134.30,1,-1,-1,-1
641,807,265.00,526.00,23.50,61.40,1,-1,-1,-1
641,808,375.00,495.00,16.50,46.40,1,-1,-1,-1
642,791,1434.00,555.00,50.60,121.80,1,-1,-1,-1
642,803,258.00,572.00,53.50,124.80,1,-1,-1,-1
642,807,266.00,522.00,26.30,64.20,1,-1,-1,-1
642,808,380.00,497.00,20.00,46.90,1,-1,-1,-1
642,821,347.00,500.00,24.20,49.20,1,-1,-1,-1
643,791,1450.00,559.00,44.60,122.60,1,-1,-1,-1
643,803,258.00,567.00,50.50,124.00,1,-1,-1,-1
643,807,273.00,521.00,25.60,59.30,1,-1,-1,-1
643,808,386.00,500.00,16.30,40.80,1,-1,-1,-1
644,791,1461.00,567.00,45.70,117.10,1,-1,-1,-1
644,803,265.00,570.00,51.70,122.10,1,-1,-1,-1
644,807,276.00,519.00,26.20,63.20,1,-1,-1,-1
644,808,389.00,498.00,17.80,41.20,1,-1,-1,-1
644,822,363.00,506.00,20.30,40.70,1,-1,-1,-1
645,791,1472.00,556.00,40.90,129.80,1,-1,-1,-1
645,803,267.00,566.00,50.00,126.50,1,-1,-1,-1
645,807,279.00,523.00,25.80,61.00,1,-1,-1,-1
645,808,393.00,499.00,16.10,40.80,1,-1,-1,-1
645,822,361.00,499.00,24.50,46.50,1,-1,-1,-1
646,791,1482.00,570.00,48.60,112.00,1,-1,-1,-1
646,803,270.00,569.00,48.40,125.70,1,-1,-1,-1
646,807,279.00,527.00,26.40,60.70,1,-1,-1,-1
646,808,400.00,504.00,15.20,40.10,1,-1,-1,-1
647,791,1497.00,573.00,49.40,122.00,1,-1,-1,-1
647,803,275.00,572.00,49.00,132.40,1,-1,-1,-1
647,807,285.00,524.00,25.60,61.30,1,-1,-1,-1
647,808,402.00,499.00,18.00,40.40,1,-1,-1,-1
647,823,376.00,507.00,21.80,42.30,1,-1,-1,-1
648,791,1512.00,564.00,52.30,136.50,1,-1,-1,-1
648,803,276.00,564.00,54.00,139.00,1,-1,-1,-1
648,807,288.00,524.00,26.90,60.60,1,-1,-1,-1
648,808,409.00,503.00,17.90,44.20,1,-1,-1,-1
648,824,903.00,497.00,25.50,57.20,1,-1,-1,-1
649,791,1526.00,574.00,50.40,128.30,1,-1,-1,-1
649,803,281.00,563.00,53.30,128.20,1,-1,-1,-1
649,807,291.00,516.00,27.10,67.10,1,-1,-1,-1
649,808,415.00,498.00,17.80,43.60,1,-1,-1,-1
649,824,909.00,496.00,21.90,51.20,1,-1,-1,-1
649,825,385.00,500.00,21.20,48.90,1,-1,-1,-1
649,826,1501.00,565.00,88.10,224.40,1,-1,-1,-1
650,791,1531.00,567.00,50.80,129.90,1,-1,-1,-1
650,803,288.00,570.00,46.40,122.10,1,-1,-1,-1
650,807,294.00,521.00,27.90,70.50,1,-1,-1,-1
650,808,421.00,498.00,17.80,47.70,1,-1,-1,-1
650,824,919.00,491.00,22.00,57.20,1,-1,-1,-1
650,825,386.00,499.00,23.70,46.70,1,-1,-1,-1
651,791,1549.00,561.00,56.70,147.90,1,-1,-1,-1
651,803,290.00,570.00,52.00,130.10,1,-1,-1,-1
651,807,298.00,529.00,29.40,66.70,1,-1,-1,-1
651,808,424.00,501.00,17.40,46.50,1,-1,-1,-1
651,824,929.00,495.00,22.60,59.70,1,-1,-1,-1
652,791,1565.00,568.00,42.50,124.60,1,-1,-1,-1
652,803,301.00,556.00,48.20,130.90,1,-1,-1,-1
652,807,302.00,515.00,28.30,66.70,1,-1,-1,-1
652,824,934.00,494.00,21.70,53.40,1,-1,-1,-1
652,827,435.00,490.00,15.90,42.20,1,-1,-1,-1
652,828,579.00,457.00,30.00,77.10,1,-1,-1,-1
653,791,1582.00,561.00,46.70,142.80,1,-1,-1,-1
653,803,306.00,558.00,45.00,131.40,1,-1,-1,-1
653,807,309.00,513.00,29.00,71.70,1,-1,-1,-1
653,824,942.00,488.00,22.80,62.40,1,-1,-1,-1
653,827,438.00,490.00,18.60,47.10,1,-1,-1,-1
653,829,405.00,491.00,22.20,47.40,1,-1,-1,-1
654,791,1597.00,556.00,50.40,137.40,1,-1,-1,-1
654,803,306.00,565.00,51.10,132.20,1,-1,-1,-1
654,807,316.00,522.00,30.50,71.00,1,-1,-1,-1
654,824,949.00,486.00,21.70,54.50,1,-1,-1,-1
654,829,412.00,496.00,25.50,46.40,1,-1,-1,-1
654,830,448.00,494.00,16.80,41.70,1,-1,-1,-1
655,791,1614.00,565.00,50.80,128.80,1,-1,-1,-1
655,803,321.00,568.00,49.20,122.50,1,-1,-1,-1
655,807,319.00,512.00,31.60,74.90,1,-1,-1,-1
655,824,956.00,487.00,22.70,56.20,1,-1,-1,-1
655,829,419.00,491.00,21.80,47.80,1,-1,-1,-1
655,830,451.00,491.00,17.40,45.90,1,-1,-1,-1
655,831,1297.00,521.00,52.70,121.60,1,-1,-1,-1
655,832,1590.00,530.00,74.50,207.40,1,-1,-1,-1
656,791,1635.00,556.00,44.60,136.40,1,-1,-1,-1
656,803,326.00,576.00,50.70,129.10,1,-1,-1,-1
656,807,324.00,524.00,31.10,75.30,1,-1,-1,-1
656,824,966.00,488.00,23.90,62.60,1,-1,-1,-1
656,829,426.00,499.00,23.50,47.50,1,-1,-1,-1
656,830,453.00,500.00,16.40,43.40,1,-1,-1,-1
656,833,462.00,496.00,16.30,43.40,1,-1,-1,-1
657,803,333.00,579.00,57.00,126.40,1,-1,-1,-1
657,807,332.00,528.00,27.90,75.30,1,-1,-1,-1
657,829,435.00,500.00,25.60,47.60,1,-1,-1,-1
657,834,1664.00,567.00,46.20,138.70,1,-1,-1,-1
657,835,979.00,491.00,22.70,59.70,1,-1,-1,-1
657,836,472.00,501.00,15.70,43.00,1,-1,-1,-1
657,837,1645.00,569.00,106.90,228.30,1,-1,-1,-1
658,803,344.00,582.00,49.70,129.90,1,-1,-1,-1
658,807,338.00,526.00,30.20,74.40,1,-1,-1,-1
658,829,443.00,502.00,24.40,47.70,1,-1,-1,-1
658,834,1672.00,564.00,57.70,148.90,1,-1,-1,-1
658,835,984.00,491.00,23.10,63.10,1,-1,-1,-1
658,836,480.00,502.00,16.60,42.30,1,-1,-1,-1
659,803,343.00,600.00,56.20,124.10,1,-1,-1,-1
659,807,347.00,545.00,29.20,69.20,1,-1,-1,-1
659,834,1671.00,581.00,56.70,168.20,1,-1,-1,-1
659,838,1697.00,585.00,53.40,146.60,1,-1,-1,-1
659,839,994.00,507.00,23.50,63.80,1,-1,-1,-1
659,840,488.00,516.00,16.50,43.50,1,-1,-1,-1
659,841,453.00,519.00,20.40,44.60,1,-1,-1,-1
659,842,468.00,522.00,16.90,42.10,1,-1,-1,-1
660,803,354.00,594.00,53.00,129.70,1,-1,-1,-1
660,807,349.00,534.00,30.00,72.80,1,-1,-1,-1
660,838,1713.00,590.00,51.60,156.90,1,-1,-1,-1
660,839,999.00,505.00,22.80,65.10,1,-1,-1,-1
660,840,488.00,516.00,16.80,43.00,1,-1,-1,-1
660,841,456.00,514.00,22.20,47.70,1,-1,-1,-1
660,842,468.00,523.00,18.80,44.30,1,-1,-1,-1
660,843,1729.00,589.00,82.10,218.70,1,-1,-1,-1
661,803,363.00,597.00,53.70,131.00,1,-1,-1,-1
661,807,349.00,535.00,32.20,76.90,1,-1,-1,-1
661,838,1731.00,594.00,60.30,155.80,1,-1,-1,-1
661,839,1004.00,503.00,25.20,66.90,1,-1,-1,-1
661,840,495.00,510.00,19.00,48.70,1,-1,-1,-1
661,841,463.00,514.00,22.10,46.00,1,-1,-1,-1
661,842,478.00,521.00,16.20,42.60,1,-1,-1,-1
661,843,1732.00,588.00,104.20,241.10,1,-1,-1,-1
662,803,376.00,598.00,48.80,123.20,1,-1,-1,-1
662,807,356.00,536.00,32.20,75.90,1,-1,-1,-1
662,838,1754.00,598.00,53.60,147.80,1,-1,-1,-1
662,839,1015.00,508.00,23.30,64.70,1,-1,-1,-1
662,840,504.00,513.00,16.00,42.30,1,-1,-1,-1
662,841,467.00,512.00,22.70,46.40,1,-1,-1,-1
663,803,382.00,593.00,51.10,123.10,1,-1,-1,-1
663,807,363.00,539.00,28.50,68.80,1,-1,-1,-1
663,838,1768.00,607.00,57.70,155.20,1,-1,-1,-1
663,839,1022.00,506.00,25.00,66.30,1,-1,-1,-1
663,840,508.00,516.00,16.50,40.70,1,-1,-1,-1
663,841,472.00,508.00,24.70,50.60,1,-1,-1,-1
664,803,389.00,592.00,50.00,124.00,1,-1,-1,-1
664,807,366.00,530.00,30.40,72.00,1,-1,-1,-1
664,838,1790.00,625.00,52.90,139.20,1,-1,-1,-1
664,839,1031.00,511.00,23.30,59.50,1,-1,-1,-1
664,841,479.00,504.00,22.80,49.30,1,-1,-1,-1
664,844,517.00,509.00,16.80,42.20,1,-1,-1,-1
664,845,495.00,516.00,17.10,40.30,1,-1,-1,-1
665,803,389.00,592.00,57.40,138.60,1,-1,-1,-1
665,807,370.00,532.00,31.60,73.90,1,-1,-1,-1
665,838,1814.00,624.00,52.00,146.00,1,-1,-1,-1
665,839,1040.00,510.00,23.70,62.10,1,-1,-1,-1
665,841,489.00,504.00,23.20,46.90,1,-1,-1,-1
665,844,519.00,511.00,16.80,43.90,1,-1,-1,-1
665,846,506.00,516.00,17.00,39.10,1,-1,-1,-1
666,803,400.00,591.00,65.50,128.10,1,-1,-1,-1
666,807,377.00,522.00,28.30,83.90,1,-1,-1,-1
666,838,1835.00,637.00,50.70,144.70,1,-1,-1,-1
666,839,1047.00,509.00,24.90,64.80,1,-1,-1,-1
666,841,496.00,504.00,21.00,44.60,1,-1,-1,-1
666,846,509.00,510.00,17.50,43.30,1,-1,-1,-1
666,847,529.00,506.00,15.70,41.10,1,-1,-1,-1
667,803,404.00,591.00,70.40,127.20,1,-1,-1,-1
667,807,382.00,526.00,32.50,76.80,1,-1,-1,-1
667,838,1855.00,633.00,52.10,142.80,1,-1,-1,-1
667,839,1054.00,511.00,24.20,56.70,1,-1,-1,-1
667,841,502.00,502.00,21.30,47.20,1,-1,-1,-1
667,846,516.00,506.00,18.80,47.00,1,-1,-1,-1
667,847,537.00,507.00,16.20,41.20,1,-1,-1,-1
668,803,403.00,585.00,77.30,133.60,1,-1,-1,-1
668,807,388.00,518.00,29.30,87.70,1,-1,-1,-1
668,838,1873.00,640.00,54.00,162.00,1,-1,-1,-1
668,839,1063.00,507.00,24.10,65.30,1,-1,-1,-1
668,841,509.00,505.00,20.80,44.30,1,-1,-1,-1
668,846,523.00,505.00,17.70,42.60,1,-1,-1,-1
668,847,543.00,501.00,17.30,44.90,1,-1,-1,-1
669,803,421.00,587.00,79.50,134.50,1,-1,-1,-1
669,807,392.00,524.00,30.30,75.10,1,-1,-1,-1
669,838,1887.00,656.00,37.20,131.40,1,-1,-1,-1
669,839,1072.00,503.00,25.60,69.20,1,-1,-1,-1
669,841,513.00,495.00,24.90,48.20,1,-1,-1,-1
669,847,550.00,496.00,17.00,47.00,1,-1,-1,-1
669,848,533.00,506.00,16.70,38.30,1,-1,-1,-1
670,803,428.00,583.00,87.70,136.20,1,-1,-1,-1
670,807,395.00,515.00,34.90,83.80,1,-1,-1,-1
670,839,1082.00,507.00,21.80,61.10,1,-1,-1,-1
670,841,522.00,495.00,22.80,48.10,1,-1,-1,-1
670,848,538.00,499.00,17.60,45.50,1,-1,-1,-1
670,849,559.00,502.00,14.70,38.10,1,-1,-1,-1
670,850,559.00,493.00,21.20,54.00,1,-1,-1,-1
671,803,436.00,579.00,86.70,140.30,1,-1,-1,-1
671,807,404.00,509.00,32.50,86.60,1,-1,-1,-1
671,839,1087.00,501.00,26.00,68.90,1,-1,-1,-1
671,841,529.00,493.00,22.00,47.40,1,-1,-1,-1
671,848,545.00,498.00,18.80,46.50,1,-1,-1,-1
671,849,563.00,493.00,17.30,44.80,1,-1,-1,-1
672,803,452.00,578.00,77.60,142.40,1,-1,-1,-1
672,807,407.00,510.00,33.30,85.50,1,-1,-1,-1
672,839,1094.00,505.00,24.80,60.70,1,-1,-1,-1
672,841,534.00,492.00,20.80,45.20,1,-1,-1,-1
672,848,547.00,493.00,19.10,46.10,1,-1,-1,-1
672,849,565.00,495.00,19.00,46.30,1,-1,-1,-1
672,851,573.00,491.00,16.40,42.00,1,-1,-1,-1
673,803,468.00,584.00,79.10,135.10,1,-1,-1,-1
673,807,414.00,505.00,35.00,84.00,1,-1,-1,-1
673,839,1106.00,506.00,24.30,62.00,1,-1,-1,-1
673,841,539.00,485.00,25.10,51.00,1,-1,-1,-1
673,849,560.00,496.00,16.40,41.60,1,-1,-1,-1
673,851,577.00,492.00,16.50,43.00,1,-1,-1,-1
674,803,489.00,566.00,69.60,134.30,1,-1,-1,-1
674,807,420.00,501.00,32.30,82.60,1,-1,-1,-1
674,839,1113.00,496.00,25.80,65.90,1,-1,-1,-1
674,841,552.00,482.00,23.50,50.60,1,-1,-1,-1
674,849,567.00,494.00,17.70,41.10,1,-1,-1,-1
674,852,586.00,488.00,16.60,42.10,1,-1,-1,-1
675,803,500.00,570.00,78.60,130.70,1,-1,-1,-1
675,807,424.00,495.00,36.40,88.10,1,-1,-1,-1
675,839,1120.00,494.00,26.70,65.90,1,-1,-1,-1
675,841,556.00,477.00,24.00,47.90,1,-1,-1,-1
675,849,572.00,485.00,18.00,42.70,1,-1,-1,-1
675,852,589.00,483.00,18.10,42.70,1,-1,-1,-1
676,803,511.00,580.00,76.10,124.50,1,-1,-1,-1
676,807,430.00,501.00,28.90,86.70,1,-1,-1,-1
676,839,1127.00,494.00,24.10,62.30,1,-1,-1,-1
676,841,563.00,481.00,21.90,48.60,1,-1,-1,-1
676,849,577.00,488.00,16.60,41.30,1,-1,-1,-1
676,852,596.00,485.00,16.70,42.90,1,-1,-1,-1
677,803,527.00,578.00,72.80,133.60,1,-1,-1,-1
677,807,436.00,487.00,35.10,99.30,1,-1,-1,-1
677,841,572.00,476.00,23.60,51.40,1,-1,-1,-1
677,852,589.00,485.00,19.10,44.40,1,-1,-1,-1
677,853,1139.00,495.00,25.50,68.70,1,-1,-1,-1
677,854,604.00,480.00,16.40,44.40,1,-1,-1,-1
678,803,541.00,578.00,68.00,130.10,1,-1,-1,-1
678,807,439.00,500.00,35.50,88.70,1,-1,-1,-1
678,841,576.00,481.00,21.80,48.40,1,-1,-1,-1
678,852,592.00,488.00,15.60,41.30,1,-1,-1,-1
678,853,1150.00,495.00,26.70,71.50,1,-1,-1,-1
678,854,599.00,487.00,17.90,42.40,1,-1,-1,-1
678,855,610.00,484.00,17.90,42.20,1,-1,-1,-1
678,856,1822.00,439.00,41.80,105.70,1,-1,-1,-1
679,803,546.00,576.00,76.90,143.20,1,-1,-1,-1
679,807,447.00,509.00,36.50,88.50,1,-1,-1,-1
679,852,586.00,490.00,22.80,49.90,1,-1,-1,-1
679,853,1153.00,496.00,29.70,74.30,1,-1,-1,-1
679,854,603.00,499.00,17.40,42.80,1,-1,-1,-1
679,857,619.00,494.00,17.60,44.10,1,-1,-1,-1
680,803,564.00,571.00,77.10,148.60,1,-1,-1,-1
680,807,449.00,500.00,39.00,88.90,1,-1,-1,-1
680,852,592.00,484.00,23.40,52.60,1,-1,-1,-1
680,853,1165.00,507.00,25.80,69.60,1,-1,-1,-1
680,854,608.00,495.00,15.00,38.10,1,-1,-1,-1
680,857,625.00,492.00,16.60,44.00,1,-1,-1,-1
680,858,632.00,488.00,18.40,44.40,1,-1,-1,-1
681,803,581.00,595.00,65.20,157.10,1,-1,-1,-1
681,807,450.00,532.00,37.80,95.40,1,-1,-1,-1
681,852,592.00,509.00,23.90,54.00,1,-1,-1,-1
681,853,1170.00,523.00,26.80,63.80,1,-1,-1,-1
681,859,628.00,512.00,16.20,43.20,1,-1,-1,-1
681,860,608.00,515.00,17.70,44.20,1,-1,-1,-1
682,803,599.00,619.00,78.70,141.30,1,-1,-1,-1
682,807,456.00,554.00,36.60,91.50,1,-1,-1,-1
682,852,597.00,531.00,24.30,51.00,1,-1,-1,-1
682,853,1176.00,521.00,26.30,66.50,1,-1,-1,-1
682,861,633.00,531.00,18.10,46.10,1,-1,-1,-1
682,862,616.00,537.00,17.70,44.50,1,-1,-1,-1
683,803,614.00,596.00,67.40,138.20,1,-1,-1,-1
683,807,461.00,526.00,34.10,85.10,1,-1,-1,-1
683,853,1183.00,515.00,27.00,64.80,1,-1,-1,-1
683,863,636.00,501.00,18.80,48.00,1,-1,-1,-1
683,864,602.00,506.00,22.90,43.90,1,-1,-1,-1
683,865,620.00,512.00,18.00,43.80,1,-1,-1,-1
683,866,758.00,442.00,42.30,114.90,1,-1,-1,-1
684,803,630.00,586.00,62.80,139.70,1,-1,-1,-1
684,807,462.00,516.00,37.00,90.20,1,-1,-1,-1
684,853,1186.00,502.00,29.10,67.80,1,-1,-1,-1
684,863,633.00,497.00,19.00,45.90,1,-1,-1,-1
684,864,610.00,496.00,22.20,48.30,1,-1,-1,-1
684,867,643.00,491.00,16.90,46.40,1,-1,-1,-1
684,868,628.00,502.00,15.30,39.90,1,-1,-1,-1
684,869,653.00,487.00,20.40,51.30,1,-1,-1,-1
685,803,651.00,588.00,72.20,138.80,1,-1,-1,-1
685,807,470.00,520.00,31.60,81.60,1,-1,-1,-1
685,853,1195.00,487.00,27.80,75.60,1,-1,-1,-1
685,863,633.00,502.00,17.80,42.70,1,-1,-1,-1
685,864,615.00,492.00,22.00,46.90,1,-1,-1,-1
685,867,651.00,493.00,19.00,47.30,1,-1,-1,-1
686,803,656.00,575.00,70.90,139.40,1,-1,-1,-1
686,807,472.00,506.00,33.00,82.00,1,-1,-1,-1
686,853,1205.00,486.00,28.10,72.80,1,-1,-1,-1
686,863,635.00,491.00,17.80,43.00,1,-1,-1,-1
686,864,620.00,485.00,20.10,46.70,1,-1,-1,-1
686,867,655.00,483.00,19.20,50.50,1,-1,-1,-1
686,870,643.00,495.00,18.70,43.60,1,-1,-1,-1
687,803,663.00,569.00,83.90,152.00,1,-1,-1,-1
687,807,477.00,505.00,41.20,86.90,1,-1,-1,-1
687,853,1217.00,483.00,27.70,77.40,1,-1,-1,-1
687,863,630.00,482.00,22.30,47.20,1,-1,-1,-1
687,867,659.00,481.00,21.70,49.60,1,-1,-1,-1
687,870,646.00,490.00,16.60,42.50,1,-1,-1,-1
688,803,682.00,572.00,78.80,146.40,1,-1,-1,-1
688,807,482.00,505.00,37.80,90.90,1,-1,-1,-1
688,853,1222.00,482.00,26.40,73.10,1,-1,-1,-1
688,863,637.00,485.00,22.50,46.50,1,-1,-1,-1
688,867,667.00,479.00,19.50,53.90,1,-1,-1,-1
688,870,654.00,490.00,16.40,43.50,1,-1,-1,-1
689,803,687.00,558.00,86.00,161.90,1,-1,-1,-1
689,807,487.00,503.00,38.20,91.60,1,-1,-1,-1
689,853,1232.00,484.00,26.70,72.20,1,-1,-1,-1
689,863,639.00,480.00,22.80,47.30,1,-1,-1,-1
689,867,674.00,478.00,17.30,46.00,1,-1,-1,-1
689,870,659.00,485.00,16.50,43.50,1,-1,-1,-1
690,803,698.00,563.00,96.90,156.40,1,-1,-1,-1
690,807,494.00,500.00,36.10,91.90,1,-1,-1,-1
690,853,1243.00,490.00,26.90,72.10,1,-1,-1,-1
690,863,646.00,475.00,23.50,48.00,1,-1,-1,-1
690,867,666.00,483.00,19.10,45.40,1,-1,-1,-1
690,871,682.00,476.00,17.80,47.20,1,-1,-1,-1
691,803,714.00,560.00,95.10,151.40,1,-1,-1,-1
691,807,499.00,494.00,38.60,96.90,1,-1,-1,-1
691,853,1249.00,482.00,29.20,78.80,1,-1,-1,-1
691,863,650.00,475.00,23.50,52.60,1,-1,-1,-1
691,867,666.00,483.00,19.10,45.30,1,-1,-1,-1
691,871,684.00,473.00,18.60,54.60,1,-1,-1,-1
691,872,697.00,479.00,17.60,40.80,1,-1,-1,-1
692,803,743.00,568.00,77.10,156.80,1,-1,-1,-1
692,807,503.00,500.00,36.50,85.80,1,-1,-1,-1
692,853,1255.00,491.00,28.10,74.30,1,-1,-1,-1
692,863,660.00,474.00,23.90,52.50,1,-1,-1,-1
692,871,692.00,470.00,20.10,54.90,1,-1,-1,-1
692,873,678.00,483.00,15.30,41.50,1,-1,-1,-1
693,803,762.00,579.00,67.00,146.60,1,-1,-1,-1
693,807,511.00,495.00,36.40,95.30,1,-1,-1,-1
693,853,1266.00,493.00,25.80,69.20,1,-1,-1,-1
693,863,666.00,472.00,23.20,49.70,1,-1,-1,-1
693,871,698.00,474.00,18.20,50.50,1,-1,-1,-1
693,873,685.00,481.00,16.90,45.90,1,-1,-1,-1
694,803,777.00,583.00,80.50,154.40,1,-1,-1,-1
694,807,512.00,504.00,38.00,87.20,1,-1,-1,-1
694,853,1272.00,496.00,29.00,76.50,1,-1,-1,-1
694,863,671.00,478.00,21.90,50.20,1,-1,-1,-1
694,871,705.00,480.00,20.20,47.80,1,-1,-1,-1
694,873,687.00,481.00,17.10,47.80,1,-1,-1,-1
695,803,793.00,577.00,68.20,152.50,1,-1,-1,-1
695,807,514.00,502.00,41.50,89.50,1,-1,-1,-1
695,853,1281.00,502.00,25.60,67.50,1,-1,-1,-1
695,863,680.00,484.00,19.90,43.80,1,-1,-1,-1
695,871,709.00,477.00,21.30,53.50,1,-1,-1,-1
695,873,694.00,485.00,18.30,46.50,1,-1,-1,-1
696,803,808.00,587.00,79.60,148.90,1,-1,-1,-1
696,807,520.00,497.00,41.10,96.00,1,-1,-1,-1
696,853,1291.00,508.00,27.90,67.20,1,-1,-1,-1
696,863,686.00,482.00,20.00,45.20,1,-1,-1,-1
696,871,709.00,483.00,19.50,47.20,1,-1,-1,-1
696,873,701.00,487.00,16.60,41.20,1,-1,-1,-1
696,874,720.00,475.00,19.80,54.80,1,-1,-1,-1
697,803,815.00,587.00,90.10,144.10,1,-1,-1,-1
697,807,525.00,500.00,43.50,93.30,1,-1,-1,-1
697,853,1298.00,510.00,27.10,70.10,1,-1,-1,-1
697,863,687.00,477.00,23.50,51.80,1,-1,-1,-1
697,871,705.00,484.00,16.60,44.50,1,-1,-1,-1
697,874,722.00,481.00,19.50,50.90,1,-1,-1,-1
698,803,827.00,591.00,105.40,145.30,1,-1,-1,-1
698,807,530.00,499.00,41.10,99.20,1,-1,-1,-1
698,853,1306.00,515.00,24.80,64.40,1,-1,-1,-1
698,863,694.00,482.00,21.40,46.50,1,-1,-1,-1
698,871,712.00,485.00,18.20,48.20,1,-1,-1,-1
698,874,727.00,476.00,20.80,57.60,1,-1,-1,-1
699,803,844.00,588.00,104.50,150.70,1,-1,-1,-1
699,807,530.00,501.00,44.00,94.70,1,-1,-1,-1
699,853,1312.00,520.00,26.40,64.10,1,-1,-1,-1
699,863,699.00,484.00,20.50,48.40,1,-1,-1,-1
699,871,717.00,485.00,18.20,48.10,1,-1,-1,-1
699,874,733.00,479.00,20.20,52.30,1,-1,-1,-1
700,803,864.00,592.00,97.70,151.40,1,-1,-1,-1
700,807,541.00,499.00,38.40,101.50,1,-1,-1,-1
700,853,1323.00,519.00,24.10,62.90,1,-1,-1,-1
700,863,704.00,485.00,21.90,48.10,1,-1,-1,-1
700,871,724.00,487.00,18.00,49.70,1,-1,-1,-1
700,874,739.00,479.00,21.00,55.40,1,-1,-1,-1
701,803,894.00,594.00,83.90,152.30,1,-1,-1,-1
701,807,538.00,498.00,44.40,106.20,1,-1,-1,-1
701,853,1331.00,523.00,25.60,63.00,1,-1,-1,-1
701,863,711.00,482.00,22.30,50.60,1,-1,-1,-1
701,871,729.00,490.00,18.40,43.20,1,-1,-1,-1
701,874,742.00,481.00,20.00,54.40,1,-1,-1,-1
702,803,909.00,600.00,88.70,152.50,1,-1,-1,-1
702,807,545.00,507.00,39.90,97.40,1,-1,-1,-1
702,853,1341.00,524.00,25.40,66.70,1,-1,-1,-1
702,863,716.00,480.00,22.30,50.90,1,-1,-1,-1
702,871,736.00,489.00,18.30,43.80,1,-1,-1,-1
702,874,747.00,484.00,23.70,52.40,1,-1,-1,-1
703,803,930.00,615.00,83.80,144.10,1,-1,-1,-1
703,807,548.00,496.00,45.20,102.50,1,-1,-1,-1
703,853,1347.00,523.00,26.00,71.70,1,-1,-1,-1
703,863,723.00,486.00,20.30,47.40,1,-1,-1,-1
703,871,735.00,486.00,20.00,51.20,1,-1,-1,-1
703,874,756.00,485.00,21.10,55.60,1,-1,-1,-1
704,803,941.00,616.00,92.40,156.80,1,-1,-1,-1
704,807,549.00,501.00,42.50,100.60,1,-1,-1,-1
704,853,1354.00,533.00,24.40,69.70,1,-1,-1,-1
704,863,725.00,488.00,23.60,50.70,1,-1,-1,-1
704,871,741.00,490.00,19.20,50.50,1,-1,-1,-1
704,874,759.00,485.00,22.10,57.00,1,-1,-1,-1
705,803,968.00,612.00,84.20,160.40,1,-1,-1,-1
705,807,552.00,507.00,45.40,96.10,1,-1,-1,-1
705,853,1357.00,533.00,27.80,66.20,1,-1,-1,-1
705,863,728.00,487.00,24.50,52.10,1,-1,-1,-1
705,871,748.00,491.00,17.90,48.90,1,-1,-1,-1
705,874,763.00,485.00,22.30,57.80,1,-1,-1,-1
706,803,977.00,613.00,90.70,169.70,1,-1,-1,-1
706,807,557.00,506.00,43.70,104.00,1,-1,-1,-1
706,853,1367.00,544.00,27.50,63.90,1,-1,-1,-1
706,863,736.00,490.00,22.10,49.40,1,-1,-1,-1
706,871,751.00,497.00,18.80,48.80,1,-1,-1,-1
706,874,769.00,485.00,20.60,56.00,1,-1,-1,-1
707,803,981.00,602.00,105.50,182.30,1,-1,-1,-1
707,807,557.00,510.00,44.80,101.10,1,-1,-1,-1
707,853,1372.00,538.00,27.00,67.80,1,-1,-1,-1
707,863,739.00,491.00,20.80,48.10,1,-1,-1,-1
707,871,755.00,499.00,19.10,49.30,1,-1,-1,-1
707,874,770.00,488.00,20.80,54.00,1,-1,-1,-1
708,803,993.00,609.00,112.50,183.20,1,-1,-1,-1
708,807,558.00,519.00,46.10,100.20,1,-1,-1,-1
708,853,1383.00,538.00,27.50,69.40,1,-1,-1,-1
708,863,739.00,492.00,23.70,55.80,1,-1,-1,-1
708,871,760.00,497.00,20.70,53.50,1,-1,-1,-1
708,874,774.00,495.00,20.30,55.20,1,-1,-1,-1
709,803,1023.00,615.00,100.70,176.50,1,-1,-1,-1
709,807,565.00,519.00,40.00,98.70,1,-1,-1,-1
709,853,1388.00,536.00,27.00,66.00,1,-1,-1,-1
709,863,746.00,499.00,20.70,51.20,1,-1,-1,-1
709,871,763.00,500.00,19.30,51.40,1,-1,-1,-1
709,874,778.00,492.00,22.00,59.00,1,-1,-1,-1
710,803,1036.00,624.00,106.20,187.70,1,-1,-1,-1
710,807,567.00,525.00,40.70,103.80,1,-1,-1,-1
710,853,1393.00,547.00,25.90,70.20,1,-1,-1,-1
710,863,749.00,502.00,21.90,52.70,1,-1,-1,-1
710,871,768.00,509.00,18.70,44.00,1,-1,-1,-1
710,874,786.00,498.00,22.00,57.10,1,-1,-1,-1
711,803,1052.00,617.00,111.20,178.70,1,-1,-1,-1
711,807,567.00,527.00,45.80,107.00,1,-1,-1,-1
711,853,1402.00,536.00,26.60,68.80,1,-1,-1,-1
711,863,753.00,501.00,23.00,54.70,1,-1,-1,-1
711,871,772.00,508.00,20.40,51.20,1,-1,-1,-1
711,874,789.00,502.00,22.20,58.70,1,-1,-1,-1
712,803,1085.00,633.00,94.70,188.60,1,-1,-1,-1
712,807,570.00,529.00,47.00,112.90,1,-1,-1,-1
712,853,1409.00,543.00,26.70,67.70,1,-1,-1,-1
712,863,756.00,505.00,24.30,55.70,1,-1,-1,-1
712,871,771.00,513.00,20.00,46.50,1,-1,-1,-1
712,874,791.00,502.00,21.30,59.80,1,-1,-1,-1
713,803,1101.00,630.00,97.30,175.80,1,-1,-1,-1
713,807,571.00,532.00,46.80,103.90,1,-1,-1,-1
713,853,1413.00,533.00,27.10,70.50,1,-1,-1,-1
713,863,757.00,502.00,22.80,54.70,1,-1,-1,-1
713,871,780.00,509.00,18.40,49.20,1,-1,-1,-1
713,874,793.00,501.00,20.90,55.50,1,-1,-1,-1
714,803,1122.00,645.00,103.20,177.80,1,-1,-1,-1
714,807,573.00,541.00,44.50,106.30,1,-1,-1,-1
714,853,1417.00,528.00,28.60,73.50,1,-1,-1,-1
714,863,763.00,514.00,20.80,48.50,1,-1,-1,-1
714,871,780.00,519.00,18.90,45.20,1,-1,-1,-1
714,874,800.00,510.00,22.70,59.60,1,-1,-1,-1
715,803,1140.00,640.00,102.40,174.80,1,-1,-1,-1
715,807,575.00,542.00,43.50,104.90,1,-1,-1,-1
715,853,1425.00,531.00,27.40,70.50,1,-1,-1,-1
715,863,762.00,508.00,26.10,57.20,1,-1,-1,-1
715,871,783.00,517.00,18.80,50.90,1,-1,-1,-1
715,874,798.00,506.00,25.90,63.20,1,-1,-1,-1
716,803,1151.00,631.00,109.20,183.70,1,-1,-1,-1
716,807,572.00,539.00,53.50,115.40,1,-1,-1,-1
716,853,1430.00,529.00,27.20,67.40,1,-1,-1,-1
716,863,765.00,510.00,24.70,55.60,1,-1,-1,-1
716,871,783.00,518.00,17.40,47.50,1,-1,-1,-1
716,874,800.00,507.00,21.50,57.60,1,-1,-1,-1
717,803,1174.00,628.00,105.00,186.60,1,-1,-1,-1
717,807,572.00,541.00,47.70,111.10,1,-1,-1,-1
717,853,1436.00,531.00,24.90,62.40,1,-1,-1,-1
717,863,768.00,514.00,25.40,54.00,1,-1,-1,-1
717,871,789.00,519.00,19.10,44.00,1,-1,-1,-1
717,874,807.00,505.00,23.70,64.90,1,-1,-1,-1
718,803,1195.00,633.00,109.00,189.50,1,-1,-1,-1
718,807,580.00,550.00,43.20,103.40,1,-1,-1,-1
718,853,1442.00,522.00,31.10,73.30,1,-1,-1,-1
718,863,772.00,511.00,24.40,57.50,1,-1,-1,-1
718,871,789.00,520.00,18.90,49.50,1,-1,-1,-1
718,874,809.00,512.00,24.00,61.20,1,-1,-1,-1
719,803,1206.00,636.00,125.50,189.70,1,-1,-1,-1
719,807,580.00,537.00,43.90,118.80,1,-1,-1,-1
719,853,1451.00,534.00,29.70,69.20,1,-1,-1,-1
719,863,780.00,512.00,23.50,54.50,1,-1,-1,-1
719,871,796.00,517.00,20.00,54.40,1,-1,-1,-1
719,874,812.00,507.00,26.60,68.00,1,-1,-1,-1
720,803,1222.00,634.00,138.80,193.10,1,-1,-1,-1
720,807,582.00,550.00,45.20,109.70,1,-1,-1,-1
720,853,1456.00,527.00,28.60,75.80,1,-1,-1,-1
720,863,779.00,517.00,23.10,55.80,1,-1,-1,-1
720,871,799.00,522.00,18.50,48.40,1,-1,-1,-1
720,874,813.00,511.00,25.90,64.20,1,-1,-1,-1
721,803,1260.00,634.00,98.00,203.90,1,-1,-1,-1
721,807,582.00,545.00,45.60,113.50,1,-1,-1,-1
721,853,1462.00,526.00,29.20,74.00,1,-1,-1,-1
721,863,781.00,514.00,23.20,59.30,1,-1,-1,-1
721,871,804.00,521.00,18.50,49.80,1,-1,-1,-1
721,874,819.00,514.00,22.60,59.50,1,-1,-1,-1
722,803,1290.00,656.00,89.30,190.70,1,-1,-1,-1
722,807,589.00,547.00,44.50,111.80,1,-1,-1,-1
722,853,1473.00,533.00,28.20,69.70,1,-1,-1,-1
722,863,787.00,514.00,24.50,54.80,1,-1,-1,-1
722,871,802.00,520.00,20.70,54.00,1,-1,-1,-1
722,874,822.00,510.00,22.80,62.70,1,-1,-1,-1
723,803,1311.00,658.00,104.20,202.10,1,-1,-1,-1
723,807,583.00,551.00,51.00,105.70,1,-1,-1,-1
723,853,1476.00,533.00,30.90,74.40,1,-1,-1,-1
723,863,789.00,516.00,23.80,54.70,1,-1,-1,-1
723,871,809.00,525.00,20.80,50.10,1,-1,-1,-1
723,874,829.00,511.00,24.60,61.80,1,-1,-1,-1
724,803,1345.00,674.00,90.20,193.00,1,-1,-1,-1
724,807,590.00,559.00,44.50,115.60,1,-1,-1,-1
724,853,1483.00,540.00,29.50,74.10,1,-1,-1,-1
724,863,792.00,526.00,22.70,52.50,1,-1,-1,-1
724,871,810.00,534.00,19.50,43.80,1,-1,-1,-1
724,874,831.00,521.00,23.80,64.90,1,-1,-1,-1
725,803,1359.00,662.00,112.40,200.20,1,-1,-1,-1
725,807,587.00,562.00,48.40,111.10,1,-1,-1,-1
725,853,1487.00,537.00,30.00,74.30,1,-1,-1,-1
725,863,798.00,524.00,25.10,58.30,1,-1,-1,-1
725,871,815.00,527.00,19.90,54.60,1,-1,-1,-1
725,874,834.00,522.00,25.00,64.60,1,-1,-1,-1
726,803,1378.00,682.00,113.40,194.90,1,-1,-1,-1
726,807,593.00,560.00,45.70,118.20,1,-1,-1,-1
726,853,1499.00,545.00,28.40,72.10,1,-1,-1,-1
726,863,802.00,521.00,22.60,56.80,1,-1,-1,-1
726,871,820.00,533.00,19.50,48.80,1,-1,-1,-1
726,874,838.00,519.00,22.30,60.20,1,-1,-1,-1
727,803,1393.00,681.00,125.40,202.90,1,-1,-1,-1
727,807,597.00,573.00,43.10,115.70,1,-1,-1,-1
727,853,1505.00,545.00,26.30,68.70,1,-1,-1,-1
727,863,803.00,532.00,24.50,53.70,1,-1,-1,-1
727,871,821.00,535.00,19.40,49.70,1,-1,-1,-1
727,874,838.00,525.00,24.50,64.30,1,-1,-1,-1
728,803,1410.00,695.00,125.90,185.10,1,-1,-1,-1
728,807,590.00,559.00,53.20,125.40,1,-1,-1,-1
728,853,1508.00,550.00,31.80,76.60,1,-1,-1,-1
728,863,806.00,527.00,25.70,60.40,1,-1,-1,-1
728,871,827.00,536.00,19.20,47.90,1,-1,-1,-1
728,874,841.00,527.00,25.00,59.90,1,-1,-1,-1
729,803,1443.00,678.00,124.20,212.50,1,-1,-1,-1
729,807,597.00,560.00,44.60,123.40,1,-1,-1,-1
729,853,1516.00,547.00,30.30,74.80,1,-1,-1,-1
729,863,809.00,530.00,22.50,53.70,1,-1,-1,-1
729,871,831.00,538.00,18.70,46.50,1,-1,-1,-1
729,874,847.00,528.00,23.70,62.00,1,-1,-1,-1
730,803,1479.00,707.00,119.50,190.80,1,-1,-1,-1
730,807,601.00,562.00,49.60,118.80,1,-1,-1,-1
730,853,1522.00,556.00,32.40,74.30,1,-1,-1,-1
730,863,814.00,532.00,24.20,57.30,1,-1,-1,-1
730,871,832.00,537.00,19.60,52.50,1,-1,-1,-1
730,874,852.00,530.00,23.10,62.80,1,-1,-1,-1
731,803,1505.00,707.00,117.20,212.50,1,-1,-1,-1
731,807,598.00,567.00,50.70,120.20,1,-1,-1,-1
731,853,1530.00,554.00,34.50,73.90,1,-1,-1,-1
731,863,816.00,526.00,23.10,57.40,1,-1,-1,-1
731,871,833.00,535.00,21.00,55.70,1,-1,-1,-1
731,874,854.00,528.00,25.50,63.10,1,-1,-1,-1
732,803,1546.00,712.00,107.40,226.80,1,-1,-1,-1
732,807,601.00,564.00,49.00,120.10,1,-1,-1,-1
732,853,1538.00,555.00,32.80,73.00,1,-1,-1,-1
732,863,818.00,527.00,26.90,61.40,1,-1,-1,-1
732,871,839.00,537.00,19.90,50.20,1,-1,-1,-1
732,874,854.00,524.00,25.00,66.00,1,-1,-1,-1
733,803,1568.00,711.00,104.30,241.90,1,-1,-1,-1
733,807,598.00,564.00,56.90,124.40,1,-1,-1,-1
733,853,1542.00,554.00,30.30,76.40,1,-1,-1,-1
733,863,819.00,529.00,27.20,57.40,1,-1,-1,-1
733,871,842.00,532.00,20.80,55.40,1,-1,-1,-1
733,874,860.00,525.00,24.30,66.40,1,-1,-1,-1
734,803,1600.00,698.00,109.90,235.50,1,-1,-1,-1
734,807,601.00,562.00,48.70,122.70,1,-1,-1,-1
734,853,1549.00,558.00,31.10,77.00,1,-1,-1,-1
734,863,826.00,525.00,26.50,59.00,1,-1,-1,-1
734,871,847.00,530.00,21.90,54.50,1,-1,-1,-1
734,874,867.00,518.00,23.50,67.70,1,-1,-1,-1
735,803,1605.00,703.00,147.20,237.80,1,-1,-1,-1
735,807,608.00,575.00,47.40,118.00,1,-1,-1,-1
735,853,1555.00,555.00,31.70,75.60,1,-1,-1,-1
735,863,824.00,523.00,28.10,62.20,1,-1,-1,-1
735,871,848.00,532.00,18.70,50.30,1,-1,-1,-1
735,874,863.00,520.00,24.90,70.80,1,-1,-1,-1
736,803,1637.00,706.00,139.30,248.30,1,-1,-1,-1
736,807,602.00,559.00,51.60,117.80,1,-1,-1,-1
736,853,1564.00,553.00,31.80,78.10,1,-1,-1,-1
736,863,831.00,522.00,26.90,60.60,1,-1,-1,-1
736,871,850.00,529.00,22.10,53.90,1,-1,-1,-1
736,874,866.00,519.00,26.70,68.60,1,-1,-1,-1
737,803,1670.00,700.00,129.70,255.90,1,-1,-1,-1
737,807,599.00,562.00,55.80,118.70,1,-1,-1,-1
737,853,1564.00,546.00,34.60,82.50,1,-1,-1,-1
737,863,836.00,523.00,24.50,53.60,1,-1,-1,-1
737,871,855.00,530.00,20.80,53.00,1,-1,-1,-1
737,874,868.00,519.00,27.00,67.70,1,-1,-1,-1
738,803,1689.00,712.00,144.10,253.30,1,-1,-1,-1
738,807,603.00,564.00,51.70,122.30,1,-1,-1,-1
738,853,1571.00,551.00,33.90,84.30,1,-1,-1,-1
738,863,837.00,526.00,20.90,52.20,1,-1,-1,-1
738,871,854.00,530.00,22.20,55.30,1,-1,-1,-1
738,874,872.00,519.00,27.20,69.00,1,-1,-1,-1
739,803,1727.00,703.00,148.00,286.60,1,-1,-1,-1
739,807,609.00,565.00,49.00,134.10,1,-1,-1,-1
739,853,1575.00,551.00,38.20,88.00,1,-1,-1,-1
739,863,837.00,526.00,23.90,55.00,1,-1,-1,-1
739,871,855.00,531.00,22.00,53.80,1,-1,-1,-1
739,874,874.00,524.00,26.00,66.80,1,-1,-1,-1
740,803,1738.00,718.00,153.90,255.60,1,-1,-1,-1
740,807,603.00,567.00,51.40,131.70,1,-1,-1,-1
740,853,1580.00,559.00,35.70,76.70,1,-1,-1,-1
740,863,838.00,527.00,25.60,60.30,1,-1,-1,-1
740,871,857.00,534.00,20.60,52.50,1,-1,-1,-1
740,874,875.00,522.00,26.40,65.50,1,-1,-1,-1
741,803,1788.00,742.00,147.60,255.30,1,-1,-1,-1
741,807,606.00,573.00,54.10,125.60,1,-1,-1,-1
741,853,1586.00,559.00,33.70,78.50,1,-1,-1,-1
741,863,839.00,526.00,26.60,61.20,1,-1,-1,-1
741,871,857.00,532.00,21.90,56.00,1,-1,-1,-1
741,874,879.00,525.00,22.60,63.80,1,-1,-1,-1
742,803,1827.00,735.00,127.90,282.90,1,-1,-1,-1
742,807,610.00,570.00,49.20,123.30,1,-1,-1,-1
742,853,1592.00,559.00,34.50,85.20,1,-1,-1,-1
742,863,842.00,527.00,25.40,60.90,1,-1,-1,-1
742,871,859.00,534.00,21.40,54.10,1,-1,-1,-1
742,874,878.00,525.00,26.50,66.10,1,-1,-1,-1
743,807,600.00,568.00,58.00,138.00,1,-1,-1,-1
743,853,1596.00,566.00,35.00,75.60,1,-1,-1,-1
743,863,843.00,530.00,23.60,54.80,1,-1,-1,-1
743,871,862.00,536.00,21.60,53.60,1,-1,-1,-1
743,874,881.00,526.00,23.00,64.00,1,-1,-1,-1
744,807,608.00,572.00,51.50,129.10,1,-1,-1,-1
744,853,1602.00,569.00,36.90,81.10,1,-1,-1,-1
744,863,843.00,530.00,25.40,62.60,1,-1,-1,-1
744,871,866.00,539.00,21.40,53.30,1,-1,-1,-1
744,874,882.00,525.00,26.00,69.00,1,-1,-1,-1
745,807,605.00,573.00,53.30,132.60,1,-1,-1,-1
745,853,1606.00,565.00,34.20,83.80,1,-1,-1,-1
745,863,843.00,528.00,24.70,65.30,1,-1,-1,-1
745,871,863.00,541.00,21.40,54.80,1,-1,-1,-1
745,874,880.00,527.00,24.90,64.80,1,-1,-1,-1
746,807,609.00,565.00,47.50,147.50,1,-1,-1,-1
746,853,1609.00,569.00,34.30,84.50,1,-1,-1,-1
746,863,845.00,528.00,24.80,63.90,1,-1,-1,-1
746,871,864.00,541.00,21.30,53.20,1,-1,-1,-1
746,874,879.00,526.00,26.00,65.30,1,-1,-1,-1
747,807,604.00,576.00,49.20,140.70,1,-1,-1,-1
747,853,1614.00,566.00,37.40,87.40,1,-1,-1,-1
747,863,846.00,532.00,24.90,61.40,1,-1,-1,-1
747,871,865.00,543.00,22.00,53.90,1,-1,-1,-1
747,874,882.00,529.00,24.90,63.30,1,-1,-1,-1
748,807,602.00,568.00,53.70,148.90,1,-1,-1,-1
748,853,1620.00,573.00,34.20,80.80,1,-1,-1,-1
748,863,845.00,531.00,26.60,62.00,1,-1,-1,-1
748,871,868.00,541.00,19.80,51.10,1,-1,-1,-1
748,874,884.00,530.00,23.60,62.50,1,-1,-1,-1
749,807,600.00,571.00,51.30,149.10,1,-1,-1,-1
749,853,1625.00,567.00,31.90,80.70,1,-1,-1,-1
749,863,847.00,531.00,25.40,58.70,1,-1,-1,-1
749,871,867.00,540.00,20.00,52.30,1,-1,-1,-1
749,874,883.00,526.00,27.70,65.80,1,-1,-1,-1
750,807,603.00,570.00,50.70,154.00,1,-1,-1,-1
750,853,1631.00,565.00,37.10,90.70,1,-1,-1,-1
750,863,849.00,535.00,25.90,58.90,1,-1,-1,-1
750,871,871.00,538.00,19.20,50.20,1,-1,-1,-1
750,874,884.00,528.00,24.80,61.10,1,-1,-1,-1
